instrument_token,name,symbol
366593,SDL AP 6.68% 2035,668AP35A-SG
1964545,,IIFLHF29-NE
2744321,SDL TN 7.6% 2032,76TN32-SG
963329,SDL RJ 7.07% 2046,707RJ46-SG
467457,KAMAT HOTELS (I),KAMATHOTEL
649985,SDL HR 7.02% 2029,702HR29-SG
2897665,LICNAMC - LICNFENGP,LICNETFN50
1303297,SDL TN 7.24% 2051,724TN51-SG
2831361,KSOLVES INDIA,KSOLVES
220417,SDL KA 6.48% 2031,648KA31-SG
951041,VLS FINANCE,VLSFINANCE
155905,SDL ML 6.65% 2030,665ML30-SG
193793,CRISIL,CRISIL
2502913,SDL GJ 7.8% 2032,78GJ32-SG
2610177,SDL GJ 7.82% 2032,782GJ32-SG
1908993,SRI HAVISHA HOSP & INFR L,HAVISHA
1423105,SDL MZ 7.0% 2034,70MZ34-SG
2690049,MOTILALAMC - MOHEALTH,MOHEALTH
1763073,SDL KA 6.87% 2031,687KA31-SG
1025793,CORAL INDIA FIN & HOUS LT,CORALFINAC
417289,NSE INDEX BHARATBOND-APR31,BHARATBOND-APR31
2889473,UPL,UPL
859393,SUPER SPINNING MILLS,SUPERSPIN
326145,VASA RETAIL & OVERSEA,VASA-SM
2710529,SHRE PUSH CHEM & FERT,SHREEPUSHK
2927361,SPANDANA SPHOORTY FIN,SPANDANA
923649,AXISAMC - AXISHCETF,AXISHCETF
3154177,SDL TS 7.63% 2043,763TS43-SG
401921,GMM PFAUDLER,GMMPFAUDLR
1865473,JTL INDUSTRIES,JTLIND
540673,MARAL OVERSEAS,MARALOVER
2891009,UNIPHOS ENTERPRISES,UNIENTER
1520129,MONTE CARLO FASHIONS,MONTECARLO
1922817,SDL PY 6.96% 2030,696PY30-SG
408833,INGERSOLL-RAND INDIA,INGERRAND
1989633,,843SCFL27-YB
1844481,GOI LOAN 6.68% 2031,668GS2031-GS
277761,GABRIEL INDIA,GABRIEL
2609921,SDL AS 7.53% 2027,753AS27-SG
2792193,SDL PN 7.58% 2042,758PN42-SG
2919169,POONAWALLA FINCORP,POONAWALLA
3303425,2.50%GOLDBONDS2027SR-III,SGBAUG27-GB
1842177,EDELAMC - BBETF0432,BBETF0432
1215489,SDL KL 7.09% 2036,709KL36-SG
2294273,HARDWYN INDIA,HARDWYN
2788609,DHAMPUR BIO ORGANICS,DBOL
2007809,GOI LOAN  6.54% 2032,654GS2032-GS
3067905,SDL KA 7.67% 2032,767KA32-SG
683777,SDL GJ 7.08% 2031,708GJ31-SG
975873,ZEE ENTERTAINMENT ENT,ZEEL
1613313,APOLLO SINDOORI HOTEL,APOLSINHOT
274689,FOSECO INDIA,FOSECOIND
486657,CUMMINS INDIA,CUMMINSIND
1347841,ALIVUS LIFE SCIENCES,ALIVUS
2855681,CREATIVE NEWTECH,CREATIVE
1617409,SDL BR 6.95% 2030,695BR30-SG
1853953,METRO BRANDS,METROBRAND
1400321,SDL WB 6.99% 2031,699WB31-SG
1900033,MOTILALAMC - MONQ50,MONQ50
4865,STYRENIX PERFORMANCE,STYRENIX
177665,CIPLA,CIPLA
2760449,SDL TS 7.74% 2045,774TS45-SG
2005761,WONDER ELECTRICALS,WEL
470785,SDL TN 6.53% 2031,653TN31-SG
637953,SILGO RETAIL,SILGO
2726913,SDL HR 7.77% 2032,777HR32-SG
2695169,SDL AS 7.68% 2032,768AS32-SG
2254337,SONAM,SONAMLTD
413185,FAIRCHEM ORGANICS,FAIRCHEMOR
2399233,LE MERITE EXPORTS,LEMERITE-SM
2926593,KRITI NUTRIENTS,KRITINUT
1276417,IRCON INTERNATIONAL,IRCON
3065601,RANE (MADRAS),RML
3377153,ENTERTAIN NET. IND.,ENIL
346369,A AND M JUMBO BAGS,AMJUMBO-SM
2370561,ARROW GREENTECH,ARROWGREEN
1221377,TCI FINANCE,TCIFINANCE
753409,SDL PY 6.86% 2034,686PY34-SG
3035137,SHAH ALLOYS,SHAHALLOYS
157953,SDL UK 6.62% 2030,662UK30-SG
610049,SDL MH 7.08% 2031,708MH31-SG
836097,SDL TS 6.89% 2051,689TS51-SG
2616065,SDL RJ 7.81% 2047,781RJ47-SG
2527233,SDL AP 8.04% 2042,804AP42-SG
3080705,BANNARI AM SPIN MILL,BASML
2657537,SDL RJ 7.98% 2042,798RJ42-SG
4609,SDL RJ 6.6% 2030,66RJ30-SG
1423361,SDL PN 6.89% 2031,689PN31-SG
1687553,NIDAN LABS AND HEALTH,NIDAN-SM
1134337,GOI STRIPS C 220831,GS220831C-GS
1658881,SDL RJ 6.98% 2031,698RJ31A-SG
1238529,ICICIPRAMC - ICICILIQ,LIQUIDIETF
407561,NIFTY TOP 10 EQUAL WEIGHT,NIFTY TOP 10 EW
1419521,SDL KL 7.06% 2039,706KL39-SG
1528065,SDL AS 6.91% 2031,691AS31-SG
2822913,INFOBEANS TECHNO.,INFOBEAN
119553,HDFC LIFE INS CO,HDFCLIFE
1760513,SDL BR 6.87% 2030,687BR30A-SG
1660673,SDL AP 7.08% 2040,708AP40-SG
744193,SDL CG 6.94% 2029,694CG29-SG
747265,SDL UK 6.84% 2031,684UK31-SG
1804289,HESTER BIOSCIENCES,HESTERBIO
2139393,SDL TN 7.25% 2032,725TN32-SG
3149569,SDL HR 7.7% 2034,77HR34-SG
2369281,,875SCL27-YQ
982273,TOKYO PLAST INTL,TOKYOPLAST
443649,SDL KA 6.62% 2032,662KA32A-SG
2023425,SDL TN 7.24% 2032,724TN32-SG
466177,SDL AS 5.32% 2026,532AS26-SG
532481,SDL UP 6.88% 2031,688UP31-SG
1277953,SHARDA CROPCHEM,SHARDACROP
216577,SDL GJ 6.4% 2030,64GJ30A-SG
869377,TAINWALA CHEMICAL AND PLA,TAINWALCHM
406025,NIFTY LOW VOLATILITY 50,NIFTY LOW VOL 50
406537,NIFTY500 MULTICAP MOMENTUM QUALITY 50,NIFTY MULTI MQ 50
2297345,SDL AP 7.52% 2038,752AP38-SG
695297,BTRFLY GANDHI APPL,BUTTERFLY
272393,NIFTY100 QUALTY30,NIFTY100 QUALTY30
3421697,SDL GJ 7.55% 2030,755GJ30-SG
2678529,SDL NL 7.82% 2032,782NL32-SG
232961,EICHER MOTORS,EICHERMOT
2891521,SDL WB 7.72% 2038,772WB38-SG
1244929,SDL RJ 6.24% 2026,624RJ26-SG
1339393,SDL MH 7.1% 2036,71MH36-SG
1873409,SDL TN 7.07% 2038,707TN38-SG
787457,SDL GA 6.84% 2031,684GA31-SG
3057665,MCLEOD RUSSEL INDIA,MCLEODRUSS-BE
2805505,SDL HP 7.49% 2034,749HP34-SG
3009025,,753IRFC30-NJ
1675009,GRP,GRPLTD
2801921,TAMILNAD MERCA BANK,TMB
3340801,SDL KA 7.54% 2041,754KA41-SG
1165313,GOI STRIPS C 220250,GS220250C-GS
2010881,SDL MN 7.23% 2032,723MN32-SG
528641,SDL BR 6.89% 2028,689BR28-SG
833793,SDL AR 6.84% 2031,684AR31-SG
1525761,2.50%GOLDBONDS2026SR-II,SGBOCT26-GB
120065,SDL AP 7.1% 2037,71AP37-SG
784385,SDL GJ 6.9% 2030,69GJ30-SG
2754817,DSPAMC - DSPSILVETF,SILVERADD
2682881,SDL RJ 7.97% 2042,797RJ42-SG
70913,GENERAL INS CORP OF INDIA,GICRE
1521921,ULTRA WIRING CONN SYS,UWCSL-SM
1974529,SDL AP 7.18% 2040,718AP40-SG
2516481,SDL AP 8.07% 2036,807AP36-SG
933121,SDL TN 6.99% 2041,699TN41-SG
2225921,SDL MN 7.34% 2032,734MN32A-SG
70401,AUROBINDO PHARMA,AUROPHARMA
367873,SDL KA 6.68% 2036,668KA36-SG
2725633,SDL AP 7.74% 2031,774AP31-SG
470529,KARUR VYSYA BANK,KARURVYSYA
1759745,GOI LOAN 7.40% 2035,74GS2035-GS
3036161,JK PAPER,JKPAPER
2916865,ZOTA HEALTH CARE,ZOTA
1163777,GOI STRIPS C 220840,GS220840C-GS
774145,JINDAL SAW,JINDALSAW
850945,SUBROS,SUBROS
1399041,PARIN ENTERPRISES,PARIN-ST
1528577,SDL CG 6.59% 2028,659CG28-SG
576257,SDL RJ 6.99% 2041,699RJ41-SG
1805569,ACCELYA SOLN INDIA,ACCELYA
2726657,SDL TN 7.75% 2032,775TN32-SG
900097,SDL RJ 6.13% 2026,613RJ26-SG
2698241,SDL MZ 7.74% 2033,774MZ33-SG
2922497,SDL PN 7.7% 2042,77PN42-SG
2892545,SDL AP 7.6% 2028,76AP28-SG
2911745,TIPS FILMS,TIPSFILMS
71169,AUTOMOTIVE AXLES,AUTOAXLES
1878785,BIRLASLAMC - ABSLNN50ET,ABSLNN50ET
2614529,SDL WB 7.96% 2037,796WB37-SG
2956545,TEXMACO INFRA & HOLDG,TEXINFRA
659201,SDL KA 7.29% 2037,729KA37-SG
2503681,SDL HR 7.81% 2032,781HR32-SG
10241,AEGIS LOGISTICS,AEGISLOG
1417985,SDL KL 7.04% 2034,704KL34-SG
518145,SDL UP 6.64% 2031,664UP31-SG
534017,SDL AP 6.89% 2035,689AP35-SG
1547521,PASUPATI ACRYLON,PASUPTAC
981505,BHARAT RASAYAN,BHARATRAS
1425921,SDL ML 7.02% 2041,702ML41-SG
2610689,SDL MP 7.85% 2032,785MP32-SG
496641,SDL ML 6.63% 2031,663ML31-SG
2788353,JAY JALARAM TECHNO,KORE-ST
1603073,SEL MANUFACTURING CO,SELMC
348673,SDL AP 6.4% 2028,64AP28-SG
2537985,SDL AP 7.8% 2031,78AP31A-SG
257033,NIFTY DIV OPPS 50,NIFTY DIV OPPS 50
2702849,SDL PN 7.82% 2042,782PN42-SG
900865,SDL WB 6.83% 2031,683WB31A-SG
60161,AAKASH EXPLORATION SER L,AAKASH
720897,RALLIS INDIA,RALLIS
256777,NIFTY MIDCAP 100,NIFTY MIDCAP 100
265993,NIFTY ALPHA 50,NIFTY ALPHA 50
274945,SDL GA 6.55% 2030,655GA30-SG
2793729,SDL AP 7.58% 2042,758AP42-SG
1199105,SONA BLW PRECISION FRGS L,SONACOMS
263433,NIFTY AUTO,NIFTY AUTO
648961,P&G HYGIENE & HEALTH CARE,PGHH
3071745,FCS SOFTWARE SOLN.,FCSSOFT
1216001,SDL GA 6.89% 2031,689GA31-SG
785153,SDL UK 6.8% 2031,68UK31-SG
34817,ANDHRA SUGARS,ANDHRSUGAR
3357697,QUICK HEAL TECH,QUICKHEAL
77569,SDL GA 6.89% 2030,689GA30-SG
474625,SDL UK 6.6% 2031,66UK31-SG
49409,ARVIND,ARVIND
767489,SUVIDHAA INFOSERVE,SUVIDHAA
2081281,SDL MZ 7.05% 2029,705MZ29-SG
2976257,WELSPUN ENTERPRISES,WELENT
267017,NIFTY SMLCAP 100,NIFTY SMLCAP 100
545793,MARVEL DECOR,MDL-SM
1818881,TEGA INDUSTRIES,TEGA
229377,KHAITAN CHEM & FERT,KHAICHEM
2778881,SDL HR 7.53% 2030,753HR30-SG
2232065,SDL TN 7.39% 2042,739TN42-SG
2723841,SDL HR 7.95% 2037,795HR37-SG
409353,NIFTY500 VALUE 50,NIFTY500 VALUE 50
1753089,GREENLAM INDUSTRIES,GREENLAM
1341185,MAHA RASHTRA APEX COPR. L,MAHAPEXLTD
1688577,SONATA SOFTWARE,SONATSOFTW
2908417,,915SCL27-Z7
1463809,SHREM INVIT,SHREMINVIT-IV
1553409,AIRO LAM,AIROLAM
3219969,ICICIPRAMC-ICICIFIN,FINIETF
2196225,SDL KL 7.42% 2034,742KL34-SG
366081,SDL MZ 6.68% 2031,668MZ31-SG
1931265,SDL PN 7.14% 2036,714PN36-SG
1262081,,96SFIL24A-NB
1226241,SDL KL 7.06% 2038,706KL38-SG
1456129,ARCHIES,ARCHIES
2400769,TRUCAP FINANCE,TRU
873217,TATA ELXSI,TATAELXSI
2989057,SDL HR 7.74% 2029,774HR29-SG
2488065,SDL WB 7.73% 2032,773WB32-SG
1779457,LINC,LINC
235265,EIH - OBEROI HOTELS,EIHOTEL
1099265,BDR BUILDCON,BDR-IT
1561857,SDL MN 7.0% 2031,70MN31A-SG
615937,NEULAND LAB,NEULANDLAB
563969,BROOKFIELD INDIA RET,BIRET-RR
5121,SDL GA 6.6% 2030,66GA30A-SG
883969,TECIL CHEMICALS,TECILCHEM
3170305,ZIM LABORATORIES,ZIMLAB
257289,NIFTY COMMODITIES,NIFTY COMMODITIES
2457345,DELHIVERY,DELHIVERY
254465,SDL PY 6.52% 2030,652PY30-SG
1832961,SDL WB 6.94% 2036,694WB36-SG
1334273,,10IIFL28-N4
2187777,CHALET HOTELS,CHALET
1297409,SHEMAROO ENTER.,SHEMAROO
2537729,GOI LOAN 7.38% 2027,738GS2027-GS
42497,ANDHRA PAPER,ANDHRAPAP
1508353,SDL TR 6.99% 2036,699TR36-SG
26625,SHARE IND. SECURITIES,SHAREINDIA
1252353,SAREGAMA INDIA,SAREGAMA
953345,VST INDUSTRIES,VSTIND
1500929,,850SCL25A-NW
1327617,STYLAM INDUSTRIES,STYLAMIND
284161,DANGEE DUMS,DANGEE
816129,V MARC INDIA,VMARCIND-SM
271625,NIFTY50 EQL WGT,NIFTY50 EQL WGT
2078465,RPSG VENTURES,RPSGVENT
2885377,DREDGING CORP OF INDIA,DREDGECORP
1166337,SDL TS 7.03% 2051,703TS51-SG
2716161,UPSURGE SEEDS OF AGRI,USASEEDS-SM
1671937,NATIONAL HIGHW INFRA TRUS,NHIT-IV
1414913,SDL AP 7.05% 2035,705AP35-SG
315649,SDL GJ 6.5% 2030,65GJ30A-SG
1086465,HDFC AMC,HDFCAMC
421633,SDL HP 6.57% 2030,657HP30A-SG
2418945,SDL PN 7.76% 2037,776PN37-SG
829697,SDL RJ 6.78% 2031,678RJ31-SG
379393,IFB AGRO INDUSTRIES,IFBAGRO
1680129,SDL AP 7.0% 2038,70AP38A-SG
3064577,GOLDIAM INTERNATIONAL,GOLDIAM
2881281,HDFCAMC - HDFCQUAL,HDFCQUAL
2915841,SDL MH 7.76% 2030,776MH30-SG
270601,NIFTY MID LIQ 15,NIFTY MID LIQ 15
1804801,SDL TN 6.66% 2029,666TN29-SG
2097153,SDL JK 7.13% 2034,713JK34-SG
3066625,HT MEDIA,HTMEDIA
2994433,SDL UP 7.91% 2037,791UP37-SG
154881,SDL MH 6.55% 2028,655MH28-SG
320769,SDL JK 6.7% 2032,67JK32-SG
3341057,SDL TS 7.53% 2047,753TS47-SG
1118209,GOI STRIPS C 200326,GS200326C-GS
1613825,SDL AS 6.09% 2026,609AS26-SG
660737,SDL TS 7.25% 2041,725TS41-SG
2743553,TEAM INDIA GUARANTY,TEAMGTY
440577,SDL WB 6.6% 2030,66WB30-SG
1749761,GOI LOAN 7.95% 2032,795GS2032-GS
3343617,360 ONE WAM,360ONE
112129,BHEL,BHEL
3012865,SDL PN 7.83% 2042,783PN42-SG
3362305,SDL KA 7.63% 2040,763KA40-SG
2125825,PRITI INTERNATIONAL,PRITI
388097,SDL GA 6.54% 2030,654GA30A-SG
2130177,SDL TN 7.03% 2030,703TN30-SG
2972673,PHANTOM DIGITAL EFF,PHANTOMFX-SM
107521,SDL TN 6.72% 2027,672TN27-SG
310785,DELTA MANUFACTURING,DELTAMAGNT
740353,INTERISE TRUST,INTERISE-IV
1768449,VISHNU CHEMICALS,VISHNU
2814721,ISHAN INTERNATIONAL,ISHAN-SM
1112065,PUNJAB CHEM & CROP PROT L,PUNJABCHEM
1245697,SDL RJ 6.91% 2031,691RJ31-SG
733697,RASHTRIYA CHEMICALS & FER,RCF
1231105,KCP SUGAR IND CORP,KCPSUGIND
2620161,SDL HP 7.76% 2030,776HP30-SG
498433,SDL WB 6.61% 2036,661WB36-SG
1263617,,97SFIL26A-NC
297729,SDL AS 6.6% 2030,66AS30-SG
1389057,NUVOCO VISTAS CORP,NUVOCO
2095617,SDL AS 6.85% 2029,685AS29-SG
43777,SDL RJ 6.72% 2030,672RJ30-SG
182785,SHALBY,SHALBY
1728001,SDL MP 6.99% 2041,699MP41-SG
116225,SDL GJ 6.84% 2030,684GJ30-SG
348417,SDL KL 6.22% 2027,622KL27-SG
687873,POLYPLEX CORPORATION,POLYPLEX
788993,SDL JH 6.82% 2034,682JH34-SG
413961,NIFTY INDIA DEFENCE,NIFTY IND DEFENCE
999937,CAPLIN POINT LAB,CAPLIPOINT
1453569,SDL MH 6.91% 2033,691MH33-SG
1661185,IRIS BUSINESS SERV,IRIS
396033,RKEC PROJECTS,RKEC
1929985,SDL KA 7.12% 2034,712KA34-SG
2601729,ORICON ENTERPRISES,ORICONENT-BE
2645249,SDL PN 7.94% 2042,794PN42-SG
2909441,,865SCL24B-Z8
405257,NIFTY INDIA SELECT 5 CORPORATE GROUPS,NIFTY CORP MAATR
247553,SUBEX,SUBEXLTD
364033,SDL RJ 6.6% 2030,66RJ30B-SG
112385,SDL UP 6.91% 2030,691UP30A-SG
2611969,SDL AP 7.93% 2033,793AP33-SG
3003137,CONSO. FIN. & HOLD.,CONSOFINVT
2049793,SDL TN 7.33% 2052,733TN52-SG
2482177,SDL AP 7.67% 2031,767AP31-SG
959489,WEIZMANN,WEIZMANIND
267273,NIFTY SMLCAP 250,NIFTY SMLCAP 250
1400577,SDL TN 6.95% 2031,695TN31B-SG
2020609,SDL PY 6.9% 2028,69PY28-SG
2068481,NIPPONAMC - NETFSILVER,SILVERBEES
482817,SDL BR 5.72% 2026,572BR26-SG
2755841,SDL AS 7.65% 2032,765AS32-SG
2807553,VIVIANA POWER TECH,VIVIANA-SM
962817,RITES,RITES
1772033,GOI LOAN 8.33% 2032,833GS2032-GS
2625281,SDL AP 7.95% 2040,795AP40A-SG
296961,SDL RJ 6.54% 2030,654RJ30A-SG
653313,SDL UP 7.19% 2031,719UP31-SG
2244097,2.50%GOLDBONDS2027SR-VI,SGBFEB27-GB
414217,NIFTY INDIA TOURISM,NIFTY IND TOURISM
546561,SDL PN 7.05% 2031,705PN31-SG
2499585,GLOBESECURE TECHNO,GSTL-SM
2871809,MAKS ENERGY SOL INDIA,MAKS-SM
78849,BAJAJ HINDUSTHAN SUGAR LT,BAJAJHIND
158465,CENTURY ENKA,CENTENKA
239617,D. P. ABHUSHAN,DPABHUSHAN
1594113,DHUNSERI TEA & IND.,DTIL
2909185,VAIBHAV GLOBAL,VAIBHAVGBL
1928961,SDL UK 7.05% 2031,705UK31-SG
294921,NIFTY TATA 25 CAP,NIFTY TATA 25 CAP
3038721,SDL HP 7.85% 2036,785HP36-SG
1831425,SDL GA 6.85% 2031,685GA31C-SG
2393089,INDIAN OVERSEAS BANK,IOB
1169409,ATLAS CYCLE (HARYANA),ATLASCYCLE
193025,SDL AS 6.56% 2030,656AS30-SG
1251585,SDL UP 6.94% 2031,694UP31A-SG
3039745,SDL HP 7.84% 2037,784HP37-SG
1347585,PDS,PDSL
1394945,CHEMPLAST SANMAR,CHEMPLASTS
751873,SDL ML 6.85% 2031,685ML31-SG
1614593,SDL RJ 6.34% 2027,634RJ27-SG
1380865,MEGHMANI ORGANICS,MOL
2970625,SDL JK 7.77% 2037,777JK37-SG
162305,IGARASHI MOTORS INDIA,IGARASHI
2017025,2.50%GOLDBONDS2030SR-IX,SGBJAN30IX-GB
2039041,MALLCOM (INDIA),MALLCOM
952577,TATA COMMUNICATIONS,TATACOMM
211713,DEEPAK FERTILIZERS & PETR,DEEPAKFERT
391937,SDL KA 6.65% 2035,665KA35-SG
3210753,AAA TECHNOLOGIES,AAATECH-BE
2298113,SDL AP 7.52% 2042,752AP42-SG
3024129,SHOPPERS STOP,SHOPERSTOP
1678849,SDL UP 6.93% 2031,693UP31-SG
2687489,AGNI GREEN POWER,AGNI-ST
1324545,SDL UP 6.99% 2031,699UP31A-SG
1270529,ICICI BANK,ICICIBANK
2054145,CINEVISTA,CINEVISTA
1252865,SDL JK 7.1% 2033,71JK33-SG
1961473,,850IIFL27-NA
3111169,B&B TRIPLEWALL CONT,BBTCL
311041,SDL HP 6.53% 2029,653HP29-SG
2811137,GOI LOAN  7.4% 2062,74GS2062-GS
2623233,SDL HP 7.82% 2032,782HP32-SG
577537,PENINSULA LAND,PENINLAND
451841,,893NHB29-N6
3036417,,93SCL24A-ZN
3048705,SWELECT ENERGY SYS,SWELECTES
1338113,SDL BR 6.77% 2028,677BR28-SG
3348737,TRIVENI ENGG. & INDS.,TRIVENI
958465,FINE ORGANIC IND.,FINEORG
2095873,SDL AS 7.09% 2032,709AS32-SG
1527809,SDL AP 7.09% 2039,709AP39-SG
2920449,SDL UP 7.81% 2032,781UP32-SG
1931009,SDL JK 7.14% 2036,714JK36-SG
2675713,SDL TN 7.64% 2029,764TN29-SG
1033473,AUSOM ENTERPRISE,AUSOMENT
2287873,E2E NETWORKS,E2E
579841,SDL WB 7.05% 2031,705WB31-SG
2060801,MAHINDRA LIFESPACE DEVLTD,MAHLIFE
580609,MOTOR & GENERAL FINANCE L,MOTOGENFIN
2911489,BIOCON,BIOCON
3378689,ICICIPRAMC - ICICICOMMO,COMMOIETF
3651329,AGARWAL FLOAT GLASS I,AGARWALFT-SM
4856833,2.50%GOLDBONDS2028SR-II,SGBMAY28-GB
3639809,CAMBRIDGE TECH ENTER,CTE
3801345,SDL WB 7.85% 2042,785WB42-SG
3592705,,1030SFIL28-NM
5663489,SDL TN 7.17% 2029,717TN29-SG
3531777,MANALI PETROCHEMICALS LT,MANALIPETC
3892225,ARIES AGRO,ARIES
3578625,SDL RJ 7.73% 2038,773RJ38-SG
6095105,,8137TCL24-NH
5706753,GOI LOAN 5.77% 2030,577GS2030-GS
5618945,SDL MP 6.52% 2035,652MP35-SG
5682689,SDL JH 7.05% 2030,705JH30-SG
3712257,BALAJI AMINES,BALAMINES
4828673,2.50%GOLDBONDS2028SR-I,SGBAPR28I-GB
5964545,,0SCL27-YW
3462657,HOMESFY REALTY,HOMESFY-SM
3751937,SDL MP 7.74% 2043,774MP43-SG
4614145,SETUBANDHAN INFRA,SETUINFRA-BZ
5836033,,783NHB27-N9
4732673,,970CAGL28-ND
6118401,,865CIFL29-NW
4998913,SDL GA 7.67% 2033,767GA33-SG
4332289,SDL AP 7.4% 2032,74AP32-SG
4405761,TRIDHYA TECH,TRIDHYA-SM
3875841,KAUSHALYA INFRA DEV,KAUSHALYA-BE
4831745,,1003SCL30-BW
4664321,KIRLOSKAR ELECTRIC CO,KECL
5234689,GOI LOAN 7.24% 2033,724GR2033-GS
5622529,SDL MP 7.11% 2030,711MP30-SG
6136321,,1075SCL34-ZR
5170177,BEDMUTHA INDUST,BEDMUTHA
5672961,SDL CG 7.17% 2030,717CG30-SG
5273345,SDL AP 6.90% 2027,690AP27-SG
5502977,SDL AS 7.68% 2031,768AS31-SG
5784321,HDFCAMC HDFCPSUBK,HDFCPSUBK
5637121,SDL MZ 7.11% 2030,711MZ30-SG
3828993,MAGNUM VENTURES,MAGNUM
5102337,ORISSA MIN DEV CO,ORISSAMINE
3825409,NAGREEKA CAP & INFR.LTD,NAGREEKCAP-BE
5978625,SDL MH 7.45% 2039,745MH39-SG
5897217,INDUS INFRA TRUST,INDUSINVIT-IV
5067521,CELLO WORLD,CELLO
4280065,ALMONDZ GLOBAL SEC,ALMONDZ
5340673,SDL GA 6.99% 2030,699GA30-SG
5667073,SDL TR 7.5% 2030,75TR30-SG
5850625,,830TFSIL27-N2
5717761,SDL KA 6.48% 2030,648KA30-SG
5506561,SDL AP 7.67% 2038,767AP38A-SG
5884673,SDL RJ 7.4% 2042,74RJ42-SG
6077441,TBO TEK,TBOTEK
5776385,,860HFL29-N1
5709313,SDL KA 6.32% 2028,632KA28-SG
3699201,EMBASSY DEVELOPMENTS,EMBDL
5150209,,1075SCL33B-NW
6069249,,935MOFSL29-N5
3766273,HINDUJA GLOBAL SOLS.,HGS
3970049,SDL AS 7.4% 2033,74AS33-SG
4976129,ASIAN HOTELS (EAST),AHLEAST
5062657,,980SCL33C-ND
5176577,SDL UP 7.7% 2035,77UP35-SG
6015489,SDL TS 7.44% 2053,744TS53-SG
5892609,V R INFRASPACE,VR-SM
5310721,SDL TS 7.58% 2041,758TS41-SG
5974785,SDL KL 7.54% 2055,754KL55-SG
6157569,SDL PY 7.4% 2030,74PY30-SG
4795137,MASK INVESTMENTS,MASKINVEST-BE
5844993,MIRAEAMC - SMALLCAP,SMALLCAP
5361921,SDL KA 7.68% 2037,768KA37-SG
5423617,KAUSHALYA LOGISTICS,KLL-SM
5943553,SDL TN 7.4% 2054,74TN54-SG
5125633,,830PFCL27-N5
4408577,SDL TN 7.42% 2033,742TN33-SG
5638657,SDL PY 6.88% 2031,688PY31-SG
5910529,SDL PY 7.29% 2026,729PY26-SG
3796481,SDL UP 7.81% 2034,781UP34A-SG
5598721,SDL AP 7.68% 2037,768AP37-SG
5271041,,803ABHF27-N2
6009345,ALUWIND INFRA-TECH,ALUWIND-SM
4633089,SDL TS 7.45% 2047,745TS47-SG
5168129,VA TECH WABAG,WABAG
3834113,POWER GRID CORP.,POWERGRID
3924481,QUANTUM GOLD FUND,QGOLDHALF
3881217,HITECH CORPORATION,HITECHCORP
5750529,EPACK DURABLE,EPACK
6013185,BHARTI HEXACOM,BHARTIHEXA
5159425,SDL KA 6.9% 2030,69KA30-SG
3986433,SDL AP 7.38% 2040,738AP40-SG
5799937,SIGNPOST INDIA,SIGNPOST
6089985,INDIAN EMULSIFIERS,IEML-SM
4548097,ZEAL GLOBAL SERVICES,ZEAL-SM
5102081,,769HUDCO31-N9
5654785,SDL UP 7.22% 2030,722UP30-SG
5612289,SDL MN 8% 2030,8MN30-SG
3804161,SDL TN 7.76% 2053,776TN53-SG
5331201,HSG & URBAN DEV CORPN,HUDCO
3556353,SDL MN 7.7% 2035,77MN35-SG
5549313,,840TPL27-N1
3563521,PLASTIBLENDS INDIA,PLASTIBLEN
5765377,UTIAMC - NIF5GETF,NIF5GETF
4278529,UNITED BREWERIES,UBL
4380673,SDL TN 7.45% 2043,745TN43-SG
4863489,SDL WB 7.46% 2039,746WB39-SG
6101505,,80650SFL26-N1
5910273,SDL HR 7.38% 2035,738HR35-SG
3900161,,98SFIL26-NU
4189185,SDL HR 7.36% 2033,736HR33-SG
5475841,SDL KA 6.49% 2030,649KA30-SG
5949441,,780BFL27-N0
5171969,URJA GLOBAL,URJA
5960449,,965SCL26-YO
6169089,SDL RJ 7.38% 2033,738RJ33-SG
5664513,SDL TN 7.25% 2027,725TN27-SG
5610241,SDL KL 7.03% 2030,703KL30-SG
6074625,AADHAR HOUSING FINANCE L,AADHARHFC
3547137,VENUS REMEDIES,VENUSREM-BE
3465729,TECH MAHINDRA,TECHM
3572993,SDL HR 7.65% 2030,765HR30-SG
3696897,SDL UP 7.75% 2035,775UP35-SG
3806977,UDAYSHIVAKUMAR INFRA,USK
4661505,SDL GA 7.49% 2033,749GA33-SG
3902721,,957SFIL28-NW
5646593,SDL RJ 6.97% 2030,697RJ30-SG
4342017,AATMAJ HEALTHCARE,AATMAJ-SM
5195009,TATA TECHNOLOGIES,TATATECH
5337601,SDL AS 7.22% 2030,722AS30-SG
3672577,ORIENTAL TRIMEX,ORIENTALTL
5370113,,925SCL25B-Y3
4103425,SDL TN 7.32% 2033,732TN33-SG
5329153,IRB INVIT FUND,IRBINVIT-IV
3488257,SDL NL 7.67% 2033,767NL33-SG
4588033,GEEKAY WIRES,GEEKAYWIRE
4496385,,971SCL28I-BC
5324545,BHAGYANAGAR INDIA,BHAGYANGR-BE
5640705,SDL RJ 7.27% 2029,727RJ29-SG
5605121,SDL PN 6.92% 2035,692PN35-SG
3496193,ANLON TECHNOLOGY SOL,ANLON-SM
4934913,EMAMI REALTY,EMAMIREAL
4263425,SDL AP 7.33% 2043,733AP43-SG
4519169,SDL KL 7.45% 2040,745KL40-SG
4569601,SDL JK 7.43% 2053,743JK53-SG
5556481,MEDI ASSIST HEALTH SER L,MEDIASSIST
6096129,SDL RJ 7.42% 2032,742RJ32-SG
5006337,BHANDARI HOSIERY EXP,BHANDARI
4745217,SDL MP 7.46% 2039,746MP39-SG
5390849,INDIFRA,INDIFRA-SM
5739777,SDL KA 6.77% 2033,677KA33-SG
6052609,SDL KL 7.47% 2050,747KL50-SG
5654273,SDL UP 7.03% 2030,703UP30-SG
5789953,SDL MH 7.49% 2036,749MH36-SG
5824257,SDL MH 7.46% 2035,746MH35-SG
5928705,AVP INFRACON,AVPINFRA-SM
6147585,BOROSIL SCIENTIFIC,BOROSCI
3901441,,1050SFIL28-NV
3685889,AMD INDUSTRIES,AMDIND
5660673,SDL TN 6.74% 2050,674TN50-SG
5853697,SDL TN 7.42% 2034,742TN34-SG
5645825,SDL RJ 7.15% 2030,715RJ30-SG
4908545,SDL AP 7.5% 2041,75AP41-SG
3451905,,98SCL27-ZX
4694273,SDL RJ 7.4% 2041,74RJ41-SG
5209345,SDL UP 7.75% 2033,775UP33-SG
5919489,,1065NFL27-NC
5200129,SDL KA 7.09% 2030,709KA30-SG
5212673,SDL WB 7.71% 2041,771WB41-SG
5236225,GRAPHISADS,GRAPHISAD-SM
5166593,ASHOKA BUILDCON,ASHOKA
5175809,SDL GA 7.50% 2030,750GA30-SG
4380161,2.50%GOLDBONDS2028SR-VIII,SGBJ28VIII-GB
4350977,TEAMO PRODUCTIONS HQ,TPHQ
5022209,SDL TN 7.72% 2033,772TN33-SG
3871745,KOLTE PATIL DEV.,KOLTEPATIL
4905473,SDL TN 7.52% 2033,752TN33-SG
5197569,GANDHAR OIL REFINE IND L,GANDHAR
5504513,SDL CG 7.67% 2033,767CG33-SG
5616641,SDL MH 7.83% 2030,783MH30-SG
6161153,LE TRAVENUES TECHNOLOGY L,IXIGO
3559937,SDL WB 7.66% 2039,766WB39-SG
6169345,SDL PN 7.39% 2033,739PN33-SG
5911809,SDL PY 7.38% 2038,738PY38-SG
4931841,BLISS GVS PHARMA,BLISSGVS
5670657,SDL WB 7.1% 2030,71WB30-SG
5942017,SDL WB 7.45% 2042,745WB42-SG
6061313,SDL AP 7.47% 2037,747AP37A-SG
3463169,GMR AIRPORTS,GMRAIRPORT
4544513,SHILPA MEDICARE,SHILPAMED
5776897,BLS E-SERVICES,BLSE
5699329,SDL TS 6.49% 2050,649TS50-SG
5542401,SDL GJ 6.6% 2029,66GJ29-SG
5296897,,87LTF27-NH
5941761,SDL TS 7.42% 2041,742TS41-SG
5000449,SDL HR 7.66% 2035,766HR35-SG
6092545,GO DIGIT GENERAL INS,GODIGIT
5221121,SDL NL 7.78% 2033,778NL33-SG
6027009,SDL UP 7.48% 2040,748UP40-SG
6116865,,758RECL29-NQ
4632833,SDL KL 7.47% 2039,747KL39-SG
3553537,SDL RJ 7.65% 2033,765RJ33-SG
5207553,SDL CG 7.74% 2031,774CG31-SG
4435457,SDL MZ 7.36% 2038,736MZ38A-SG
4596993,MMTC,MMTC
5857281,SDL KA 7.42% 2039,742KA39-SG
5676289,SDL WB 6.54% 2035,654WB35-SG
5606145,SDL KL 7.05% 2030,705KL30-SG
5094145,SDL MH 7.7% 2034,77MH34-SG
5565697,,775SIDBI27-N1
5678337,SDL JK 8.15% 2030,815JK30-SG
5146625,,925SCL28A-NS
5414913,SDL GJ 7.47% 2028,747GJ28-SG
5669121,SDL WB 6.95% 2035,695WB35-SG
3831297,CSB BANK,CSBBANK
5758209,SDL GJ 7.6% 2033,76GJ33-SG
3574785,SDL GJ 7.65% 2033,765GJ33-SG
5682177,SDL JH 7.26% 2027,726JH27-SG
5336065,SDL HP 7.2% 2035,72HP35-SG
5446145,SDL KA 7.74% 2036,774KA36-SG
5528065,COMMERCIAL SYN BAGS,COMSYN-BE
3608833,SDL TS 7.64% 2033,764TS33-SG
3794177,SDL NL 7.75% 2033,775NL33-SG
5608705,SDL KL 6.5% 2027,65KL27-SG
6049537,SDL AS 7.54% 2034,754AS34-SG
3735553,FORTIS HEALTHCARE,FORTIS
3634689,TIMKEN INDIA,TIMKEN
4935425,THEJO ENGINEERING,THEJO
5037313,ANSAL PROP & INFRA,ANSALAPI-BZ
5426433,,865TCAPS27-N8
5939969,SDL UP 7.48% 2036,748UP36-SG
5259777,SDL GA 7.15% 2030,715GA30-SG
5803009,,768SIDB27-N2
6117889,,825SMFG27-N1
5573121,ICICI LOMBARD GIC,ICICIGI
4390913,ICICIPRAMC - ICICIM150,MIDCAPIETF
5147137,,971SCL28A-NT
5587201,SDL AP 7.7% 2042,77AP42-SG
6068225,,0MOFSL27-N3
6153985,,830SMF29-N6
4376065,CROMPT GREA CON ELEC,CROMPTON
5103873,KILITCH DRUGS INDIA,KILITCH
6144001,SDL NL 7.45% 2034,745NL34-SG
3612929,SDL RJ 7.56% 2048,756RJ48-SG
5522433,,835SMFG27-N0
5140993,,SCLZC26D-NO
4259585,KIRI INDUSTRIES,KIRIINDUS
5677825,SDL JK 6.58% 2030,658JK30-SG
3500801,NUPUR RECYCLERS,NRL
5050113,SDL MP 7.76% 2037,776MP37-SG
4767745,,865SCL26-N8
5275393,INOX INDIA,INOXINDIA
6026497,SDL MH 7.42% 2037,742MH37-SG
6184705,AKME FINTRADE (INDIA),AFIL
3853057,MOS UTILITY,MOS-SM
4988929,SDL TN 7.62% 2053,762TN53-SG
5606657,SDL KL 6.55% 2030,655KL30-SG
3579137,2.50%GOLDBONDS2027SR-V,SGBOCT27-GB
3717889,ICRA,ICRA
4907265,SDL MP 7.51% 2038,751MP38-SG
3844865,SDL PN 7.59% 2033,759PN33-SG
3581953,SDL PN 7.7% 2040,77PN40-SG
5616897,SDL MH 7.14% 2029,714MH29-SG
5669633,SDL WB 7.23% 2030,723WB30-SG
6131713,,1015SCL29-ZL
3524097,DUCOL ORGS AND COLOURS LT,DUCOL-SM
4512513,YASONS CHEMEX CARE,YCCL-SM
5909761,SDL KL 7.39% 2034,739KL34-SG
3453953,,939SCL27-ZZ
3562241,SDL HR 7.64% 2031,764HR31-SG
5037825,ICICI PRUDENTIAL GOLD ETF,GOLDIETF
4849921,SDL GA 7.49% 2033,749GA33A-SG
5858817,2.50%GOLDBONDS2032SR-IV,SGBFEB32IV-GB
6096641,SDL HR 7.42% 2034,742HR34-SG
4713217,SDL AP 7.44% 2040,744AP40-SG
5252609,SDL AR 7.20% 2030,720AR30-SG
4159745,INFIBEAM AVENUES,INFIBEAM
3751425,SDL RJ 7.74% 2040,774RJ40-SG
4261377,SDL RJ 7.34% 2033,734RJ33A-SG
3457793,MOXSH OVERSEAS EDUCON,MOXSH-ST
4923905,LAURUS LABS,LAURUSLABS
5255937,BAJEL PROJECTS,BAJEL
5918465,,1040NFL26-NA
5433601,,910TCAP28-NA
4716033,ASIAN HOTELS (NORTH),ASIANHOTNR
5484033,SDL GJ 6.47% 2030,647GJ30-SG
4639745,VALOR ESTATE,DBREALTY
5179137,SDL ML 7.66% 2032,766ML32-SG
4846337,SUNDARAM MULTI PAP,SUNDARAM
5441025,ICICI PR NIF LW VL 30 ETF,LOWVOLIETF
6067201,,0MOFSL26-N1
3792897,SDL CG 7.75% 2031,775CG31-SG
4536833,DEN NETWORKS,DEN
5358337,SDL UK 7.67% 2033,767UK33A-SG
5260033,BARODABNP - BBNPPGOLD,BBNPPGOLD
5755393,,813LTF29-NP
5758977,SDL GA 7.65% 2034,765GA34-SG
6066689,,885MOFSL26-N0
3799809,VIP CLOTHING,VIPCLOTHNG
3595009,SARLA PERF. FIBERS,SARLAPOLY
5337345,SDL HR 7.17% 2030,717HR30-SG
5152001,,925SCL25G-NY
5389825,SDL AP 6.88% 2035,688AP35-SG
3904257,,866SFIL23A-NY
4604673,TRF,TRF
3608577,SIYARAM SILK MILLS,SIYSIL
4787457,SDL SK 7.46% 2033,746SK33-SG
5224705,NET AVENUE TECHNOLOGIES L,CBAZAAR-ST
4445185,VINATI ORGANICS,VINATIORGA
5163777,SDL GA 7.7% 2033,77GA33B-SG
5541633,SDL AP 6.39% 2026,639AP26-SG
3471361,GRINDWELL NORTON,GRINDWELL
3792129,ALLIED DIGITAL SERV.,ADSL
5914113,SDL JK 7.36% 2049,736JK49-SG
5867777,,797SFL30-N0
5946881,ENSER COMMUNICATIONS,ENSER-SM
4906753,SDL PN 7.67% 2035,767PN35-SG
3746817,SDL AP 7.7% 2030,77AP30A-SG
5027841,MIRAEAMC - ALPHAETF,ALPHAETF
5769473,DOCMODE HEALTH TECH,DHTL-ST
4396033,,91SFL27-ZI
5430785,SDL GJ 7.28% 2029,728GJ29-SG
4909569,SDL KL 7.49% 2045,749KL45-SG
3582465,SDL RJ 7.66% 2043,766RJ43-SG
5443073,SDL GJ 7.64% 2031,764GJ31-SG
3505409,INFOMEDIA PRESS,INFOMEDIA
3618305,PITTI ENGINEERING,PITTIENG
5577217,SDL PN 6.72% 2030,672PN30-SG
5442561,TRANSWIND INFRA,TRANSWIND-SM
5601025,SDL MP 7.71% 2040,771MP40-SG
5560065,SDL PN 6.7% 2030,67PN30-SG
4467969,SDL UP 7.4% 2033,74UP33-SG
4798209,SIGNATUREGLOBAL INDIA,SIGNATURE
3446529,PIONEER EMBROIDERIES,PIONEEREMB
4816641,GLOBE INTL CARRIERS,GICL-SM
4892929,UPDATER SERVICES,UDS
3650561,PEARL GLOBAL IND,PGIL
3749121,SDL MH 7.73% 2034,773MH34-SG
3693569,NIP IND ETF GOLD BEES,GOLDBEES
5243137,THE WESTERN INDIA PLY,WIPL
6141441,,9CIFL34-NX
4630273,SDL PN 7.51% 2036,751PN36-SG
5990913,SRM CONTRACTORS,SRM
4488705,MAHANAGAR GAS,MGL
6038785,SDL AP 7.48% 2044,748AP44A-SG
6129665,,99SCL27-ZH
5367809,,925SCL25H-Y0
5213697,SDL RJ 7.64% 2049,764RJ49-SG
5097473,SDL RJ 7.72% 2033,772RJ33-SG
5761537,SDL KL 7.67% 2043,767KL43-SG
6061825,SDL AP 7.43% 2042,743AP42A-SG
6170113,SDL TS 7.35% 2036,735TS36-SG
5587969,TEXMACO RAIL & ENG.,TEXRAIL
6007809,CREATIVE GRAPHICS S IND L,CGRAPHICS-SM
4549121,THE GROB TEA COMPANY,GROBTEA
5911041,SDL HP 7.41% 2036,741HP36-SG
5937921,SDL CG 7.47% 2034,747CG34-SG
6006529,GOI LOAN  7.1% 2034,71GS2034-GS
5210625,SDL RJ 7.75% 2035,775RJ35-SG
4661761,SDL UP 7.49% 2034,749UP34-SG
5332481,MOIL,MOIL
3930881,REC,RECLTD
5267201,SDL AP 7.21% 2031,721AP31-SG
5177089,CL EDUCATE,CLEDUCATE
5185793,EDELAMC - ESILVER,ESILVER
5853953,SDL RJ 7.44% 2034,744RJ34-SG
6145793,SDL PN 7.48% 2035,748PN35-SG
3699713,SDL TS 7.72% 2046,772TS46-SG
3778817,NELCAST,NELCAST
5635585,SDL MZ 6.57% 2035,657MZ35-SG
6053633,FILATEX FASHIONS,FILATFASH
5336577,SDL HP 7.17% 2030,717HP30-SG
5816833,LICNAMC - LICNMID100,LICNMID100
4462849,NETWEB TECH INDIA,NETWEB
3481601,SDL HR 7.62% 2031,762HR31-SG
3747841,SDL AP 7.73% 2032,773AP32-SG
5202177,SHANKARA BLDG PRODUCT,SHANKARA
5382657,,835SCL23A-YH
5656577,SDL UP 7.09% 2030,709UP30-SG
5287681,,898LTF29-N7
5719809,SDL MH 6.49% 2031,649MH31-SG
3827713,INDOWIND ENERGY,INDOWIND
3610369,SDL JK 7.6% 2035,76JK35-SG
6475777,,99AEL29-N7
6609409,PRANIK LOGISTICS,PRANIK-SM
193935617,SDL UK 6.74% 2035,674UK35A-SG
7787777,SDL UK 7.05% 2032,705UK32-SG
194025729,SDL TN 6.82% 2035,682TN35-SG
194380801,,761ABCL35A-N0
7785473,SDL AP 7.07% 2036,707AP36-SG
6538753,,SCL25924-N1
7343873,MAMATA MACHINERY,MAMATA
6963201,SDL MP 7.19% 2038,719MP38-SG
194215425,,803TIL30-N0
194342401,,789GIL31-N0
6289921,SDL TS 7.33% 2042,733TS42-SG
7610113,ROYAL ARC ELECTRODES,ROYALARC-SM
7534593,,0NHIT34-N0
6412545,PREMIER ENERGIES,PREMIERENE
8002049,NANDAN DENIM,NDL
7458817,GOI TBILL 364D-15/01/26,364D150126-TB
6455297,SDL KL 7.23% 2045,723KL45-SG
8130561,,848NTPC28-N2
194361857,,ASIFRD-SF
7200001,INVENTURUS KNOWLEDGE SO L,IKS
7425537,SDL TS 7.12% 2051,712TS51-SG
7476481,STALLION IND FLUOROCHEM L,STALLION-BE
7762689,INTEGRA ESSENTIA,ESSENTIA
194232065,SDL GA 7.4% 2037,74GA37-SG
194043393,SELLOWRAP INDUSTRIES,SELLOWRAP-SM
194267649,ADITYA INFOTECH,CPPLUS
6231041,SDL AP 7.36% 2045,736AP45-SG
7730177,,744RL28-N0
194288385,GOI TBILL 182D-05/03/26,182D050326-TB
194740993,,698SHFL28-N0
6527745,SDL MH 7.11% 2036,711MH36-SG
193532929,,703NBFID30-N0
7472129,,990IIFL26A-N0
7600897,GOI TBILL 364D-20/02/26,364D200226-TB
194558721,EDELAMC - ESENSEX,ESENSEX
6375169,,845NOM27A-N0
6960385,SDL RJ 7.16% 2034,716RJ34-SG
194007297,,91PFL30-N0
194429697,SDL JK 7.41% 2042,741JK42-SG
7406849,,1025SCL34Z-N1
193542401,,759LTFL28-N0
194029057,SDL WB 7.07% 2037,707WB37-SG
194388225,SDL AP 7.5% 2045,75AP45-SG
7698945,SDL WB 7.28% 2039,728WB39-SG
193745921,GOI TBILL 364D-21/05/26,364D210526-TB
194042881,,75GFL28-N0
194524673,SDL TS 7.5% 2052,75TS52-SG
6226177,VRAJ IRON AND STEEL,VRAJ
193552129,SDL MH 6.72% 2038,672MH38-SG
194494721,SDL JK 7.46% 2045,746JK45-SG
6463489,ADITYA ULTRA STEEL,AUSL-SM
194199297,EMKAY TOOLS,ETL-SM
194286081,SDL TN 7.31% 2034,731TN34-SG
6612993,SDL PY 7.09% 2034,709PY34-SG
7498497,SDL WB 7.13% 2044,713WB44-SG
194098177,SDL TS 7.19% 2049,719TS49-SG
194152449,SDL GA 7.12% 2036,712GA36-SG
7739905,,1025SCL35-N1
7399937,MAYUR UNIQUOTERS,MAYURUNIQ
6433281,,840GHFL28-N0
6272513,,745RECL35-N0
6953217,CINELINE INDIA,CINELINE
194287873,SDL TS 7.74% 2051,774TS51-SG
193912065,,965SCL30-ND
7087617,SDL UP 7.08% 2038,708UP38-SG
194090753,,658IRFC30-N0
6426625,SDL AP 7.25% 2047,725AP47-SG
6650113,AFCONS INFRASTRUCTURE,AFCONS
6993665,SDL BR 7.13% 2034,713BR34B-SG
6222593,AKIKO GLOBAL SERVICES L,AKIKO-ST
7649025,HP TELECOM INDIA,HPTL-ST
194198529,GOI TBILL 182D-19/02/26,182D190226-TB
6928897,SWIGGY,SWIGGY
194359041,,1075WCA28-N0
194530561,KOTAKMAMC - CHEMICAL,CHEMICAL
7377665,SDL MP 7.17% 2041,717MP41-SG
6625025,BF UTILITIES,BFUTILITIE-BZ
7678465,SDL TS 7.27% 2049,727TS49-SG
193974785,SDL KL 7.1% 2045,71KL45-SG
7570433,SDL KA 7.08% 2031,708KA31A-SG
194261505,GOI TBILL 182D-24/04/26,182D240426-TB
193959425,SDL MH 7.14% 2045,714MH45-SG
6951425,SDL UP 7.10% 2032,710UP32-SG
7750913,,758LICH35A-N0
194274817,GOI TBILL 91D-11/12/25,91D111225-TB
193820417,SDL TN 6.71% 2035,671TN35A-SG
6964225,SDL WB 7.18% 2041,718WB41-SG
193822465,SDL TS 6.85% 2050,685TS50-SG
7443201,STANDARD GLASS LIN TECH L,SGLTL
193804033,,715SHFL30-N0
193895425,,857CIFL32-N0
194375937,,12VCCL28-N0
193957121,ATHER ENERGY,ATHERENERG
7556609,SDL OR 7.0% 2030,70OR30-SG
6960129,SDL BR 7.18% 2034,718BR34-SG
7496961,SDL KA 7.13% 2041,713KA41-SG
194401281,GOI TBILL 182D-16/04/26,182D160426-TB
194312193,SDL BR 7.45% 2045,745BR45-SG
7586049,CHANDAN HEALTHCARE,CHANDAN-SM
6347265,,890MFL27A-N0
193902081,SDL TN 6.66% 2035,666TN35-SG
194203649,,AAFS29B-N0
194524929,SDL RJ 6.75% 2030,675RJ30A-SG
6268673,SDL TS 7.32% 2036,732TS36-SG
6551297,,734SIDBI29-N0
193498625,SDL HR 6.81% 2039,681HR39-SG
7428353,,950ISF26A-N0
7555329,SDL AS 7.16% 2040,716AS40-SG
7425281,SDL MP 7.12% 2047,712MP47-SG
7748865,,14RARL30-N0
194084097,,758ABHFL35-N0
6364417,ICICIPRAMC - METALIETF,METALIETF
7400449,,SCL271224A-N1
6218241,PETRO CARBON AND CHEMI L,PCCL-SM
7790593,SDL NL 7.1% 2035,71NL35-SG
6289153,SDL AS 7.35% 2039,735AS39-SG
194312961,SDL TS 7.44% 2048,744TS48-SG
193523713,,80208ABC30-ND
194182913,STUDIO LSD,STUDIOLSD-SM
6501889,ARKADE DEVELOPERS,ARKADE
7427841,ARSHIYA,ARSHIYA-BZ
194265601,SDL HR 7.47% 2040,747HR40-SG
6339073,SDL TS 7.28% 2046,728TS46-SG
194454273,STUDDS ACCESSORIES,STUDDS
194564609,SDL TS 7.34% 2038,734TS38-SG
194283009,SDL TS 7.74% 2055,774TS55-SG
6597633,SDL MP 7.15% 2035,715MP35-SG
7484161,SDL BR 7.15% 2037,715BR37-SG
7792129,SDL HR 7.04% 2037,704HR37-SG
194524417,SDL TS 7.5% 2051,75TS51-SG
6639361,UNITED HEAT TRANSFER,UHTL-SM
194239489,MANGAL ELECTRICAL IND L,MEIL
194564353,SDL MN 7.31% 2037,731MN37-SG
6579969,SDL ML 7.12% 2034,712ML34-SG
6398209,SDL MH 7.25% 2044,725MH44-SG
7678977,SDL OR 7.2% 2032,72OR32-SG
193979137,SDL GJ 6.70% 2033,670GJ33-SG
194510337,BILLIONBRAINS GARAGE VN L,GROWW
6967809,LAMOSAIC INDIA,LAMOSAIC-SM
194233345,SDL MP 7.57% 2043,757MP43-SG
193949185,ARISINFRA SOLUTIONS,ARISINFRA
194100993,GOI TBILL 364D-06/08/26,364D060826-TB
194218753,NIPPONAMC - MANUFGBEES,MANUFGBEES
7398145,KITEX GARMENTS,KITEX
193799937,MOTILALAMC - MOINFRA,MOINFRA
193898753,,74242ABC30-N0
7726849,SDL UP 7.17% 2033,717UP33-SG
193571585,,9IIFL26-NV
193780737,,91PFL27-N0
7561473,,724PFCL35-N0
7724801,SDL TN 6.89% 2028,689TN28-SG
194102017,FLYSBS AVIATION,FLYSBS-ST
193779201,,AAFS29A-N0
6424577,SDL TS 7.25% 2038,725TS38-SG
6511873,,722PFCL39-N0
7438849,SDL AS 7.15% 2035,715AS35-SG
6625537,IMPEX FERRO TECH,IMPEXFERRO-BZ
193737473,SDL TN 6.42% 2031,642TN31-SG
7571713,NIP IND ETF NIFTY 100,NIF100BEES
193621249,,995CCSP27-N0
194547457,JARO INS OF TEC MG N RE L,JARO
6312449,SDL RJ 7.34% 2045,734RJ45A-SG
7378433,SDL NL 7.15% 2034,715NL34-SG
193756161,SDL PN 6.79% 2045,679PN45-SG
6358273,SDL JK 7.27% 2049,727JK49-SG
7604993,SDL PY 7.14% 2031,714PY31A-SG
7406337,,1075SCL34T-N1
194152705,SDL JK 7.35% 2040,735JK40-SG
194494465,SDL MP 7.45% 2044,745MP44B-SG
194257921,SDL RJ 7.23% 2035,723RJ35-SG
194257665,SDL RJ 7.3% 2051,73RJ51-SG
6229505,SDL ML 7.39% 2034,739ML34-SG
194201089,TVS INFRASTRUCTURE TRUST,TVSINVIT-IV
194082817,GVPTECH RE.1 PPD UP,GVPTECHPP-E1
194366465,JAIN RESOURCE RECYCLING L,JAINREC
193817345,MOTILALAMC - MOMGF,MOMGF
194516993,,SICCL28-N0
194433793,,702OIT40-N0
6927105,,734RL30-N0
6636289,OBSC PERFECTION,OBSCP-SM
193803265,GOI TBILL 364D-28/05/26,364D280526-TB
193553665,,950ISF27A-N0
193984001,SDL RJ 7.06% 2038,706RJ38-SG
7679745,SDL TN 7.21% 2032,721TN32-SG
193995265,BRIGADE HOTEL VENTURE,BRIGHOTEL
194554369,DSPAMC - MSCIADD,MSCIADD
194164993,MOTILALAMC - MOSILVER,MOSILVER
6995457,SDL TN 6.96% 2028,696TN28-SG
194493953,SDL MP 7.45% 2041,745MP41-SG
194492673,SDL MH 7.07% 2033,707MH33-SG
193525505,,831ABCL34-NK
7679489,SDL TN 7.08% 2030,708TN30-SG
6415361,ECOS (INDIA) MOB & HOSP L,ECOSMOBLTY
194218497,SDL TS 7.54% 2053,754TS53-SG
7665153,,740IREDA36-N0
193976577,,12VCCL29C-N0
6313473,SDL TS 7.31% 2050,731TS50-SG
194234113,SDL WB 7.75% 2047,775WB47-SG
193952513,SDL BR 6.88% 2035,688BR35-SG
194232321,SDL HR 7.52% 2039,752HR39-SG
7572993,GOI TBILL 364D-12/02/26,364D120226-TB
194346241,SDL OR 6.77% 2029,677OR29-SG
194365185,FINKURVE FINANCIAL SERV L,FINKURVE
6201857,STANLEY LIFESTYLES,STANLEY
7780353,ICICI PRUD NIFTY 100 ETF,NIF100IETF
6413825,VDEAL SYSTEM,VDEAL-SM
7495169,SDL OR 7.03% 2031,703OR31-SG
194492417,SDL UP 7.02% 2032,702UP32-SG
194349057,TIGER LOGISTICS (INDIA) L,TIGERLOGS
7419649,ANYA POLYTECH & FERTI,ANYA-SM
6327041,AKUMS DRUGS AND PHARMA L,AKUMS
7454977,SDL BR 7.22% 2040,722BR40-SG
193544961,,18PVL29-N0
7426561,SDL WB 7.16% 2042,716WB42-SG
6505473,ENVIROTECH SYSTEMS,ENVIRO-SM
194264577,SDL MH 7.24% 2034,724MH34-SG
194354177,SDL TS 7.46% 2053,746TS53-SG
6624257,MORARJEE TEXTILES,MORARJEE-BZ
193744385,SDL TR 6.72% 2040,672TR40-SG
193807361,VIRTUAL GALAXY INFOTECH L,VGINFOTECH-SM
194233601,SDL MP 7.57% 2045,757MP45-SG
6926593,,709RL39-N0
6224129,DIENSTEN TECH,DTL-SM
194162689,ALL TIME PLASTICS,ALLTIME
194362881,SDL UP 7.35% 2039,735UP39-SG
7447553,DELTA AUTOCORP,DELTIC-SM
193716993,,707LICH30-N0
7587073,,CITI27-N0
193754113,,690LICH27-N0
193573121,,IIFL21425A-Y1
7121665,GOI LOAN   6.98% 2054,698GR2054-GS
193747713,GROWWAMC - GROWWSLVR,GROWWSLVR
194433281,,692OIT28-N0
6626817,SDL TN 7.00% 2029,700TN29-SG
7569921,SDL HR 7.14% 2038,714HR38B-SG
6222849,ALLIED BLEND N DISTILS L,ABDL
7378945,SDL TN 7.03% 2029,703TN29A-SG
194271233,,717SIHF28-N0
7484929,SDL HR 7.14% 2038,714HR38-SG
7724033,SDL KL 7.18% 2050,718KL50A-SG
7689217,,760CIT38-N0
6336257,SDL HP 7.25% 2033,725HP33-SG
194085121,SRI LOTUS DEVLPRS N RTY L,LOTUSDEV
193532417,,852MFL28A-N0
194360065,SDL GA 7.28% 2037,728GA37-SG
194387713,SDL BR 7.58% 2043,758BR43-SG
194362369,,ASIFRG-SF
7754241,SBIAMC - SBIBPB,SBIBPB
194004481,SDL HP 7.28% 2047,728HP47-SG
6544385,,1050SCL31A-N1
7022337,,935TSI32-N0
7458561,INDUS TOWERS,INDUSTOWER
193974017,SDL BR 7.01% 2037,701BR37-SG
6374657,,845NOM27-N0
6556161,RAPPID VALVES (INDIA),RAPPID-SM
7555073,SDL AP 7.16% 2040,716AP40-SG
194681345,,741NIIF31-N0
193578241,,850HHFL27-N0
193577217,,890ALSL27-N0
194321153,,ABCRESET28-N0
7454721,SDL HR 7.22% 2038,722HR38-SG
194161665,SAWALIYA FOOD PRODUCTS L,SAWALIYA-SM
6393601,,73BOB34-N0
194196993,SDL TN 7.44% 2055,744TN55-SG
194492929,SDL MZ 7.14% 2033,714MZ33-SG
6252033,SDL RJ 7.32% 2034,732RJ34-SG
194096897,SDL MZ 7.26% 2040,726MZ40-SG
194260737,SDL TN 6.99% 2032,699TN32-SG
193533441,,762TCL30-N0
194296065,ANLON HEALTHCARE,AHCL-BE
7740417,,1015SCL30-N1
194097665,SDL TS 7.19% 2044,719TS44-SG
6962689,SDL UP 7.19% 2036,719UP36-SG
194456321,SDL KL 7.48% 2045,748KL45-SG
7700225,SDL TS 7.23% 2053,723TS53-SG
7424513,SDL KA 7.15% 2042,715KA42-SG
193838593,,930APMD29-N0
193918209,NEPTUNE PETROCHEMICALS L,NEPTUNE-SM
193769473,SDL AP 6.88% 2040,688AP40-SG
6528257,SDL HR 7.12% 2036,712HR36-SG
7741441,,948SCL28-N1
194077441,JEENA SIKHO LIFECARE,JSLL
7786241,SDL TN 6.92% 2029,692TN29-SG
7682049,SDL KA 7.22% 2035,722KA35A-SG
194308353,,76RCFL29-N0
194503681,MIRAEAMC - ENERGY,ENERGY
6633985,,1025UCL26A-N1
194200321,MIRAEAMC - INTERNET,INTERNET
194227969,ARFIN INDIA,ARFIN-BE
7073025,EMERALD TYRE MANUF,ETML-SM
6581249,HVAX TECHNOLOGIES,HVAX-SM
193905153,SDL TS 7.08% 2057,708TS57-SG
194539521,,730BTL27-N0
194586369,SKF IND (INDUSTRIAL),SKFINDUS-BE
194577665,SDL TN 7.2% 2035,72TN35-SG
194578177,SDL TS 7.49% 2039,749TS39-SG
194587137,,736CIFL28-N0
194582785,SDL TS 7.52% 2052,752TS52-SG
179969,DIC INDIA,DICIND
3011841,SDL RJ 7.82% 2032,782RJ32-SG
570625,MODI RUBBER,MODIRUBBER
828929,SDL ML 6.82% 2031,682ML31-SG
1446401,SHANTI OVERSEAS INDIA,SHANTI
237057,ORCHID PHARMA,ORCHPHARMA
579329,BANDHAN BANK,BANDHANBNK
655361,SDL RJ 7.24% 2036,724RJ36-SG
2344449,BALAJI TELEFILMS,BALAJITELE
2503425,SDL GA 7.81% 2032,781GA32-SG
944385,SDL AP 7.04% 2040,704AP40-SG
1040385,CUBEX TUBINGS,CUBEXTUB
39425,APCOTEX INDUSTRIES LIMITE,APCOTEXIND
1254145,SDL KL 7.2% 2056,72KL56-SG
2523649,FIDEL SOFTECH,FIDEL-SM
140033,BRITANNIA INDUSTRIES,BRITANNIA
898817,SDL RJ 6.77% 2031,677RJ31-SG
2893057,LUX INDUSTRIES,LUXIND
2872321,VARDHAMAN ACRYLICS,VARDHACRLC
686849,SDL MZ 7.27% 2033,727MZ33-SG
2383105,STERLITE TECHNOLOGIES,STLTECH
154369,,865IRFC29-NA
261889,FEDERAL BANK,FEDERALBNK
2503937,SDL MN 7.82% 2032,782MN32-SG
1386241,SDL HR 6.92% 2030,692HR30-SG
259593,NIFTY50 TR 1X INV,NIFTY50 TR 1X INV
2824193,SANGINITA CHEMICALS,SANGINITA
1625601,SDL UP 6.99% 2031,699UP31B-SG
3051265,MSP STEEL & POWER,MSPL
1249281,SDL GA 6.96% 2031,696GA31-SG
2615297,SDL AP 7.95% 2040,795AP40-SG
1562625,SDL KA 7.03% 2032,703KA32-SG
2977537,NARMADA AGROBASE,NARMADA-BE
3023105,IIFL FINANCE,IIFL
932609,SDL SK 6.78% 2031,678SK31-SG
617729,SDL RJ 7.22% 2041,722RJ41-SG
1948161,VIVO COLLAB SOLUTIONS,VIVO-SM
278017,SDL UP 6.6% 2030,66UP30-SG
669185,HERANBA INDUSTRIES,HERANBA
1076225,SAMVRDHNA MTHRSN INTL,MOTHERSON
3245569,SDL GA 7.62% 2032,762GA32-SG
2000897,SDL KA 7.31% 2035,731KA35-SG
387841,THE INDIA CEMENTS,INDIACEM
1223681,SDL RJ 7.04% 2036,704RJ36-SG
2647809,RADHIKA JEWELTECH,RADHIKAJWE
2713345,GUJARAT GAS,GUJGASLTD
2485249,SDL MZ 7.69% 2031,769MZ31-SG
2513665,HAVELLS INDIA,HAVELLS
1469953,SDL TN 6.76% 2031,676TN31-SG
291585,GIC HOUSING FINANCE,GICHSGFIN
3038209,63 MOONS TECHNOLOGIES,63MOONS
1117185,GOI STRIPS C 090326,GS090326C-GS
2733057,KOTAKMAMC - KOTAKMNC,MNC
200193,SDL KA 6.62% 2032,662KA32-SG
2195457,SDL ML 7.27% 2032,727ML32-SG
419337,NSE INDEX NIFTY TOTAL MKT MOM QLTY 50,NIFTY TOTAL MKT MOM QLTY 50
898305,TAMILNADU PETROPRODUCTS L,TNPETRO
372225,SDL GA 6.55% 2030,655GA30A-SG
2223105,SDL RJ 7.29% 2032,729RJ32-SG
2971137,GUFIC BIOSCIENCES,GUFICBIO
1832705,SDL KA 6.89% 2033,689KA33-SG
1926145,SDL KA 7.02% 2031,702KA31-SG
3041281,JSW HOLDINGS,JSWHL
1263105,INDIA PESTICIDES,IPL
2990849,SDL GA 7.83% 2032,783GA32-SG
499969,SDL MP 6.61% 2037,661MP37-SG
2315777,AGRO PHOS INDIA,AGROPHOS
2578945,EMAMI PAPER MILLS,EMAMIPAP
2709761,ICICIPRAMC - ICICIMOM30,MOM30IETF
268041,NIFTY 500,NIFTY 500
2542337,VIKAS LIFECARE,VIKASLIFE
405513,NIFTY EV & NEW AGE AUTOMOTIVE,NIFTY EV
408065,INFOSYS,INFY
1761025,SDL HP 6.91% 2031,691HP31-SG
1969153,SDL HR 7.13% 2032,713HR32-SG
1806081,SDL TS 6.96% 2045,696TS45-SG
3369473,CELEBRITY FASHIONS,CELEBRITY
267529,NIFTY50 VALUE 20,NIFTY50 VALUE 20
932097,SDL RJ 6.76% 2031,676RJ31-SG
1020673,GREENPLY INDUSTRIES,GREENPLY
1280513,SDL MH 7.01% 2032,701MH32-SG
2461953,SUPREME PETROCHEM,SPLPETRO
1150465,GOI STRIPS C 220836,GS220836C-GS
255233,SDL UP 6.59% 2030,659UP30-SG
946433,SDL JK 7.04% 2036,704JK36-SG
2176513,SDL TN 7.39% 2052,739TN52-SG
213505,2.50%GOLDBONDS2028SR-VII,SGBOC28VII-GB
2968577,LINCOLN PHARMA,LINCOLN
1386497,SDL AS 6.97% 2031,697AS31-SG
215809,SDL KA 6.4% 2030,64KA30B-SG
2992641,SDL HR 7.81% 2032,781HR32C-SG
1586433,,842IIFL26-NL
1927681,SDL MN 7.0% 2031,70MN31B-SG
3002881,,728IRFC30-NG
240641,PROCTER & GAMBLE HEALTH L,PGHL
1946369,CMS INFO SYSTEMS,CMSINFO
491521,2.50%GOLDBONDS2029SR-IX,SGBJAN29IX-GB
1841665,GOI LOAN 6.57% 2033,657GS2033-GS
2987265,,79NHIT47-N3
462081,KABRA EXTRUSION TECHNIK L,KABRAEXTRU
481025,CARYSIL,CARYSIL
2439937,SDL AP 7.63% 2030,763AP30-SG
2612737,SDL AP 7.94% 2034,794AP34-SG
2941953,SWASTIK PIPE,SWASTIK-SM
18945,SDL KA 6.75% 2033,675KA33-SG
1684225,FINO PAYMENTS BANK,FINOPB
3047681,GENUS POWER INFRASTRU,GENUSPOWER
928257,ICICIPRAMC - ICICIPHARM,HEALTHIETF
1267969,ADROIT INFOTECH,ADROITINFO
1283073,GOI LOAN  6.10% 2031,610GS2031-GS
408329,NIFTY100 ALPHA 30,NIFTY100 ALPHA 30
850177,SPML INFRA,SPMLINFRA
574721,SDL RJ 7.05% 2031,705RJ31-SG
1765889,GOI LOAN 8.26% 2027,826GS2027-GS
2615041,SDL AP 7.95% 2039,795AP39-SG
972545,WEST COAST PAPER MILLS LT,WSTCSTPAPR
2082305,SDL TN 7.04% 2030,704TN30A-SG
197633,DABUR INDIA,DABUR
469761,KANORIA CHEMICALS & INDUS,KANORICHEM
744961,SDL GA 6.85% 2031,685GA31A-SG
3378433,GUJARAT STATE PETRO,GSPL
1439233,CEMINDIA PROJECTS,CEMPRO
98561,MAHINDRA LOGISTIC,MAHLOG
1777665,GANESHA ECOSPHERE,GANECOS
2487553,SDL JK 7.72% 2032,772JK32-SG
302337,GODFREY PHILLIPS INDIA LT,GODFRYPHLP
2139905,SDL MZ 7.25% 2034,725MZ34-SG
3077633,AURIONPRO SOLN,AURIONPRO
617985,SDL WB 7.23% 2041,723WB41-SG
912129,ADANI GREEN ENERGY,ADANIGREEN
2193665,SDL HR 7.09% 2029,709HR29-SG
294409,NIFTY200 ALPHA 30,NIFTY200 ALPHA 30
3392257,SAKUMA EXPORTS,SAKUMA
3066881,SDL AS 7.67% 2032,767AS32-SG
744705,RICO AUTO INDUSTRIES,RICOAUTO
1625857,SDL AP 7.02% 2036,702AP36-SG
2303489,UMIYA BUILDCON,UMIYA-MRO
2678017,SDL HR 7.81% 2032,781HR32B-SG
2061825,KARNATAKA BANK,KTKBANK
1108481,GOI STRIPS C 311225,GS311225C-GS
1354753,PRITIKA AUTO INDUS,PRITIKAUTO
2477825,SOUTH WEST PINNACLE,SOUTHWEST-BE
1253633,SDL KL 7.13% 2046,713KL46-SG
758529,STEEL AUTHORITY OF INDIA,SAIL
194561,CG POWER AND IND SOL,CGPOWER
3045121,DCX SYSTEMS,DCXINDIA
2922753,SDL AP 7.74% 2042,774AP42-SG
12289,HAPPIEST MINDS TECHNO,HAPPSTMNDS
2508801,SDL RJ 7.9% 2042,79RJ42-SG
2708225,MARKSANS PHARMA,MARKSANS
1499393,,975SCL28-NT
2873089,UCO BANK,UCOBANK
1653761,SHUBHLAXMI JEWEL ART,SHUBHLAXMI-ST
419081,NSE INDEX NIFTY500 FLEXICAP Q30,NIFTY500 FLEXICAP Q30
596737,JAYASWAL NECO INDUSTR,JAYNECOIND
483841,SDL TN 6.57% 2031,657TN31-SG
1681409,LAXMI COTSPIN,LAXMICOT
1930241,SDL AP 7.14% 2035,714AP35-SG
2995201,SDL WB 7.95% 2039,795WB39-SG
3039489,SDL MZ 7.87% 2036,787MZ36-SG
1282561,GOENKA DIAMOND&JEWELS,GOENKA-BZ
571649,SDL HP 7.05% 2035,705HP35-SG
2514433,SDL MH 7.89% 2032,789MH32-SG
1534721,SDL RJ 6.91% 2031,691RJ31B-SG
260609,SDL TS 6.8% 2050,68TS50-SG
1650177,ICICIPRAMC - ICICICONSU,CONSUMIETF
78081,BAJAJ HOLDINGS & INVS,BAJAJHLDNG
1014529,GOCL CORPORATION,GOCLCORP
3051521,VITAL CHEMTECH,VITAL-SM
43521,SDL KA 6.7% 2030,67KA30-SG
585985,HLE GLASCOAT,HLEGLAS
1195009,BANK OF BARODA,BANKBARODA
1451521,SDL AS 6.87% 2031,687AS31-SG
557057,AKG EXIM,AKG
2175489,SDL JH 7.35% 2038,735JH38-SG
117761,SDL MP 7.07% 2032,707MP32-SG
1102337,SHRIRAM FINANCE,SHRIRAMFIN
1132289,GOI STRIPS C 220230,GS220230C-GS
549633,SDL RJ 6.96% 2041,696RJ41-SG
961793,VENKY S (INDIA),VENKEYS
948225,SDL MH 6.81% 2031,681MH31-SG
1003009,NATCO PHARMA,NATCOPHARM
2682369,SDL WB 8.07% 2038,807WB38-SG
750849,,863REC29-NC
900353,SDL HR 6.79% 2031,679HR31-SG
770561,AXISAMC - AXISTECETF,AXISTECETF
877057,TATA POWER CO,TATAPOWER
2094593,MOTILALAMC - MOMOMENTUM,MOMOMENTUM
3248385,SDL AP 7.64% 2033,764AP33-SG
1857025,MEDPLUS HEALTH SERV,MEDPLUS
2757889,SDL KL 7.76% 2038,776KL38-SG
262153,NIFTY MNC,NIFTY MNC
1992449,BRAND CONCEPTS,BCONCEPTS-BE
952065,SDL TN 7.03% 2046,703TN46-SG
2402561,PNC INFRATECH,PNCINFRA
2676225,SDL WB 7.97% 2042,797WB42-SG
290313,NIFTY TOTAL MKT,NIFTY TOTAL MKT
270345,NIFTY GROWSECT 15,NIFTY GROWSECT 15
2015745,SDL TS 7.34% 2034,734TS34-SG
573953,SDL NL 7.05% 2031,705NL31-SG
1089025,GOI STRIPS C 121225,GS121225C-GS
264713,HANGSENG BEES-NAV,HANGSENG BEES-NAV
3147521,SDL HR 7.68% 2031,768HR31-SG
479233,SDL TS 6.64% 2051,664TS51-SG
410377,NIFTY CORE HOUSING,NIFTY COREHOUSING
186625,2.50%GOLDBONDS 2025 SR-XI,SGBDEC25XI-GB
946945,GAYATRI HIGHWAYS,GAYAHWS-BE
2228481,SDL UP 7.39% 2037,739UP37-SG
1959425,2.50%GOLDBONDS2026SR-IV,SGBDEC26-GB
2395137,MSTC,MSTCLTD
2681345,SDL RJ 8.05% 2037,805RJ37-SG
613889,SDL KA 7.22% 2038,722KA38-SG
2168065,MITCON CON & ENG SER,MITCON
2489345,SDL MH 7.72% 2034,772MH34-SG
438273,SDL ML 6.6% 2030,66ML30A-SG
570881,SDL GJ 6.93% 2031,693GJ31-SG
1214721,BANK OF INDIA,BANKINDIA
2209793,KOTAKMAMC - KOTAKLOVOL,LOWVOL1
1319681,,875PCHFL31-N9
891393,CHAMAN LAL SETIA EXP,CLSEL
1718017,IL&FS INVESTMENT MANAGERS,IVC
153345,SDL MH 6.45% 2027,645MH27-SG
2020865,SDL RJ 6.45% 2027,645RJ27A-SG
509697,,863IRFC29-NC
408073,NIFTY TOP 20 EQUAL WEIGHT,NIFTY TOP 20 EW
1777409,TARSONS PRODUCTS,TARSONS
726785,MAHICKRA CHEMICAL,MAHICKRA-SM
234497,EID PARRY INDIA,EIDPARRY
2757121,AHIMSA INDUSTRIES,AHIMSA-ST
3357953,SDL HP 7.57% 2032,757HP32-SG
377857,IDBI BANK,IDBI
519425,INDIAN RAILWAY FIN CORP L,IRFC
1399809,SDL AS 6.98% 2031,698AS31A-SG
290825,NIFTY M150 QLTY50,NIFTY M150 QLTY50
954113,ANMOL INDIA,ANMOL
2027265,THE BYKE HOSPITALITY,BYKE
2612481,SDL HR 7.94% 2034,794HR34-SG
419593,NSE INDEX NIFTY SME EMERGE,NIFTY SME EMERGE
487681,SDL AP 6.63% 2037,663AP37-SG
2840577,SDL JK 7.57% 2034,757JK34-SG
2889217,SDL MN 7.71% 2032,771MN32-SG
10497,SDL AP 6.87% 2038,687AP38-SG
886785,,82IGT31-NJ
316417,SDL MH 6.52% 2030,652MH30-SG
530177,SDL RJ 6.45% 2027,645RJ27-SG
819201,SDL AP 6.78% 2039,678AP39-SG
2907905,DHANLAXMI BANK,DHANBANK
3388417,SADBHAV ENGINEERING,SADBHAV
934401,SDL BR 6.39% 2027,639BR27-SG
1969409,SDL KA 7.1% 2032,71KA32-SG
392193,SDL WB 6.68% 2035,668WB35-SG
2918145,SALZER ELECTRONICS,SALZERELEC
1648897,KOTYARK INDUSTRIES,KOTYARK-SM
874753,HONEYWELL AUTOMATION IND,HONAUT
20225,ALEMBIC,ALEMBICLTD
268553,NIFTY GS 4 8YR,NIFTY GS 4 8YR
2671361,ORIENTAL INFRATRUST,OSEINTRUST-IV
62721,ARCHIDPLY DECOR,ADL
2417665,SDL HR 7.74% 2035,774HR35-SG
1364481,SDL MH 6.24% 2026,624MH26-SG
865793,SDL HR 6.92% 2036,692HR36-SG
1400065,SDL GA 6.97% 2031,697GA31-SG
1286913,SDL GA 6.99% 2031,699GA31A-SG
2236161,P. E. ANALYTICS,PROPEQUITY-SM
963073,SDL AP 7.01% 2039,701AP39-SG
607745,SDL AS 6.7% 2027,67AS27-SG
2936833,LLOYDS LUXURIES,LLOYDS-SM
414473,NIFTY CAPITAL MARKETS,NIFTY CAPITAL MKT
534529,MAHARASHTRA SEAMLESS,MAHSEAMLES
611073,SDL UP 7.2% 2031,72UP31-SG
460033,ANTONY WASTE HDG CELL,AWHCL
1850625,HCL TECHNOLOGIES,HCLTECH
2527745,AION-TECH SOLUTIONS,GOLDTECH
2033153,ICICIPRAMC - ICICISILVE,SILVERIETF
2179329,SURANI STEEL TUBES,SURANI-SM
1172737,SDL KL 6.81% 2031,681KL31-SG
1872641,SDL TS 7.04% 2032,704TS32-SG
120577,OSWAL GREENTECH,OSWALGREEN
3068673,INDO COUNT INDUSTRIES,ICIL
205825,SHIVA TEXYARN,SHIVATEX
1785089,DMCC SPECIALITY CHEMICALS,DMCC
1799681,ASIAN ENERGY SERVICES,ASIANENE
110337,SDL AS 6.91% 2030,691AS30-SG
1872897,SDL NL 7.0% 2031,70NL31A-SG
2227457,SDL WB 7.36% 2032,736WB32-SG
1123073,GOI STRIPS C 070626,GS070626C-GS
2540289,SDL NL 7.88% 2032,788NL32-SG
291337,NIFTY IND DIGITAL,NIFTY IND DIGITAL
2289665,RITCO LOGISTICS,RITCO
2919681,SDL TN 7.79% 2032,779TN32-SG
295169,GLAXOSMITHKLINE PHARMA LT,GLAXO
2193921,SDL TN 7.13% 2030,713TN30-SG
3427073,SDL TS 7.66% 2034,766TS34-SG
3393025,SDL KA 7.68% 2034,768KA34-SG
257545,NIFTY CONSUMPTION,NIFTY CONSUMPTION
3280385,HYBRID FINANCIAL SERVICE,HYBRIDFIN-BE
2786561,JFL LIFE SCIENCES,JFLLIFE-SM
3424001,SDL KL 7.63% 2032,763KL32-SG
419849,NSE INDEX NIFTY INDIA INTERNET,NIFTY INDIA INTERNET
2636801,RAMA STEEL TUBES,RAMASTEEL
2691841,UTIAMC - UTISENSETF,UTISENSETF
2834433,AGRI-TECH (INDIA),AGRITECH
3015169,GOKALDAS EXPORTS,GOKEX
1528321,SDL BR 6.87% 2030,687BR30-SG
563201,2.50%GOLDBONDS2029SR-XI,SGBFEB29XI-GB
1424641,SDL UP 6.89% 2031,689UP31-SG
3430657,SDL WB 7.67% 2041,767WB41-SG
51457,UNITED DRILLING TOOLS,UNIDT
738561,RELIANCE INDUSTRIES,RELIANCE
56321,INDIAN ENERGY EXC,IEX
701185,PRISM JOHNSON,PRSMJOHNSN
2744065,SDL AP 7.74% 2038,774AP38-SG
887297,TOURISM FINANCE CORP. OF,TFCILTD
2394625,TAJ GVK HOTELS & RESORTS,TAJGVK
3226369,PRECISION CAMSHAFTS,PRECAM
41985,SDL AS 6.8% 2030,68AS30-SG
652289,SDL AS 7.17% 2031,717AS31-SG
2762497,NUCLEUS SOFTWARE EXPORTS,NUCLEUS
1568001,GOODLUCK INDIA,GOODLUCK
281089,SDL TS 6.8% 2050,68TS50A-SG
350465,SDL RJ 6.62% 2030,662RJ30-SG
2622209,SYNGENE INTERNATIONAL,SYNGENE
241921,2.50%GOLDBONDS2026SR-XIV,SGBJAN26-GB
1872385,SDL UP 6.96% 2031,696UP31-SG
756481,KALYAN JEWELLERS IND,KALYANKJIL
3149057,SDL GA 7.69% 2032,769GA32A-SG
1846017,JET FREIGHT LOGISTICS,JETFREIGHT
2791937,SDL AS 7.53% 2032,753AS32-SG
409609,NIFTY500 MOMENTUM 50,NIFTY500MOMENTM50
2886401,TV TODAY NETWORK,TVTODAY
17409,SDL TS 6.84% 2040,684TS40-SG
2130945,SDL GJ 7.12% 2032,712GJ32-SG
987393,VARROC ENGINEERING,VARROC
2892033,STANDARD INDUSTRIES,SIL
2739201,SURANA TELECOM AND POW LT,SURANAT&P
3418113,MALU PAPER MILLS,MALUPAPER
2778625,SDL BR 7.62% 2032,762BR32-SG
430337,IVP,IVP
650753,SDL MH 7.04% 2029,704MH29-SG
1424897,SDL WB 6.85% 2031,685WB31-SG
900609,TORRENT PHARMACEUTICALS L,TORNTPHARM
1843201,SHRIRAM PROPERTIES,SHRIRAMPPS
299009,G M BREWERIES,GMBREW
787713,SDL KL 6.82% 2032,682KL32-SG
1551873,LICNAMC - LICNMFET,LICNETFGSC
194049,SDL KA 6.51% 2030,651KA30-SG
249089,SDL MH 6.4% 2030,64MH30-SG
748801,SDL WB 6.83% 2031,683WB31-SG
3010305,SDL AP 7.86% 2033,786AP33-SG
271113,NIFTY PVT BANK,NIFTY PVT BANK
897537,TITAN COMPANY,TITAN
1414401,SDL MP 5.99% 2026,599MP26-SG
2644993,SDL HR 7.9% 2034,79HR34-SG
2806017,SDL HP 7.5% 2037,75HP37-SG
728065,RANE HOLDINGS,RANEHOLDIN
1587201,,875IIFL26-NM
2402305,CREATIVE EYE,CREATIVEYE
67329,ATUL,ATUL
2658305,SDL WB 8.02% 2037,802WB37-SG
157185,SDL UP 6.63% 2030,663UP30-SG
392961,SDL TS 6.67% 2050,667TS50-SG
667137,LEMON TREE HOTELS,LEMONTREE
889857,,797IGT31-NL
1726209,SDL KA 6.9% 2031,69KA31-SG
3042561,SDL JH 7.86% 2034,786JH34-SG
261129,NIFTY REALTY,NIFTY REALTY
5272321,,813ABHF28-N3
5360129,SDL UP 7.67% 2033,767UP33-SG
4611073,VL E GOV AND IT SOL,VLEGOV
4939777,TERA SOFTWARE,TERASOFT-BE
4066049,HINDWARE HME INOVATON,HINDWAREAP
5371393,,SCLZC25E-Y4
5213441,SDL JK 7.74% 2043,774JK43-SG
5663233,SDL TN 6.73% 2030,673TN30-SG
3873025,RENAISSANCE GLOBAL,RGL
3924993,NMDC,NMDC
5048833,SDL HR 7.75% 2035,775HR35-SG
6156801,SDL JK 7.35% 2049,735JK49-SG
3909377,CORDS CABLE INDUS,CORDSCABLE
5801729,JANA SMALL FIN BANK,JSFB
3485697,GOLDKART JEWELS,GOLDKART-SM
4434433,SDL BR 7.37% 2030,737BR30-SG
5842433,,825CFHL27-N0
6190849,SDL HR 7.33% 2036,733HR36-SG
5701633,SDL RJ 6.2% 2027,62RJ27-SG
5730561,2.50%GOLDBONDS2028SR-V,SGBAUG28V-GB
4421633,SBI-ETF GOLD,SETFGOLD
5585409,SDL KA 7.73% 2041,773KA41-SG
4841473,SDL MP 7.45% 2044,745MP44-SG
6154497,,865TVSH29-N0
4848129,SDL GJ 7.45% 2031,745GJ31-SG
5759745,SDL TN 7.62% 2034,762TN34-SG
5717249,SDL AP 6.60% 2040,660AP40-SG
5861633,SADHAV SHIPPING,SADHAV-SM
5969665,,1075SCFL34-Z6
3542785,DONEAR IND.,DONEAR
4318721,,81TCHF28-N8
5615873,SDL MH 6.6% 2031,66MH31-SG
4712705,SDL HP 7.42% 2038,742HP38-SG
4336385,SDL TN 7.34% 2043,734TN43-SG
5823745,SDL UP 7.48% 2034,748UP34-SG
3681537,SDL PN 7.69% 2039,769PN39-SG
6182401,FALCON TECHNOPROJ IND,FALCONTECH-SM
4718337,BIGBLOC CONSTRUCTION,BIGBLOC
5662465,SDL TN 7.05% 2026,705TN26-SG
4087297,SDL HR 7.16% 2027,716HR27-SG
5415169,SDL AP 7.74% 2032,774AP32A-SG
3515137,CHAMAN METALLICS,CMNL-SM
3698433,SDL WB 7.79% 2042,779WB42-SG
3520257,INFO EDGE (I),NAUKRI
5440513,AXISAMC - AXISNIFTY,AXISNIFTY
6190337,SDL RJ 7.34% 2034,734RJ34-SG
3674369,SDL TS 7.58% 2045,758TS45-SG
5612545,SDL MN 6.8% 2030,68MN30-SG
4782337,SDL AP 7.44% 2036,744AP36-SG
4592641,,925IHFL25E-N8
6096385,SDL RJ 7.41% 2034,741RJ34-SG
5680385,SDL TS 7.50% 2028,750TS28-SG
4152321,SDL HR 7.29% 2029,729HR29-SG
6072833,,935AKCF27-N0
5215745,COAL INDIA,COALINDIA
6064385,SLONE INFOSYSTEMS,SLONE-SM
5208065,SDL HR 7.71% 2033,771HR33-SG
5670913,SDL WB 7.30% 2029,730WB29-SG
3716609,BIRLASLAMC - ABSLLIQUID,ABSLLIQUID
5054721,SDL TN 7.68% 2030,768TN30A-SG
5886209,SDL KA 7.42% 2035,742KA35-SG
5655041,SDL UP 7.16% 2029,716UP29-SG
5277697,SUPERHOUSE,SUPERHOUSE
5967105,,10SCL31-Z1
3720705,SDL BR 7.73% 2033,773BR33-SG
3828225,SDL AP 7.6% 2029,76AP29-SG
5149697,,1003SCL30A-NV
5344513,PSP PROJECTS,PSPPROJECT
6050561,SDL PN 7.53% 2036,753PN36-SG
4713729,SDL AP 7.4% 2043,74AP43-SG
4453121,SBIAMC - SETF10GILT,SETF10GILT
5316865,,957ISFL26-N2
5941505,SDL KA 7.46% 2038,746KA38-SG
6148865,TBI CORN,TBI-SM
4663297,SDL AP 7.46% 2038,746AP38-SG
5607681,SDL KL 8.10% 2032,810KL32-SG
5035521,COMPUAGE INFOCOM,COMPINFO-BZ
5615617,SDL MH 6.57% 2031,657MH31-SG
5908993,SDL RJ 7.37% 2034,737RJ34A-SG
4468481,SDL GA 7.41% 2033,741GA33-SG
3625985,SDL PY 7.62% 2035,762PY35-SG
4577537,D.B.CORP,DBCORP
5051649,SDL TS 7.67% 2045,767TS45-SG
4861697,SDL MN 7.59% 2035,759MN35-SG
5211393,SDL MP 7.76% 2037,776MP37A-SG
3547649,,IIFLZC28A-NU
4987905,SDL UP 7.7% 2034,77UP34-SG
3832577,GOI LOAN  7.10% 2028,710GR2028-GS
3906561,SDL GJ 7.38% 2030,738GJ30-SG
3597057,GOI LOAN  7.26% 2033,726GS2033-GS
3627009,SDL PY 7.59% 2041,759PY41-SG
5133313,,740IIFCL33-N1
5886465,SDL HR 7.42% 2035,742HR35-SG
3476481,RADIANT CASH MGMT SER,RADIANTCMS
3906305,RELIANCE POWER,RPOWER
3458561,AKASH INFRA-PROJECTS,AKASH
5842945,JUNIPER HOTELS,JUNIPER
5996033,SDL PN 7.49% 2032,749PN32-SG
3491073,JM FINANCIAL,JMFINANCIL
5660417,SDL TN 6.6% 2030,66TN30-SG
3851265,DELTA CORP,DELTACORP
3797505,SDL JK 7.8% 2035,78JK35-SG
5807105,,799TCL29-NE
3950593,2.50%GOLDBONDS2027SR-VII,SGBDC27VII-GB
4629761,SDL UP 7.5% 2035,75UP35-SG
6173185,,759NH27-NE
4335105,SDL MZ 7.36% 2038,736MZ38-SG
4576001,GODREJ PROPERTIES,GODREJPROP
4339201,CELL POINT (INDIA),CELLPOINT-SM
4299521,ARCHIDPLY IND.,ARCHIDPLY
3552513,SDL AS 7.67% 2033,767AS33-SG
5484289,MOTILAL OS MIDCAP100 ETF,MOM100
5630721,SDL NL 8.0% 2030,80NL30-SG
4569857,D-LINK INDIA,DLINKINDIA
3598849,SANGHVI MOVERS,SANGHVIMOV
4940801,VISHNUSURYA PROJ N INFR L,VISHNUINFR-SM
5611777,SDL MN 6.56% 2030,656MN30-SG
5308929,SDL HP 7.65% 2035,765HP35-SG
6112769,SDL MZ 7.37% 2039,737MZ39-SG
6060289,SDL HP 7.47% 2033,747HP33-SG
6080257,,787LIC29-N3
5058049,,940SCL26-N6
4360193,THYROCARE TECH,THYROCARE
4417793,SDL KL 7.42% 2043,742KL43-SG
4852225,SDL HR 7.48% 2035,748HR35-SG
3578113,SDL MP 7.72% 2038,772MP38-SG
4347393,SDL GA 7.47% 2038,747GA38-SG
5600513,SDL BR 7.74% 2039,774BR39-SG
5835521,,749PFC34-N9
5226241,SHEETAL UNIVERSAL,SHEETAL-SM
3870465,EDELWEISS FIN SERV,EDELWEISS
3626497,SDL MZ 7.62% 2036,762MZ36-SG
3675393,SDL TN 7.56% 2053,756TN53-SG
5953025,,762NABAR29-N3
4783873,SDL JK 7.41% 2053,741JK53-SG
3673857,SDL AP 7.69% 2043,769AP43-SG
3706625,DIVGI TORQTRANSFER SYST L,DIVGIITTS
5050881,SDL AP 7.7% 2043,77AP43-SG
5479937,AVADH SUG & ENERGY,AVADHSUGAR
4699905,SANDUR MANG & IRON ORES L,SANDUMA
3927553,SHALIM PAINTS,SHALPAINTS
5559297,SDL PN 6.65% 2050,665PN50-SG
4774913,ICICI PRU LIFE INS CO,ICICIPRULI
4294913,MIRAEAMC - MASILVER,SILVERAG
4271873,DIGISPICE TECHNOLOGIES LT,DIGISPICE-BE
3613953,SDL TN 7.55% 2053,755TN53-SG
5359617,KIRLOSKAR OIL ENG,KIRLOSENG
5446913,SDL PY 7.78% 2036,778PY36-SG
5485313,THE INVEST TRUST OF IND L,THEINVEST
5459201,,840CIFCL27-NI
6062593,SDL AP 7.46% 2038,746AP38A-SG
5290497,SDL AP 6.56% 2031,656AP31-SG
3864321,SDL RJ 7.56% 2033,756RJ33-SG
5307137,SDL ML 7.63% 2032,763ML32-SG
5366529,SDL AR 8% 2030,8AR30-SG
5593857,SDL JH 7.68% 2032,768JH32-SG
3898369,UJJIVAN SMALL FINANC BANK,UJJIVANSFB
5544705,,840TPL26-N0
5667585,SDL TR 7.21% 2029,721TR29-SG
5652225,SDL RJ 6.55% 2030,655RJ30-SG
6014721,SDL MH 7.45% 2041,745MH41-SG
5839617,,850NIRMA27-N7
4468737,SDL RJ 7.41% 2033,741RJ33-SG
4981249,PLAZA WIRES,PLAZACABLE
3535873,FUTURE ENTERPRISES,FEL-BZ
5789697,SDL HR 7.49% 2036,749HR36-SG
5760001,SDL MH 7.63% 2035,763MH35-SG
3641089,TECHNOCRAFT IND,TIIL
4284417,M K PROTEINS,MKPL
5660929,SDL TN 6.69% 2050,669TN50-SG
4747009,DIAMOND POWER INFRA,DIACABS
5657345,SDL UP 7.29% 2029,729UP29-SG
5699585,SDL AP 6.49% 2033,649AP33-SG
5551105,,840TPL29-N3
5791233,SDL AP 7.46% 2041,746AP41A-SG
3874305,,729IRFC26-NN
4743169,SDL MH 7.47% 2034,747MH34-SG
4786177,SDL GA 7.46% 2033,746GA33-SG
5992193,DSPAMC - LIQUIDADD,LIQUIDADD
5625089,SDL MP 7.17% 2035,717MP35-SG
5128705,,764NABAR31-N2
4350465,SDL TS 7.4% 2045,74TS45-SG
3675905,SDL AP 7.7% 2028,77AP28-SG
5368833,,888SCL25B-Y2
4892417,N.B.I. IND. FIN. CO.,NBIFIN
4689921,SDL BR 7.45% 2031,745BR31-SG
5998593,SDL MH 7.44% 2042,744MH42-SG
6111489,SDL TN 7.38% 2034,738TN34-SG
5746689,SDL GJ 6.45% 2030,645GJ30-SG
5978369,SDL UP 7.51% 2038,751UP38-SG
5630977,SDL NL 7.2% 2029,72NL29-SG
3654913,SDL MP 7.59% 2038,759MP38-SG
5088513,MUSIC BROADCAST,RADIOCITY
6100481,RULKA ELECTRICALS,RULKA-SM
6129153,,94SCL27-ZG
5702913,WORTH PERIPHERALS,WORTHPERI
3653121,SDL AP 7.71% 2033,771AP33-SG
5762305,SDL TN 7.55% 2054,755TN54-SG
3794945,SDL RJ 7.78% 2033,778RJ33-SG
4350209,SDL AP 7.42% 2043,742AP43-SG
5387265,,980SCL33B-YL
5786625,SDL AP 7.39% 2029,739AP29-SG
5908737,SDL HP 7.39% 2034,739HP34-SG
5276673,,850TPL26-N0
5618689,SDL MP 6.58% 2035,658MP35-SG
3677953,SDL MH 7.72% 2031,772MH31-SG
5019905,SDL TS 7.72% 2035,772TS35-SG
5350145,ELECTRO FORCE (INDIA),EFORCE-SM
5668865,SDL WB 7.18% 2035,718WB35-SG
5619969,,833TPL27-N5
5626113,SDL MP 7.21% 2034,721MP34-SG
3742209,CHEMBOND MATERIALTECH,CHEMBOND
5968641,,1003SCFL31-Z4
3740929,QUALITY FOILS (INDIA),QFIL-SM
4034305,SDL AP 7.35% 2039,735AP39-SG
4483585,SETCO AUTOMOTIVE,SETCO
5017345,PRAKASH STEELAGE,PRAKASHSTL
5193985,ROCKINGDEALS CIRCU ECO L,ROCKINGDCE-SM
3935745,,840CIFCL28-N4
5824513,SDL MH 7.47% 2036,747MH36-SG
3824129,MIRAEAMC - MAGS813ETF,GSEC10YEAR
3899137,,1025SFIL26-NT
3696641,NAHAR SPINNING MILLS,NAHARSPING
5648641,SDL RJ 7.88% 2032,788RJ32-SG
3700481,SDL TN 7.57% 2053,757TN53-SG
3709697,VERTEXPLUS TECHNOLOGIES L,VERTEXPLUS-SM
4914177,TILAKNAGAR INDUSTRIES,TI
5826561,SDL JK 7.45% 2054,745JK54-SG
5666305,SDL TN 6.68% 2055,668TN55-SG
5411841,SDL HP 6.29% 2026,629HP26-SG
5558529,LASA SUPERGENERICS,LASA
3921665,SDL PN 7.47% 2043,747PN43-SG
3724033,NDL VENTURES,NDLVENTURE
5162753,ROX HI TECH,ROXHITECH-SM
3717633,,739NHAI31A-ND
3982081,HEALTHCARE GLOB. ENT.,HCG
5287169,SDL AS 6.55% 2030,655AS30-SG
6144257,SDL AP 7.43% 2046,743AP46-SG
3493889,TALBROS AUTO. COMP.,TALBROAUTO
4324865,,TCHF30-NB
4628993,SDL GA 7.5% 2033,75GA33-SG
5629953,SDL MP 6.69% 2030,669MP30-SG
5378561,,965SCL28B-YB
3854849,AVALON TECHNOLOGIES,AVALON
5021441,SDL KA 7.69% 2033,769KA33-SG
5778177,BAWEJA STUDIOS,BAWEJA-SM
5707265,SDL AP 6.55% 2035,655AP35-SG
4876033,,105IIFL29-N7
5147649,SDL HP 7.18% 2032,718HP32-SG
5981441,SRI ADHIKARI BRO TELE N L,SABTNL
4765185,SAMHI HOTELS,SAMHI
5212417,SDL MN 7.77% 2038,777MN38-SG
3573249,SDL AP 7.66% 2032,766AP32-SG
5878785,,925BCIPL28-N1
3577089,SDL UP 7.72% 2036,772UP36-SG
3802369,OMAXE,OMAXE
4935169,E FACTOR EXPERIENCES,EFACTOR-ST
6021121,DCG CABLES & WIRES,DCG-SM
6191105,PI INDUSTRIES,PIIND
3802881,SDL KL 7.76% 2051,776KL51-SG
4896257,KIOCL,KIOCL
5803521,RASHI PERIPHERALS,RPTECH
3591681,,984SFIL26A-NK
5097217,SDL MH 7.71% 2033,771MH33-SG
6127873,,SCL310524-ZF
4814337,CELLECOR GADGETS,CELLECOR-SM
5651457,SDL RJ 7.03% 2030,703RJ30-SG
3653889,SDL UP 7.66% 2033,766UP33A-SG
4488961,,SCLZC26B-AY
5608961,SDL KL 6.63% 2030,663KL30-SG
4632577,JUBILANT FOODWORKS,JUBLFOOD
5323265,SUMEET IND,SUMEETINDS-BE
5914369,SDL TS 7.36% 2050,736TS50-SG
4557057,LLOYDS ENGG WORK,LLOYDSENGG
6042625,,1035CCSP27-N3
6106625,GOI LOAN  7.02% 2027,702GS2027-GS
6115329,GSM FOILS,GSMFOILS-SM
5055489,SDL UP 7.71% 2033,771UP33-SG
5623297,SDL MP 7.12% 2035,712MP35-SG
5209089,SDL GA 7.75% 2033,775GA33-SG
6061057,SDL TS 7.47% 2036,747TS36-SG
5809921,SDL AS 7.45% 2031,745AS31-SG
4879617,MANAPPURAM FINANCE,MANAPPURAM
5786113,PTC INDIA FIN SERV,PFS
5615105,SDL MH 7.6% 2030,76MH30-SG
3513601,DCB BANK,DCBBANK
4454145,SERVICE CARE,SERVICE-SM
5914625,SDL KL 7.36% 2054,736KL54-SG
4680705,NIP IND ETF HANGSENG BEES,HNGSNGBEES
5644801,SDL RJ 6.58% 2030,658RJ30-SG
3655425,SDL PN 7.59% 2039,759PN39-SG
3920641,SDL MN 7.49% 2035,749MN35-SG
4315905,SINDHU TRADE LINKS,SINDHUTRAD
6063873,ANUPAM RASAYAN INDIA,ANURAS-W1
5771521,,CIFC26-NK
5791489,SDL MP 7.48% 2041,748MP41-SG
4380929,SDL RJ 7.43% 2048,743RJ48-SG
3853569,ENERGY DEVE. CO.LTD,ENERGYDEV-BE
5243649,SDL JK 7.63% 2053,763JK53A-SG
6027265,SDL UP 7.48% 2042,748UP42-SG
3538177,RUCHIRA PAPERS,RUCHIRA
4303105,SDL TS 7.36% 2041,736TS41-SG
3699457,SDL MP 7.77% 2043,777MP43-SG
4676609,AEROFLEX INDUSTRIES,AEROFLEX
4905729,SDL UK 7.54% 2033,754UK33-SG
6158593,SDL PN 7.41% 2034,741PN34A-SG
4745729,SDL TS 7.44% 2045,744TS45-SG
3764225,,965SCL28-AK
3448833,GOI LOAN 6.45% 2029,645GS2029-GS
3752193,INSECTICIDES (I),INSECTICID
6162689,,792LIC27-N5
5942785,SDL WB 7.45% 2044,745WB44-SG
5051137,GUJARAT PIPAVAV PORT,GPPL
3904769,,890SFIL23A-NZ
3781377,TARMAT,TARMAT
3619585,SURATWWALA BUS GROUP,SBGLP
3730945,MCON RASAYAN INDIA,MCON-SM
4145153,PAVNA INDUSTRIES,PAVNAIND
6071809,REFRACTORY SHAPES,REFRACTORY-SM
4996353,SDL ML 7.72% 2031,772ML31-SG
5679873,SDL TS 6.24% 2026,624TS26-SG
4378369,SDL TS 7.47% 2041,747TS41-SG
3758337,GUJ. APOLLO IND.,GUJAPOLLO-BE
5051393,SDL RJ 7.7% 2043,77RJ43-SG
4261889,SDL HR 7.32% 2033,732HR33-SG
3908097,JKUMAR INFR.LTD.,JKIL
5996801,SDL AP 7.46% 2044,746AP44-SG
5788673,SDL AS 7.52% 2034,752AS34-SG
5972737,SDL MH 7.48% 2042,748MH42-SG
4398337,MIRAEAMC - MANXT50,NEXT50
5351169,,813PNBH33-N0
5585921,SDL KA 7.67% 2042,767KA42-SG
5211137,SDL PN 7.79% 2036,779PN36-SG
5092353,SDL AS 7.74% 2033,774AS33-SG
5124609,SDL JK 7.1% 2030,71JK30-SG
5124097,SDL BR 7.14% 2030,714BR30-SG
3623937,SDL GJ 7.68% 2030,768GJ30-SG
5248769,ASL INDUSTRIES,ASLIND-ST
3733505,ICICIPRAMC - PSUBANKICI,PSUBNKIETF
4565505,SDL TS 7.47% 2032,747TS32-SG
4900353,USHA MARTIN EDU & SOL,UMESLTD
5148417,,1050SCL30-NU
3803649,KOTAK GOLD ETF,GOLD1
3694337,SDL BR 7.71% 2033,771BR33-SG
4326401,D P WIRES,DPWIRES
4387841,IDEAFORGE TECHNO,IDEAFORGE
5899009,R K SWAMY,RKSWAMY
4263681,SDL KL 7.29% 2051,729KL51-SG
5443585,SDL GJ 7.66% 2032,766GJ32-SG
6050305,SDL AP 7.53% 2036,753AP36-SG
4490497,DAMODAR INDUSTRIES,DAMODARIND
4711425,SDL TN 7.43% 2033,743TN33-SG
5053953,SDL JK 7.63% 2053,763JK53-SG
4476417,EXPLEO SOLUTIONS,EXPLEOSOL
4333569,SDL TN 7.39% 2033,739TN33A-SG
5130241,SDL HP 7.11% 2030,711HP30-SG
5810689,SDL CG 7.46% 2033,746CG33-SG
5935105,MOTILALAMC - MOREALTY,MOREALTY
5688321,SDL PN 7.17% 2030,717PN30A-SG
5021185,SDL TN 7.68% 2030,768TN30-SG
5840129,,747RL34-NL
6111233,SDL RJ 7.37% 2034,737RJ34B-SG
5283329,,92LTF29-N4
5667841,SDL TR 7.17% 2030,717TR30-SG
4567297,SDL PN 7.43% 2048,743PN48A-SG
3911169,ONMOBILE GLOBAL,ONMOBILE
5001729,SDL AP 7.66% 2037,766AP37-SG
5999105,SDL AP 7.46% 2043,746AP43A-SG
3564801,NATIONAL FERT.,NFL
5340929,SDL AP 7.02% 2030,702AP30-SG
4466177,SDL BR 7.4% 2030,74BR30-SG
5980929,,MUTF27-NL
6130177,,902SCL27A-ZI
193763841,GOI LOAN  6.33% 2035,633GS2035-GS
6381569,ELGI RUBBER CO.,ELGIRUBCO-BE
6579201,SDL KA 7.0% 2030,70KA30-SG
7747329,,726NTPC40-N0
193521153,,ABCL26-N3
7613953,,7645LICH30-N0
194307073,GANESH CONSUMER PRODUCT L,GANESHCP
7237633,SDL TS 7.10% 2046,710TS46-SG
7693057,ROADSTAR INFRA INVT TRUST,ROADSTAR-IV
193823233,GOI TBILL 364D-14/05/26,364D140526-TB
194153729,GOI TBILL 182D-12/02/26,182D120226-TB
7789313,SDL GJ 7.02% 2033,702GJ33-SG
194264321,SDL MH 7.18% 2033,718MH33-SG
6417665,PARAMATRIX TECHNOLOGIES L,PARAMATRIX-SM
193799425,,740SIHF28-N0
193547009,,78618ABH28-N0
194566145,SDL TS 7.45% 2048,745TS48-SG
194364673,,165RARL28-N0
194457345,GOI TBILL 182D-08/05/26,182D080526-TB
7551745,SDL GJ 7.07% 2034,707GJ34-SG
7554049,SDL MH 7.14% 2039,714MH39-SG
6944769,,723SBI39-N0
6617345,,757LICH29-N0
7560961,,805PHFL30-N0
6490113,SDL MH 7.1% 2033,71MH33-SG
193737985,SDL WB 7.11% 2047,711WB47-SG
194197249,SDL UP 7.12% 2033,712UP33-SG
8150273,SREELEATHERS,SREEL
6490369,SDL BR 7.11% 2033,711BR33-SG
6568193,,PCPL27-N0
193931777,SDL TN 6.82% 2036,682TN36-SG
194516225,GOI TBILL 91D-12/02/26,91D120226-TB
7373057,NEWMALAYALAM STEEL,NMSTEEL-SM
6416641,AERON COMPOSITE,AERON-SM
7592193,MAXVOLT ENERGY INDUS L,MAXVOLT-ST
194238465,SHIVASHRIT FOODS,SHIVASHRIT-SM
193717761,SDL TS 6.79% 2056,679TS56-SG
7471617,,990IIFL26B-N0
194382593,SDL UP 7.12% 2033,712UP33A-SG
193910785,,925SCL2028-N8
194329601,,965ISF28-N0
6418689,RAYMOND LIFESTYLE,RAYMONDLSL
6594049,GROWWAMC - GROWWDEFNC,GROWWDEFNC
7380737,SDL WB 7.17% 2042,717WB42-SG
6273025,SATI POLY PLAST,SATIPOLY-SM
7049473,,935TSI27-N0
6483969,ALEMBIC PHARMA,APLLTD
7436801,ZUARI AGRO CHEMICALS,ZUARI
193551873,SDL MH 6.76% 2037,676MH37-SG
194353665,SDL AS 7.47% 2045,747AS45-SG
7747841,,748NABF28-N0
193938689,,930IIFL35-N0
194565121,SDL JK 7.51% 2040,751JK40-SG
6578433,SDL WB 7.15% 2044,715WB44A-SG
194198785,GOI TBILL 364D-20/08/26,364D200826-TB
6518785,,12VCCL27-N0
7680257,SDL AP 7.22% 2034,722AP34-SG
6912769,SDL TN 7.12% 2034,712TN34A-SG
6275585,,74CB34-N0
7695105,,990IIFL27A-N0
7404801,,1015SCL29T-N1
7732737,,980SCL35-N1
7940353,THOMAS SCOTT (INDIA),THOMASCOTT
7395329,SENORES PHARMACEUTICALS L,SENORES
194232833,SDL JK 7.82% 2042,782JK42-SG
193743105,SDL AS 6.63% 2035,663AS35-SG
7383041,,7685TCHF28-N0
194283777,SDL KL 7.74% 2060,774KL60-SG
7539713,DR AGARWALS HEALTH CARE L,AGARWALEYE
193772801,PRIMO CHEMICALS,PRIMO
194035969,EURO PANEL PRODUCTS,EUROBOND
6239233,,833PHFL29-N0
194312449,SDL MP 7.44% 2046,744MP46-SG
6292481,,739IREDA39-N0
6634497,,1040UCL27B-N1
7562497,CHAMUNDA ELECTRICAL,CHAMUNDA-SM
7736833,,990SCL28-N1
194388481,SDL MP 7.48% 2045,748MP45-SG
194300929,GRETEX CORPORATE SERVICES,GCSL-BE
6338561,SDL MP 7.28% 2045,728MP45-SG
193542913,,815ANN30-N0
6455553,SDL TN 7.22% 2054,722TN54A-SG
194384897,RUBICON RESEARCH,RUBICON
6398465,SDL MP 7.22% 2045,722MP45-SG
7437057,SDL GJ 7.05% 2032,705GJ32-SG
194318593,SAATVIK GREEN ENERGY,SAATVIKGL
6917889,,865BTL27-N0
6434817,BROOKS LAB,BROOKS
193909505,,842SCL27-N3
6398977,SDL RJ 7.23% 2046,723RJ46-SG
6400001,SDL JK 7.23% 2054,723JK54-SG
194567937,,840CIFL32-N0
194104577,JYOTI GLOBAL PLAST,JYOTIGLOBL-SM
194293249,STL NETWORKS,STLNETWORK
6193153,SDL TS 7.31% 2042,731TS42-SG
7462657,SAT KARTAR SHOPPING,SATKARTAR-SM
194344705,JAYESH LOGISTICS,JAYESH-SM
6397953,SDL RJ 7.27% 2042,727RJ42-SG
194490369,EMMVEE PHOTOVOLTAIC PWR L,EMMVEE
194285057,SDL PN 7.73% 2032,773PN32-SG
194515201,CURIS LIFESCIENCES,CURIS-SM
6994177,SDL TN 7.08% 2034,708TN34-SG
6613761,VINTAGE COFFEE N BVRGS L,VINCOFE
7660545,SDL TN 7.18% 2036,718TN36-SG
6935553,,850CIFL34-N0
7748353,,739SIDBI30-N0
193902337,MOTILALAMC - MOPSE,MOPSE
193522689,,797ABCL28-N9
193769729,SDL AP 6.85% 2041,685AP41-SG
6422529,ASAHI SONGWON COLOR,ASAHISONG
6492161,SDL MH 7.13% 2037,713MH37-SG
7716865,,745PFCL28-N0
7733761,,SCL19325A-N1
194214913,,796TIL29-N0
7440129,SDL BR 7.15% 2040,715BR40-SG
194507009,,12DCCL27-N0
194100225,SDL ML 7.00% 2035,700ML35-SG
6536193,,925SCL26E-N1
7678721,SDL GJ 7.06% 2030,706GJ30-SG
6559745,,GFL26-N0
194446849,,91PFL35-N0
6645505,SDL KA 7.15% 2036,715KA36-SG
6289409,SDL TS 7.35% 2040,735TS40-SG
193892865,SDL TN 6.92% 2045,692TN45-SG
193756417,SDL TS 6.79% 2053,679TS53-SG
194498561,,761ABCL35-N0
194015233,,915AEL28-NC
194351617,SDL MZ 7.48% 2036,748MZ36-SG
194408193,SHEEL BIOTECH,SHEEL-SM
6551809,,79SHFL27-N0
6941185,SDL GJ 7.08% 2033,708GJ33-SG
6945281,,714NHB34-N0
194427905,,84AIL28-N0
194511617,,765TMCV28-N0
193789953,,755TPREL40-N0
193561089,SDL TR 6.75% 2040,675TR40-SG
6230785,SDL TS 7.37% 2042,737TS42-SG
6231297,SDL JK 7.36% 2046,736JK46-SG
6427393,SDL AP 7.23% 2034,723AP34-SG
193903361,SDL HR 7.03% 2039,703HR39-SG
7657473,SDL GJ 6.98% 2030,698GJ30-SG
7046657,,935TSIIC33-N0
7496193,SDL BR 7.12% 2037,712BR37-SG
6632193,WAAREE ENERGIES,WAAREEENER
194353921,SDL WB 7.47% 2046,747WB46-SG
194386433,SDL RJ 7.46% 2038,746RJ38-SG
7222529,SDL BR 7.12% 2034,712BR34-SG
7933441,,871REC28-N9
194502657,FINBUD FINANCIAL SERV,FINBUD-SM
193545729,WAAREE RENEWABLE TECH,WAAREERTL
194376961,,QSIFHDG-SF
193552385,SDL MH 6.75% 2039,675MH39-SG
194565633,SDL WB 7.48% 2044,748WB44A-SG
6228481,SDL AP 7.37% 2033,737AP33A-SG
6479873,P N GADGIL JEWELLERS,PNGJL
7105025,INNOVANA THINKLABS,INNOVANA
193756673,SDL TS 6.8% 2057,68TS57-SG
194284289,SDL TN 6.27% 2027,627TN27-SG
7565057,,775CIT38-N0
6221313,,816LTFH27-N0
7376385,SDL BR 7.15% 2034,715BR34A-SG
7729665,,820CANF27-N0
6941697,SDL HP 7.13% 2039,713HP39-SG
7185665,SUPREME FACILITY MGMT,SFML-SM
193822209,SDL TS 6.86% 2047,686TS47-SG
193978369,SDL TN 6.14% 2028,614TN28-SG
194284545,SDL GJ 7.01% 2031,701GJ31A-SG
7117569,,775LTFL27-N0
6402305,SDL GA 7.23% 2034,723GA34-SG
7730689,,732RL35-N0
193801473,SDL JK 6.84% 2042,684JK42-SG
194134529,,12VCCL27D-N0
6579457,SDL BR 7.11% 2033,711BR33A-SG
194389761,SDL TS 7.53% 2052,753TS52-SG
7225857,SDL HP 7.12% 2036,712HP36-SG
6281729,MAITHAN ALLOYS,MAITHANALL
7493121,REXPRO ENTERPRISES,REXPRO-SM
194277889,VIGOR PLAST INDIA,VIGOR-SM
7379713,SDL UP 7.16% 2039,716UP39-SG
6424321,SDL AP 7.25% 2037,725AP37-SG
193524481,,812ABCL28-NG
6458113,,803ABHFL29-N0
7603969,SDL MP 7.18% 2048,718MP48A-SG
6194689,SDL RJ 7.33% 2043,733RJ43-SG
6519297,,12VCCL29-N0
7588097,,728IRFC40-N0
7670273,JUSTDIAL,JUSTDIAL
193992961,SDL MP 7.23% 2042,723MP42-SG
6481409,,724INBK34-N0
6563841,LIC MF - LIC GOLD ETF,LICMFGOLD
6561025,U. Y. FINCORP,UYFINCORP-BE
194522369,SDL UP 7.12% 2033,712UP33B-SG
6555137,MOTILALAMC - MOMENTUM50,MOMENTUM50
7603713,SDL BR 7.18% 2045,718BR45B-SG
7481345,ONESOURCE SPECL PHARMA L,ONESOURCE
7446273,QUADRANT FUTURE TEK,QUADFUTURE
7452929,CARE RATINGS,CARERATING
193964033,GOI TBILL 182D-08/01/26,182D080126-TB
6238721,,823SFL34-N0
6993921,SDL PN 7.08% 2034,708PN34-SG
193984513,SDL HR 7.15% 2040,715HR40-SG
6579713,SDL KL 7.1% 2034,71KL34-SG
6637313,DANISH POWER,DANISH-SM
6482945,EXCELLENT WIRES N PACK L,EXCELLENT-SM
6919425,,875BTL28-N0
7384833,VENTIVE HOSPITALITY,VENTIVE
7805953,,819CIFL27-N0
193975041,SDL TN 7.07% 2055,707TN55-SG
7701761,SDL MP 7.17% 2031,717MP31-SG
194261761,GOI TBILL 364D-23/10/26,364D231026-TB
6462465,GAJANAND INTERNATIONAL L,GAJANAND-SM
193958913,SDL MP 7.14% 2041,714MP41-SG
6336001,DHARIWALCORP,DHARIWAL-ST
193971713,,74342PHF30-N0
7734785,,965SCL27-N1
193518081,,850TIAPL28-N0
194234369,SDL KL 7.58% 2050,758KL50-SG
6310145,SDL PN 7.34% 2035,734PN35-SG
194155521,SPANDANA RS.5 PPD UP,SSFLPP-E1
7313665,,990IIFL27-N0
193620737,,678IRFC30-N0
7583745,AJAX ENGINEERING,AJAXENGG
194220801,EFC (I),EFCIL
193774593,,686NHPCL32-N0
7661057,SDL MH 7.17% 2037,717MH37-SG
7738369,,1003SCL32-N1
194219521,ARC INSULATION & INSU,ARCIIL-SM
6338305,SDL MH 7.27% 2044,727MH44-SG
6980097,INNOVATIVE TYRE & TUBE LT,ITTL-ST
7560449,,950ISF27-N0
193914113,,945SCL32-NL
7220481,SDL ML 7.11% 2033,711ML33-SG
6229249,SDL PN 7.38% 2034,738PN34-SG
194351873,SDL PY 7.48% 2036,748PY36-SG
7796481,SPECTRUM ELECTRIC IND,SPECTRUM
6195969,SDL RJ 7.33% 2044,733RJ44-SG
194374913,,930SCL2035-N0
6403073,SDL AP 7.24% 2036,724AP36-SG
7790849,SDL OR 7.05% 2035,705OR35-SG
6247169,ASHIANA HOUSING,ASHIANA
194174977,SBIAMC - SBILIQETF,SBILIQETF
7406593,,98SCL34Z-N1
6946305,,1020CCSP27-N0
193558017,GROWWAMC - GROWWMOM50,GROWWMOM50
193562881,SDL TS 6.79% 2052,679TS52-SG
193941249,SAFE ENTER RETAIL FIX,SAFEENTP-SM
194218241,SDL RJ 7.54% 2053,754RJ53-SG
6454273,SDL TN 7.03% 2029,703TN29-SG
194273281,,770AIFL26-N0
6451457,,736IRED39-N0
193935361,SDL RJ 6.73% 2035,673RJ35-SG
7721217,SDL KL 7.17% 2038,717KL38-SG
7544065,,865MFL28-N0
6427905,SDL RJ 7.24% 2034,724RJ34-SG
193503489,,704NBFID35-N0
6377985,FORCAS STUDIO,FORCAS-SM
6458625,,807SMFG27-N0
193768193,SDL ML 6.88% 2035,688ML35-SG
194190849,KALPATARU,KALPATARU
194589697,GLOTTIS,GLOTTIS
7494145,,12VCCL29A-N0
7680513,SDL CG 7.28% 2034,728CG34-SG
194223361,MAHENDRA REALTO & INFRA L,MRIL-SM
7506689,,734IRFC28-N4
7681537,SDL RJ 7.22% 2035,722RJ35-SG
193919489,,930SCL35-NN
194559489,EDELAMC - ENIFTY,ENIFTY
194005249,SDL RJ 7.15% 2053,715RJ53-SG
194259457,LLOYD RE.0.50 PPD UP,LLOYDPP-E1
6541825,,SCL25924C-N1
193776385,SOLARA RS. 7 PPD UP,SOLARAPP1-E1
7456257,SDL KL 7.24% 2044,724KL44-SG
6478337,SPP POLYMER,SPPPOLY-SM
193769985,SDL PN 6.88% 2045,688PN45-SG
6626561,SDL GA 7.12% 2034,712GA34A-SG
6955009,,975SIPL29-N0
7104001,,769LICH26-N0
193977089,,760ABCL35-N0
7710977,MIRAEAMC - EQUAL200,EQUAL200
6269441,SDL TS 7.33% 2040,733TS40-SG
7486721,,875TVSH30-N0
193754369,SDL TN 6.54% 2031,654TN31-SG
193977601,NIPPONAMC - LIQGRWBEES,LIQGRWBEES
194089217,,714SDIL32-N0
7699969,SDL AR 7.24% 2045,724AR45-SG
194025985,SDL PN 7.19% 2049,719PN49-SG
194394881,SYSTEMATIX CORP SERVICE L,SYSTMTXC
7607553,,834MLICL35-N0
193932801,SDL MH 7.08% 2039,708MH39-SG
193818113,BELRISE INDUSTRIES,BELRISE
6392065,WINDSOR MACHINES,WINDMACHIN
194235137,GOI TBILL 364D-28/08/26,364D280826-TB
6296321,RUSHIL DECOR,RUSHIL
6375681,BRACE PORT LOGISTICS,BRACEPORT-SM
7931905,,846REC28-N6
7702785,ORIENT CEMENT,ORIENTCEM
194238209,ANONDITA MEDICARE,ANONDITA-ST
194552065,PAUSHAK,PAUSHAKLTD
194314241,GOI TBILL 91D-25/12/25,91D251225-TB
6941441,SDL TS 7.13% 2039,713TS39-SG
193904129,SDL PY 7.09% 2040,709PY40-SG
194088961,RENOL POLYCHEM,RNPL-ST
193561345,SDL PN 6.77% 2043,677PN43-SG
193961729,,880IIFL26-N0
7722241,SDL TN 7.18% 2045,718TN45-SG
7735809,,SCL19325-N1
6936065,,776FEDB34-N0
7552257,SDL MH 7.12% 2036,712MH36A-SG
7603457,SDL MP 7.16% 2040,716MP40A-SG
194423297,EDELAMC - ELIQUID,ELIQUID
194533633,,1225IFL27-N0
6948865,BLACKBUCK,BLACKBUCK
194274561,SDL JK 7.51% 2045,751JK45-SG
193885441,,760GFL30-N0
6414849,,785IIFL27-N0
6631681,,708PGC34-N0
193903105,SDL AP 7.05% 2039,705AP39-SG
7712001,SAMMAAN CAPITAL,SAMMAANCAP
194525697,GOI TBILL 364D-19/11/26,364D191126-TB
193932033,SDL MH 6.98% 2037,698MH37-SG
6439681,,980ICCL29-N0
6569473,,950ISF26-N0
7097089,DHANLAXMI CROP SCIENCE L,DHANLAXMI-SM
6615041,,7712TCHF28-N0
194004993,SDL KL 7.17% 2051,717KL51-SG
194350337,SDL TN 7.15% 2032,715TN32-SG
7547137,GOI TBILL 364D-05/02/26,364D050226-TB
6941953,SDL HR 7.12% 2037,712HR37-SG
6229761,SDL AP 7.37% 2036,737AP36-SG
7664129,SDL RJ 7.2% 2042,72RJ42-SG
193716481,,673HPCL30-N0
6520321,SDL KA 6.95% 2028,695KA28-SG
6523905,SDL CG 7.03% 2030,703CG30-SG
193904641,SDL TS 7.1% 2055,71TS55-SG
194377473,,70826LTF28-N0
194400513,SDL OR 7.28% 2049,728OR49-SG
6589953,,878MUTF29-N0
194353409,SDL WB 7.47% 2044,747WB44-SG
8055809,LYPSA GEMS & JEWEL,LYPSAGEMS
193522177,,791ABCL34-N7
194533121,,910HFL36-N0
194022913,INTEGRITY INFRABUILD DE L,INTEGRITY-SM
194329857,,677TCL28-N0
194024961,SDL GJ 6.80% 2034,680GJ34-SG
194236417,CLASSIC ELECTRODE (IND) L,CLASSICEIL-SM
7557121,SDL AP 7.08% 2035,708AP35A-SG
6225153,,AAFS28-N0
193932545,SDL HR 7.05% 2038,705HR38-SG
7663873,SDL KL 7.2% 2042,72KL42-SG
6287361,,738PGCIL34-N0
194266369,SG FINSERVE,SGFIN
194341377,,755TCSL28-N0
194383105,SDL BR 7.31% 2045,731BR45-SG
194492161,SDL TN 7.01% 2032,701TN32-SG
7804673,,717IRFC35-N0
193891841,SDL MP 6.92% 2043,692MP43-SG
7557377,SDL TS 7.18% 2047,718TS47-SG
194583041,SDL TN 7.52% 2055,752TN55-SG
194584065,SDL PN 7.49% 2035,749PN35A-SG
194576641,SDL TN 7.18% 2033,718TN33-SG
194540033,,740BTL29-N0
194577409,SDL MH 7.2% 2034,72MH34-SG
194582017,SDL TS 7.68% 2044,768TS44-SG
160001,ADITYA BIRLA REAL EST,ABREL
1469697,SDL AP 6.87% 2040,687AP40-SG
772609,SAURASHTRA CEMENT,SAURASHCEM
524545,CHENNAI PETROLEUM CORP LT,CHENNPETRO
548353,MAX FINANCIAL SERV,MFSL
1279233,SDL RJ 6.97% 2031,697RJ31-SG
456193,KANPUR PLASTIPACK,KANPRPLA
131329,BOMBAY DYEING & MFG. CO L,BOMDYEING
440321,JAYSHREE TEA & INDUSTRIES,JAYSREETEA
2756609,ORIENTAL AROMATICS,OAL
2419457,SDL AP 7.78% 2042,778AP42-SG
2628865,SDL TS 7.91% 2043,791TS43-SG
2514177,SDL MH 7.86% 2030,786MH30-SG
962049,SDL AP 7.0% 2038,70AP38-SG
2969089,SDL BR 7.73% 2032,773BR32-SG
74497,SDL PY 6.9% 2029,69PY29-SG
261897,NIFTY FMCG,NIFTY FMCG
268297,NIFTY CPSE,NIFTY CPSE
1534465,SDL RJ 6.01% 2026,601RJ26-SG
1605889,PVP VENTURES,PVP-BE
2760705,SDL TS 7.74% 2046,774TS46-SG
501505,SDL TS 6.62% 2041,662TS41-SG
1562369,SDL NL 7.0% 2031,70NL31-SG
221953,SDL HR 6.72% 2035,672HR35-SG
492033,KOTAK MAHINDRA BANK,KOTAKBANK
320257,SDL MH 6.67% 2032,667MH32-SG
1923073,SDL AS 7.03% 2031,703AS31-SG
1579009,,97SFL28-YS
3422209,SDL JH 7.58% 2031,758JH31-SG
974593,VINEET LABORATORIES,VINEETLAB
3389697,SDL HR 7.58% 2030,758HR30-SG
945921,SDL BR 6.45% 2027,645BR27-SG
196353,SDL MP 6.89% 2040,689MP40-SG
2131201,SDL TN 7.14% 2032,714TN32-SG
94977,BATA INDIA,BATAINDIA
497665,SDL KA 6.61% 2033,661KA33-SG
2414337,NORBEN TEA &EXPORTS,NORBTEAEXP-BE
2622977,SDL AS 7.82% 2032,782AS32-SG
2605057,SBI-ETF NIFTY 50,SETFNIF50
297985,NEWGEN SOFTWARE TECH,NEWGEN
1261057,,931SFIL26A-NA
2232577,SDL AP 7.44% 2042,744AP42-SG
2608129,SHYAM CENTURY FERROUS,SHYAMCENT
519169,LYKA LABS,LYKALABS
914945,SDL MH 6.87% 2033,687MH33A-SG
1365505,SDL GJ 6.98% 2031,698GJ31-SG
2812161,SABAR FLEX INDIA,SABAR-ST
705537,SDL ML 7.16% 2031,716ML31-SG
2804737,SDL BR 7.45% 2032,745BR32-SG
1240833,KRISHNA INST OF MED SCI L,KIMS
77313,SDL RJ 6.85% 2030,685RJ30-SG
2777089,SDL AP 7.71% 2037,771AP37-SG
881153,,749IGT28-NG
1414145,SDL GJ 6.28% 2027,628GJ27-SG
2922241,SDL TS 7.83% 2036,783TS36-SG
2946305,SDL SK 7.85% 2032,785SK32-SG
3340545,SDL KA 7.59% 2038,759KA38-SG
958209,2.5%GOLDBONDS2029SR-II,SGBJUN29II-GB
3025153,MANGALAM DRUG & CHEM,MANGALAM
868353,SDL JK 6.9% 2033,69JK33-SG
2778369,SDL HR 7.61% 2032,761HR32-SG
405001,NIFTY ALPHA QUALITY VALUE LOW VOLATILITY 30,NIFTY AQLV 30
275201,SDL GJ 6.5% 2030,65GJ30-SG
2749697,,728NTPC30B-N9
408585,NIFTY100 ENHANCED ESG,NIFTY100 ENH ESG
218369,SDL UK 6.44% 2030,644UK30-SG
530945,SDL JK 6.99% 2031,699JK31-SG
1425665,SDL AP 7.02% 2041,702AP41-SG
1629185,NATIONAL ALUMINIUM CO,NATIONALUM
751361,,861REC34-ND
1933569,NRB BEARING,NRBBEARING
1823233,GOI LOAN 7.88% 2030,788GS2030-GS
1756929,BAJAJ HEALTHCARE,BAJAJHCARE
1358337,ICICIPRAMC - ICICIFMCG,FMCGIETF
539393,STOVE KRAFT,STOVEKRAFT
1373697,WINDLAS BIOTECH,WINDLAS
1640193,LAMBODHARA TEXTILES,LAMBODHARA
2002433,SDL PY 7.31% 2035,731PY35-SG
1680385,SDL AP 7.0% 2039,70AP39B-SG
2230529,SDL KL 7.4% 2037,74KL37-SG
2615553,ADANI ENERGY SOLUTION,ADANIENSOL
3054593,FUSION FINANCE,FUSION
1069057,ZENITH EXPORTS,ZENITHEXPO
1108993,GOI STRIPS C 020126,GS020126C-GS
1771777,GOI LOAN 8.28% 2027,828GS2027-GS
2805761,SDL HP 7.5% 2036,75HP36-SG
3055361,SPL INDUSTRIES,SPLIL
1152769,MPHASIS,MPHASIS
622337,RAILTEL CORP OF IND,RAILTEL
484097,SDL UP 6.61% 2031,661UP31-SG
678145,PCBL CHEMICAL,PCBL
122881,BIRLA CORPORATION,BIRLACORPN
3116289,HINDUSTAN FOODS,HNDFDS
2859265,COFFEE DAY ENTERPRISE,COFFEEDAY-BE
1994497,UNIINFO TELECOM SERVI,UNIINFO
2752257,,762NTPC35F-ND
495873,KREBS BIOCHEMICALS & IND,KREBSBIO
134657,BHARAT PETROLEUM CORP  LT,BPCL
960513,SDL RJ 6.8% 2031,68RJ31-SG
730625,CRAFTSMAN AUTOMATION,CRAFTSMAN
979713,ZUARI INDUSTRIES,ZUARIIND
2643201,SKP BEARING INDUSTRI.,SKP-SM
752385,THE RUBY MILLS,RUBYMILLS
2584833,GUJARAT RAFFIA INDUST,GUJRAFFIA-BE
1124609,GOI STRIPS C 150626,GS150626C-GS
1658625,SDL MN 7.03% 2031,703MN31-SG
1574145,,930SFL28-YP
3241985,SDL HR 7.57% 2030,757HR30-SG
832513,SPIC,SPIC
3388673,SDL WB 7.67% 2037,767WB37-SG
1286401,SDL RJ 6.29% 2026,629RJ26-SG
2226945,SDL SK 7.35% 2032,735SK32-SG
1367553,SDL JK 7.1% 2033,71JK33A-SG
695553,PRECISION WIRES INDIA,PRECWIRE
1408257,YUKEN INDIA,YUKEN
2854145,SHRENIK,SHRENIK
2126849,2.50%GOLDBONDS2027SR-V,SGBJAN27-GB
2724353,SDL TS 7.95% 2037,795TS37-SG
80641,SDL WB 7.04% 2035,704WB35-SG
1762305,GOI LOAN 8.24%2027,824GS2027-GS
1470465,SDL NL 6.8% 2031,68NL31-SG
2412033,SILVER TOUCH TECHNO,SILVERTUC
413193,NIFTY50 SHARIAH,NIFTY50 SHARIAH
2078721,SDL KA 7.44% 2035,744KA35-SG
2347009,UTIAMC - UTISXN50,UTISXN50
3390465,SDL HR 7.63% 2032,763HR32-SG
2329345,SDL PN 7.48% 2042,748PN42-SG
1586689,FINEOTEX CHEMICAL,FCL
488961,SDL PN 6.63% 2051,663PN51-SG
656129,SDL JK 7.24% 2036,724JK36-SG
1957889,,820IIFL27-N9
2446849,AKSHAR SPINTEX,AKSHAR
1564673,SDL AP 7.13% 2036,713AP36A-SG
3037953,SDL HR 7.76% 2030,776HR30-SG
308225,PRAXIS HOME RETAIL,PRAXIS
2129665,SDL RJ 6.48% 2027,648RJ27-SG
3360769,SDL KA 7.63% 2039,763KA39-SG
533761,MAHARASHTRA SCOOTERS,MAHSCOOTER
1654273,BIRLASLAMC - TECH,TECH
2486017,SDL AP 7.71% 2032,771AP32-SG
260617,NIFTY 100,NIFTY 100
1025,21ST CENTURY MGMT SERVICE,21STCENMGM
1602049,ROLTA INDIA,ROLTA-BZ
244481,ESAB INDIA,ESABINDIA
2078977,SDL TS 7.37% 2036,737TS36-SG
3392513,SDL MN 7.69% 2034,769MN34-SG
257537,SDL KA 6.75% 2035,675KA35-SG
2203649,SWARAJ SUITING,SWARAJ-SM
2804481,SDL HR 7.45% 2032,745HR32-SG
1458433,SDL WB 6.98% 2036,698WB36-SG
2743809,SDL AP 7.72% 2035,772AP35-SG
266249,NIFTY MIDCAP 150,NIFTY MIDCAP 150
2699521,SDL TS 7.84% 2036,784TS36-SG
536833,SDL TN 6.85% 2051,685TN51-SG
656897,SDL KA 7.29% 2036,729KA36-SG
1509633,SDL AP 6.94% 2041,694AP41-SG
1530113,SDL GJ 6.89% 2031,689GJ31-SG
316673,SDL GA 6.57% 2030,657GA30-SG
1831681,SDL KA 6.83% 2031,683KA31B-SG
3042817,SDL HP 7.87% 2034,787HP34-SG
760321,SURYODAY SMALL FIN BK,SURYODAY
865025,SDL MH 6.87% 2033,687MH33-SG
23553,SDL UP 6.68% 2030,668UP30-SG
422145,SDL UP 6.6% 2030,66UP30A-SG
891137,THOMAS COOK (INDIA),THOMASCOOK
1158401,DYNAMATIC TECHNOLOGIES,DYNAMATECH
2292225,TATA TELESERV(MAHARASTRA),TTML
2931713,CCL PRODUCTS (I),CCL
1922049,ZEN TECHNOLOGIES,ZENTEC
446721,SDL AP 6.65% 2040,665AP40-SG
1165569,GOI STRIPS C 220850,GS220850C-GS
2009857,RAMCO SYSTEMS,RAMCOSYS
1804033,SDL KA 6.88% 2032,688KA32-SG
2085377,DEV INFO TECHNOLOGY,DEVIT
2890497,SDL WB 7.68% 2032,768WB32-SG
3410177,ORTEL COMMUNICATIONS,ORTEL-BZ
2646273,SDL AP 7.92% 2041,792AP41-SG
216833,SMVD POLY PACK,SMVD-SM
2269697,CHOICE INTERNATIONAL,CHOICEIN
1705729,SIGACHI INDUSTRIES,SIGACHI
1318657,,875PCHFL26-N8
2776065,SDL TN 7.7% 2042,77TN42-SG
306177,KANSAI NEROLAC PAINTS,KANSAINER
1620481,SDL AS 6.99% 2031,699AS31-SG
496385,SDL GA 6.62% 2031,662GA31-SG
423681,SDL TS 6.69% 2040,669TS40-SG
420105,NSE INDEX NIFTY CHEMICALS,NIFTY CHEMICALS
685825,SDL MN 7.18% 2031,718MN31-SG
342529,SOM DIST & BREW,SDBL
1442049,J & K BANK,J&KBANK
288265,NIFTY FINSRV25 50,NIFTY FINSRV25 50
2153729,MIRAEAMC - MAM150ETF,MIDCAPETF
2921473,SDL AP 7.82% 2035,782AP35-SG
3097857,HDFCAMC - HDFCNIFIT,HDFCNIFIT
316161,GREAVES COTTON,GREAVESCOT
1246465,SDL RJ 7.13% 2041,713RJ41-SG
3069953,SYNCOM FORMU (I),SYNCOMF
2080257,SDL MH 6.54% 2027,654MH27-SG
2529025,CHEVIOT COMPANY,CHEVIOT
3417089,ARIHANT ACADEMY,ARIHANTACA-ST
2125057,SDL KA 7.13% 2038,713KA38-SG
483073,SDL CG 5.97% 2027,597CG27-SG
709377,SDL KA 7.19% 2040,719KA40-SG
931329,SDL RJ 6.1% 2026,61RJ26-SG
2177537,NIP IND ETF MIDCAP 150,MID150BEES
3425793,SDL PY 7.63% 2032,763PY32-SG
469249,SDL MN 6.63% 2031,663MN31-SG
2501121,SDL HR 7.63% 2028,763HR28-SG
845825,SDL MN 6.78% 2031,678MN31-SG
1803265,SDL JK 6.94% 2036,694JK36-SG
292353,GINNI FILAMENTS,GINNIFILA
378881,RUDRABHISHEK ENTERP,REPL
2505729,SDL KL 7.85% 2034,785KL34-SG
635137,ONWARD TECHNOLOGIES,ONWARDTEC
1338625,SDL HR 6.98% 2031,698HR31-SG
364545,HINDUSTAN ZINC,HINDZINC
1973761,SDL WB 7.14% 2032,714WB32-SG
1910529,MANAKSIA STEELS,MANAKSTEEL
573697,MODERN THREADS INDIA,MODTHREAD
2624513,SDL WB 7.82% 2032,782WB32-SG
1121537,GOI STRIPS C 100426,GS100426C-GS
194817,SDL JH 6.62% 2030,662JH30-SG
223745,ASTRON PAPER BORD MIL,ASTRON
889601,THERMAX,THERMAX
1222401,DCM FINANCIAL SERVICES LT,DCMFINSERV
1660929,SDL TS 7.08% 2042,708TS42-SG
2096385,SDL GJ 7.06% 2032,706GJ32-SG
1668609,2.5%GOLDBONDS2029SR-VII,SGBNV29VII-GB
1907201,NILA SPACES,NILASPACES-BE
1412097,NANDANI CREATION,JAIPURKURT
2445569,PRUDENT CORP ADV SER,PRUDENT
2222849,SDL GJ 7.29% 2032,729GJ32-SG
2967041,SDL MH 7.7% 2030,77MH30-SG
558849,TSF INVESTMENTS,TSFINV
114945,SDL KA 6.86% 2030,686KA30-SG
868097,SDL TS 6.96% 2051,696TS51-SG
161281,SDL TS 6.94% 2050,694TS50A-SG
517121,SDL RJ 6.62% 2041,662RJ41-SG
2661633,JAIN IRRIGATION SYSTEMS,JISLJALEQS
341249,HDFC BANK,HDFCBANK
2945793,SDL HR 7.83% 2032,783HR32-SG
2992385,SUPRAJIT ENGINEERING,SUPRAJIT
1402625,SDL KL 7.19% 2051,719KL51-SG
2883073,INDRAPRASTHA GAS,IGL
362241,,
901633,SDL MH 6.88% 2033,688MH33-SG
1216257,INDRAPRASTHA MEDICAL CORP,INDRAMEDCO
3393537,SDL MZ 7.7% 2035,77MZ35-SG
54273,ASHOK LEYLAND,ASHOKLEY
623361,NIP IND ETF CONSUMPTION,CONSUMBEES
915201,SDL AP 6.96% 2035,696AP35-SG
2996737,SDL KL 7.81% 2044,781KL44-SG
3050241,YES BANK,YESBANK
435969,SDL CG 5.88% 2026,588CG26-SG
2138625,SDL GJ 7.25% 2032,725GJ32-SG
2020353,SDL GJ 6.18% 2026,618GJ26A-SG
3257857,SDL KL 7.63% 2043,763KL43-SG
372481,BIRLANU,BIRLANU
2695681,SHARDA MOTOR INDS,SHARDAMOTR
1480193,MIRAEAMC - MASPTOP50,MASPTOP50
2291969,ELDECO HSG & IND,ELDEHSG
2629377,SDL TS 7.9% 2044,79TS44-SG
2910465,TTK HEALTHCARE,TTKHLTCARE
2133505,SDL JK 7.12% 2037,712JK37-SG
1080577,VISAKA INDUSTRIES,VISAKAIND
960001,SDL GJ 6.72% 2030,672GJ30-SG
969473,WIPRO,WIPRO
2360065,TPL PLASTECH,TPLPLASTEH
2736641,BIRLASLAMC - NIFTYQLITY,NIFTYQLITY
254209,EVEREST INDUSTRIES,EVERESTIND
1382657,NAKODA GROUP OF IND.,NGIL
2947585,SDL AP 7.85% 2040,785AP40-SG
2952193,ULTRATECH CEMENT,ULTRACEMCO
391169,SDL ML 6.6% 2030,66ML30-SG
199425,SDL UP 6.54% 2030,654UP30-SG
2214913,VETO SWITCHGEAR CABLE,VETO
2796033,OMAX AUTOS,OMAXAUTO
281601,GARWARE TECH FIBRES,GARFIBRES
441857,J B CHEMICALS AND PHARMA,JBCHEPHARM
1289473,SDL TN 6.98% 2031,698TN31-SG
2089729,SPENCER S RETAIL,SPENCERS
2475009,HIKAL,HIKAL
199937,DALMIA BHARAT SUG IN,DALMIASUG
353025,SDL KA 6.69% 2037,669KA37-SG
2793473,SDL GA 7.58% 2037,758GA37-SG
2651393,SDL AS 7.83% 2032,783AS32-SG
817921,SDL RJ 6.75% 2031,675RJ31-SG
130305,MAZAGON DOCK SHIPBUIL,MAZDOCK
1216513,SDL MH 6.83% 2031,683MH31-SG
1303041,SDL TS 7.17% 2041,717TS41-SG
2974465,GOLDEN TOBACCO,GOLDENTOBC-BZ
476929,SDL JK 6.64% 2036,664JK36-SG
81409,SDL AP 7.0% 2039,70AP39-SG
2865921,INTERGLOBE AVIATION,INDIGO
3415553,VAKRANGEE,VAKRANGEE
532737,SDL AP 6.9% 2032,69AP32-SG
22017,SDL NL 6.7% 2030,67NL30-SG
1932289,SDL WB 7.12% 2036,712WB36-SG
1367809,SDL TS 7.09% 2034,709TS34-SG
1616641,SDL CG 6.62% 2028,662CG28-SG
2493697,PARADEEP PHOSPHATES,PARADEEP
894465,POWERGRID INFRA. INVITS,PGINVIT-IV
158209,SDL KA 6.75% 2033,675KA33A-SG
1963009,,843IHFL29-NC
899329,SDL AP 6.94% 2037,694AP37-SG
5377,SDL UP 6.64% 2030,664UP30-SG
1974785,SDL PN 7.19% 2037,719PN37-SG
897793,MIRAEAMC - MAFANG,MAFANG
217345,SDL UP 6.42% 2030,642UP30-SG
1184257,ABHISHEK INTEGRATIONS,AILIMITED-SM
1171969,SDL GA 6.78% 2031,678GA31-SG
345089,HERO MOTOCORP,HEROMOTOCO
2547969,SDL TN 7.84% 2052,784TN52-SG
2138113,SDL TN 7.12% 2030,712TN30-SG
1104385,GOI STRIPS C 151225,GS151225C-GS
3095553,KAYNES TECHNOLOGY IND,KAYNES
1628417,SDL WB 7.08% 2041,708WB41-SG
359937,HINDUSTAN PETROLEUM CORP,HINDPETRO
589569,HINDUSTAN AERONAUTICS,HAL
664321,3P LAND HOLDINGS,3PLAND
2286081,SDL AP 7.29% 2034,729AP34-SG
60417,ASIAN PAINTS,ASIANPAINT
336641,GALAXY SURFACTANTS,GALAXYSURF
3056385,AMIABLE LOGISTICS (I),AMIABLE-SM
2174977,SDL JK 7.39% 2037,739JK37-SG
1368065,SDL WB 6.79% 2028,679WB28A-SG
2807297,SDL SK 7.45% 2032,745SK32-SG
3047169,INTEGRATED PERSO SER,IPSL-SM
903681,AXISAMC - AXISBPSETF,AXISBPSETF
1765121,SDL PY 6.62% 2028,662PY28-SG
2426881,LIFE INSURA CORP OF INDIA,LICI
164097,DILIGENT MEDIA CORP,DNAMEDIA
3075841,AEROFLEX ENTERPRISES,AEROENTER
867585,AGARWAL INDS CORP,AGARIND
3390721,SDL KA 7.6% 2032,76KA32-SG
263945,NIFTY MEDIA,NIFTY MEDIA
2553601,,829PFL29-N6
2707969,MPS,MPSLTD
3423745,SDL KA 7.6% 2032,76KA32A-SG
2011905,SDL KA 7.33% 2040,733KA40-SG
42753,SDL GJ 6.7% 2030,67GJ30-SG
2725121,SDL RJ 7.93% 2045,793RJ45-SG
3427585,SDL TS 7.67% 2035,767TS35-SG
787969,SHANTHI GEARS,SHANTIGEAR
1928705,SDL UP 7.04% 2031,704UP31-SG
524289,INDIGO PAINTS,INDIGOPNTS
1207553,GAIL (INDIA),GAIL
410889,NIFTY HOUSING,NIFTY HOUSING
952833,SDL TN 7.03% 2051,703TN51-SG
3868673,,735IRFC31-NM
4296961,SDL MH 7.35% 2032,735MH32-SG
6134785,,1050SCL31-ZP
4399873,CYIENT DLM,CYIENTDLM
5857793,SDL MP 7.42% 2046,742MP46-SG
4570113,SDL AP 7.47% 2032,747AP32-SG
5568001,ZERODHA NIFTY 1D RATE LIQUID ETF,LIQUIDCASE
3935233,,CIFCZC26A-N3
4381697,SDL ML 7.44% 2031,744ML31-SG
3721473,DISH TV INDIA,DISHTV
5181441,SDL HR 7.65% 2033,765HR33B-SG
4481793,INCREDIBLE INDUSTRIES,INCREDIBLE
3642369,,IMC1-N3
6024193,,745RL34-NN
6061569,SDL TS 7.43% 2041,743TS41A-SG
3447041,,955SCL25-ZU
5309953,SDL HP 7.61% 2038,761HP38-SG
6177025,,807NIIF29-N3
4854273,RAJRATAN GLOBAL WIRE,RAJRATAN
5318401,SDL HR 7.12% 2040,712HR40-SG
5671937,SDL SK 6.95% 2030,695SK30-SG
4693249,SDL HR 7.45% 2035,745HR35-SG
5047297,SDL RJ 7.73% 2033,773RJ33-SG
3947265,DPSC,DPSCLTD
4264193,ANIK INDUSTRIES,ANIKINDS
5719041,SDL RJ 6.46% 2030,646RJ30-SG
3766785,,925SCL28-AM
5324033,SDL KA 7.08% 2031,708KA31-SG
3681025,SDL MN 7.76% 2035,776MN35-SG
3714305,SYSTANGO TECHNOLOGIES,SYSTANGO-ST
5942529,SDL TN 7.44% 2044,744TN44-SG
5380097,,925SCL28B-YC
4453889,GOI LOAN  7.18% 2037,718GS2037-GS
5130497,SDL HP 7.11% 2028,711HP28-SG
5148161,ORIENT GREEN POWER CO,GREENPOWER
4581889,VINSYS IT SERVICES IND LT,VINSYS-SM
6170625,SDL TS 7.35% 2038,735TS38-SG
4912897,SDL RJ 7.54% 2033,754RJ33-SG
6136833,,98SCL34-ZS
3496449,GEECEE VENTURES,GEECEE
3719425,,769NHAI31-NE
3823873,CIE AUTOMOTIVE INDIA,CIEINDIA
5660161,SDL TN 7.19% 2035,719TN35-SG
3687169,RAJ TV NETWORK,RAJTV
3751169,SDL PN 7.74% 2039,774PN39-SG
3905537,SDL HR 7.39% 2029,739HR29-SG
5127681,,774IREDA31-N7
5862657,ZERODHA GOLD ETF,GOLDCASE
3525633,SDL TS 7.57% 2031,757TS31-SG
3798017,SDL PN 7.97% 2038,797PN38-SG
5808129,ALPEX SOLAR,ALPEXSOLAR-SM
5404929,BF INVESTMENT,BFINVEST
5041153,ON DOOR CONCEPTS,ONDOOR-SM
5518081,HALEOS LABS,HALEOSLABS-BE
5832961,ATMASTCO,ATMASTCO-SM
3487233,BIL VYAPAR,BILVYAPAR-BE
4469505,SDL KL 7.36% 2041,736KL41-SG
5997569,SDL PN 7.48% 2037,748PN37-SG
4026881,POWER INSTRUMENT (G),PIGL-BE
4958209,CANARYS AUTOMATIONS,CANARYS-SM
5024513,WOMANCART,WOMANCART-SM
5353473,SDL KA 6.97% 2030,697KA30-SG
5788417,SDL RJ 7.51% 2034,751RJ34-SG
5911297,SDL KA 7.37% 2037,737KA37-SG
3954945,DE NEERS TOOLS,DENEERS-SM
3525377,VARVEE GLOBAL,VGL
5088769,ESAF SMALL FINANCE BANK L,ESAFSFB
4212225,VASA DENTICITY,DENTALKART-SM
5992961,BLUE PEBBLE,BLUEPEBBLE-SM
3681281,SDL RJ 7.69% 2039,769RJ39-SG
4999937,BAJAJ CONSUMER CARE,BAJAJCON
3907073,SDL AP 7.41% 2030,741AP30-SG
3481857,SDL KA 7.6% 2033,76KA33-SG
5168641,SDL AP 7.69% 2042,769AP42-SG
5735937,SDL GJ 6.65% 2030,665GJ30-SG
3857153,BEML LAND ASSETS,BLAL
5095169,SDL RJ 7.75% 2036,775RJ36-SG
5220609,SDL HR 7.72% 2033,772HR33-SG
5308673,SDL AP 7.06% 2030,706AP30-SG
4890625,ROLLATAINERS,ROLLT
5673985,SDL UK 7.10% 2030,710UK30-SG
3829249,SDL AP 7.7% 2032,77AP32-SG
3525889,SDL GJ 7.57% 2032,757GJ32-SG
5920001,,1119NFL27-ND
5361409,SDL UP 7.65% 2034,765UP34-SG
5649921,SDL RJ 6.70% 2050,670RJ50-SG
5131521,,940SCL26A-NK
5228801,,
6157825,SDL TN 7.39% 2032,739TN32-SG
5791745,SDL AP 7.52% 2043,752AP43-SG
5157377,SDL AS 7.18% 2030,718AS30-SG
4443649,UTKARSH SMALL FIN BANK L,UTKARSHBNK
4523265,SDL AP 7.44% 2043,744AP43-SG
4527361,GPT INFRAPROJECTS,GPTINFRA
5540865,SDL AP 7.24% 2033,724AP33-SG
4839425,,980SCL33A-N3
5700865,SDL WB 6.46% 2030,646WB30-SG
4775425,CHAVDA INFRA,CHAVDA-SM
5483265,SDL KA 6.51% 2031,651KA31-SG
3885825,ECLERX SERVICES,ECLERX
4514561,ZYDUS WELLNESS,ZYDUSWELL
5973249,SDL RJ 7.52% 2044,752RJ44-SG
3657217,MIRAEAMC - MAGOLDETF,GOLDETF
5319425,,1003ISFL28-N4
5670401,SDL WB 7.15% 2035,715WB35-SG
6088449,ABS MARINE SERVICES,ABSMARINE-SM
5856513,SDL MH 7.43% 2035,743MH35-SG
3609089,SDL BR 7.66% 2033,766BR33-SG
4156161,SDL NL 7.37% 2033,737NL33-SG
3720449,SDL TS 7.69% 2032,769TS32-SG
4728577,,925CAGL26-N9
5113857,,760PFCL35-N3
4357633,MAWANA SUGARS,MAWANASUG
5178881,SDL JK 7.56% 2048,756JK48-SG
6018305,UJAAS ENERGY,UEL-BE
5095937,SDL RJ 7.59% 2046,759RJ46-SG
5936385,SDL TS 7.44% 2030,744TS30-SG
6123521,,744PFCL34-NB
5540609,SDL AP 7.29% 2030,729AP30-SG
3558913,SDL RJ 7.64% 2038,764RJ38-SG
3711745,,729NHAI26-NC
5737729,SDL TN 6.66% 2030,666TN30-SG
5388801,SDL AP 7.80% 2033,780AP33-SG
5516545,SDL AP 6.55% 2028,655AP28-SG
5008897,GOI LOAN  7.37% 2028,737GS2028-GS
5415681,SDL KA 7.74% 2034,774KA34-SG
5533185,ADITYA BIRLA CAPITAL,ABCAPITAL
6112001,SDL PN 7.37% 2036,737PN36-SG
4730625,INTRASOFT TECH.,ISFT
5671169,SDL WB 7.29% 2029,729WB29-SG
5221377,SDL KA 7.72% 2035,772KA35-SG
3794433,SDL SK 7.75% 2033,775SK33-SG
4736257,SAB EVENTS & GOVERNANCE,SABEVENTS-BE
5796609,,799TCL34-ND
5029377,MAX ESTATES,MAXESTATES
5975041,SDL UK 7.36% 2026,736UK26-SG
5996545,SDL HP 7.45% 2044,745HP44-SG
4696833,UTIAMC - NIFMID150,NIFMID150
3679745,SDL GJ 7.71% 2033,771GJ33-SG
6051073,SDL RJ 7.52% 2037,752RJ37-SG
4310529,,801TCH28-N7
4682753,INVESCO INDIA GOLD ETF,IVZINGOLD
3936257,,CIFCZC28A-N5
4265985,SIGMA SOLVE,SIGMA-BE
3691777,SDL AP 7.7% 2029,77AP29-SG
4937473,KONTOR SPACE,KONTOR-SM
4565761,SDL TN 7.44% 2033,744TN33B-SG
4040449,SDL TS 7.32% 2048,732TS48-SG
4378113,SDL AP 7.52% 2039,752AP39-SG
4906497,SDL HR 7.59% 2035,759HR35-SG
3747329,SDL HR 7.72% 2032,772HR32-SG
4846593,SDL CG 7.49% 2030,749CG30-SG
4923649,AARTI SURFACTANTS,AARTISURF
5475585,SDL GA 6.6% 2030,66GA30-SG
3680001,SDL BR 7.72% 2033,772BR33A-SG
5950977,,792TCHFL34-NF
5351937,A2Z INFRA ENGINEERING,A2ZINFRA
5613313,SDL KA 5.7% 2026,57KA26-SG
5693953,2.50%GOLDBONDS2028SR-IV,SGBJUL28IV-GB
5952001,,759IRDA34-NC
4370177,URAVI DEFENCE &TECH,URAVIDEF
4394753,GLOBAL PET INDUSTRIES,GLOBALPET-SM
3511041,SDL TN 7.57% 2033,757TN33-SG
4162817,SDL MZ 7.43% 2036,743MZ36-SG
4987649,SDL SK 7.75% 2033,775SK33A-SG
5920513,SHIPPING CORP OF ILA,SCILAL
6070273,,97MOFSL34-N7
3557377,SDL HP 7.7% 2036,77HP36-SG
5317633,SDL AP 7.15% 2031,715AP31-SG
6112513,SDL RJ 7.36% 2037,736RJ37-SG
5448449,SDL KA 7.71% 2038,771KA38-SG
5689857,SDL WB 6.85% 2030,685WB30A-SG
5901313,SONA MACHINERY,SONAMAC-SM
3912961,QUICKTOUCH TECHNOLOGIES L,QUICKTOUCH-SM
6132481,,925SCL29A-ZM
5270017,,810ABHF28-N0
5176321,SDL UP 7.68% 2034,768UP34A-SG
3575297,HBL ENGINEERING,HBLENGINE
4057089,LATTEYS INDUSTRIES,LATTEYS-BE
5212929,SDL WB 7.71% 2043,771WB43-SG
4453633,PREMIER EXPLOSIVES,PREMEXPLN
5737217,SDL WB 6.68% 2030,668WB30-SG
5790977,SDL MZ 7.52% 2040,752MZ40-SG
4855553,KAPSTON SERVICES,KAPSTON
5688577,SDL UP 7.18% 2030,718UP30A-SG
5908481,SDL CG 7.38% 2034,738CG34-SG
5683457,SDL UK 7.85% 2030,785UK30-SG
6145281,SDL HR 7.43% 2034,743HR34-SG
4905217,NEWJAISA TECHNOLOGIES,NEWJAISA-ST
5611521,SDL MN 7.05% 2030,705MN30-SG
5915905,,755PFC27-NA
3671297,SDL AP 7.77% 2040,777AP40-SG
5952513,,768SIDBI27-N3
5372929,INDIGRID INFRASTRUCT TRST,INDIGRID-IV
6139393,,8277SMF27-N5
5623553,SDL MP 7.19% 2040,719MP40-SG
5418497,SDL PN 7.79% 2038,779PN38-SG
4617985,ADVANCED ENZYME TECH,ADVENZYMES
4360705,,IIFLZC26B-NY
5357057,SDL GJ 7.4% 2026,74GJ26-SG
3600385,BARTRONICS INDIA,ASMS
5514753,SDL TS 7.6% 2043,76TS43-SG
5823489,SDL RJ 7.48% 2034,748RJ34-SG
6060801,SDL ML 7.48% 2034,748ML34-SG
5903617,,735PGCIL34-N1
5658113,SDL TN 6.63% 2055,663TN55-SG
3611905,SDL UP 7.64% 2036,764UP36-SG
5439233,DIGIDRIVE DISTRIBUTORS L,DIGIDRIVE
5626369,SDL MP 6.98% 2030,698MP30-SG
6152961,,825TPL27-N6
4924673,MOTILALAMC - MONIFTY500,MONIFTY500
4111873,SDL RJ 7.34% 2033,734RJ33-SG
5656321,SDL UP 7.14% 2030,714UP30-SG
5540353,SDL BR 7.29% 2030,729BR30-SG
6160129,,805SHFL29-N3
4910337,SDL BR 7.62% 2031,762BR31-SG
3754753,K M SUGAR MILLS,KMSUGAR
4435713,SDL KL 7.36% 2038,736KL38-SG
5746433,SDL AS 6.55% 2030,655AS30A-SG
6086401,VERITAAS ADVERTISING,VERITAAS-SM
5111809,,876HUDCO28-ND
4869121,JSW INFRASTRUCTURE,JSWINFRA
5309697,SDL BR 7.63% 2038,763BR38-SG
4382209,SDL HP 7.45% 2033,745HP33-SG
3486721,ANANT RAJ,ANANTRAJ
5966593,,971SCL29-Z0
3573761,SDL RJ 7.66% 2033,766RJ33-SG
5419009,SDL AP 7.7% 2043,77AP43A-SG
3867905,SDL RJ 7.59% 2048,759RJ48-SG
5210369,SDL HR 7.75% 2035,775HR35A-SG
4916737,VINYAS INNOVATIVE TECH L,VINYAS-SM
5049857,SDL AP 7.76% 2037,776AP37-SG
4785409,AVSL INDUSTRIES,AVSL-ST
4048641,NEXUS SELECT TRUST,NXST-RR
4409089,SDL JK 7.44% 2038,744JK38-SG
6081025,SDL AP 7.45% 2033,745AP33A-SG
3520001,GUJARAT FLUOROCHEM,FLUOROCHEM
3737089,2.50%GOLDBONDS2031SR-IV,SGBMAR31IV-GB
5648385,SDL RJ 7.27% 2030,727RJ30-SG
6180609,,1050IIFL29-ND
5096961,SDL GA 7.7% 2033,77GA33A-SG
3849217,INFINIUM PHARMACHEM,INFINIUM-SM
3887105,BRIGADE ENTER.,BRIGADE
4352769,SDL TN 7.39% 2053,739TN53-SG
5809153,SDL CG 7.44% 2030,744CG30-SG
6097409,SDL AP 7.38% 2044,738AP44-SG
5572353,,83645TFS27-N1
6059777,,AAFS34A-N5
3917569,BANG OVERSEAS,BANG
5640961,SDL RJ 7.08% 2030,708RJ30-SG
5763329,,885MFL29-NJ
6185985,DURLAX TOP SURFACE,DURLAX-SM
5139713,INTENSE TECHNOLOGIES,INTENTECH-BE
5503745,SDL CG 7.68% 2032,768CG32-SG
5835009,,760PFC29-N0
3738369,GLOBAL SURFACES,GSLSU-BE
5738241,LOVABLE LINGERIE,LOVABLE
5159681,SDL AS 6.9% 2030,69AS30-SG
5442305,SDL AS 7.53% 2029,753AS29-SG
4334849,INDBANK MERCH BANK,INDBANK
3714817,BANSWARA SYNTEX,BANSWRAS
5320705,,1050ISFL28-N5
5284353,JINDAL WORLDWIDE,JINDWORLD
4839937,,888SCL25E-N4
5979393,SDL GA 7.52% 2039,752GA39-SG
5308161,SDL UP 7.62% 2034,762UP34-SG
4262145,SDL AP 7.36% 2037,736AP37-SG
4166145,SDL TN 7.32% 2053,732TN53-SG
5410049,SDL GJ 7.43% 2027,743GJ27-SG
3721729,SDL UP 7.73% 2033,773UP33-SG
5507329,SDL KA 7.68% 2039,768KA39-SG
4270593,PTC INDUSTRIES,PTCIL
4889345,SILLY MONKS ENTERTAIN,SILLYMONKS-BE
5859585,,832TPL26-N4
3890945,MANAKSIA,MANAKSIA
4794369,MADHUSUDAN MASALA,MADHUSUDAN-SM
5146113,,1015SCL28-NR
3725313,THE PHOENIX MILLS,PHOENIXLTD
5591297,SDL TN 7.58% 2054,758TN54-SG
5016833,IRM ENERGY,IRMENERGY
4378881,SUMITOMO CHEM INDIA,SUMICHEM
5496321,,771REC27-NJ
6163201,,735RECL34-NS
4419329,ARMAN FIN SERV,ARMANFIN
4907009,SDL UP 7.56% 2035,756UP35-SG
3879937,KALYANI FORGE,KALYANIFRG
5840641,,764RL27-NM
5737985,SDL UP 6.67% 2030,667UP30-SG
5885953,SDL MH 7.4% 2035,74MH35-SG
4363265,NIP IND ETF SHARIAH BEES,SHARIABEES
4672513,S. P. APPARELS,SPAL
5641217,SDL RJ 7.45% 2030,745RJ30-SG
4197633,SDL TS 7.32% 2049,732TS49-SG
5474049,PALASH SECURITIES,PALASHSECU
5891073,,860CIFC29-NQ
3582977,SDL KL 7.65% 2048,765KL48-SG
4802561,YATRA ONLINE,YATRA
4646657,TVS SUPPLY CHAIN SOL L,TVSSCS
5338113,ZEE LEARN,ZEELEARN
3826433,MOTILAL OSWAL FIN,MOTILALOFS
3857409,RELIGARE ENTER.,RELIGARE
3847681,ASCOM LEASIN & INVEST,ASCOM-ST
3777793,WINSOME YARNS,WINSOME-BZ
5063425,PARAGON FINE S.C.,PARAGON-SM
3922945,SDL KL 7.46% 2048,746KL48-SG
5647873,SDL RJ 8.31% 2027,831RJ27-SG
5060609,,948SCL26-N9
3582721,SDL TS 7.66% 2044,766TS44-SG
5688065,SDL WB 6.85% 2030,685WB30-SG
6029057,,885NOM28-N2
5358849,SDL TN 7.56% 2053,756TN53A-SG
4107521,PRINCE PIPES FITTINGS,PRINCEPIPE
5337089,,768IREDA33-N8
5697281,NDR AUTO COMPONENTS,NDRAUTO
4296449,GE VERNOVA T&D INDIA,GVT&D
4663041,SDL KL 7.47% 2037,747KL37-SG
5273857,SDL GJ 6.44% 2029,644GJ29-SG
3638785,,IMC1-N0
5906945,SHREE KARNI FABCOM,SHREEKARNI-SM
5997057,SDL ML 7.46% 2034,746ML34-SG
4538369,ASTEC LIFESCIENCES,ASTEC
4130049,KRISHCA STRAPPING SLTN L,KRISHCA-SM
3990785,AVG LOGISTICS,AVG
5752833,KONSTELEC ENGINEERS,KONSTELEC-SM
5134337,,866IIFC34B-N3
5369089,VADIVARHE SPCLTY CHEM,VSCL-SM
4302337,SDL AP 7.39% 2035,739AP35-SG
3640065,,IMC1-N1
5938177,SDL UK 7.47% 2034,747UK34-SG
4278017,SAHANA SYSTEM,SAHANA-SM
5559553,SDL PN 7.3% 2034,73PN34-SG
3752961,SDL TS 7.74% 2048,774TS48-SG
5811713,SDL BR 7.49% 2039,749BR39-SG
4335361,SDL AP 7.35% 2040,735AP40-SG
4346625,SDL HR 7.4% 2033,74HR33-SG
3582209,SDL TS 7.68% 2042,768TS42-SG
3636225,LEAD REC AND RUB PROD,LRRPL-SM
6177537,,812SFL27-N2
3653377,SDL BR 7.68% 2033,768BR33-SG
5132801,,M&MFIN-N3
5704193,TIRUPATI FORGE,TIRUPATIFL
5750017,,810NIIF34-N0
4598785,,CIFC28-NB
5972481,SDL MH 7.46% 2041,746MH41-SG
4664577,SDL MZ 7.46% 2039,746MZ39-SG
3516161,GLOBAL VEC HELICORP,GLOBALVECT
4711937,SDL MN 7.44% 2035,744MN35-SG
6188289,WINNY IMMIGRA & EDU SER L,WINNY-SM
5158657,GOI LOAN   7.25% 2028,725GR2028-GS
5354241,SDL AS 7.22% 2029,722AS29-SG
5000193,SDL UP 7.68% 2034,768UP34-SG
4675585,SUNGARNER ENERGIES,SEL-SM
4629505,SDL MN 7.51% 2035,751MN35-SG
5542657,SDL JK 7.30% 2029,730JK29-SG
4543233,NIIT LEARNING SYSTEMS,NIITMTS
6179073,,957IIFLS27-NA
4741633,SDL GA 7.46% 2038,746GA38-SG
4997889,SDL KA 7.64% 2032,764KA32-SG
5214209,SDL GJ 7.65% 2029,765GJ29A-SG
5650945,SDL RJ 7.14% 2030,714RJ30-SG
6147329,SDL JK 7.43% 2046,743JK46-SG
4573697,,10NIDO26-N6
3919105,SDL RJ 7.45% 2033,745RJ33-SG
5395713,SURANA SOLAR,SURANASOL
5343745,RBZ JEWELLERS,RBZJEWEL
5855489,SDL RJ 7.43% 2044,743RJ44-SG
5748993,SDL TS 6.71% 2050,671TS50-SG
5213185,SDL KL 7.71% 2043,771KL43-SG
6171649,GP ECO SOLUTIONS INDIA L,GPECO-SM
6113537,SDL RJ 7.34% 2045,734RJ45-SG
4381441,SDL TS 7.43% 2050,743TS50-SG
5685249,SDL TS 7.35% 2030,735TS30-SG
3801089,ALPA LABORATORIES,ALPA
5680641,SDL TS 6.99% 2028,699TS28-SG
3642881,HDFCAMC - HDFCBSE500,HDFCBSE500
5472001,SDL BR 7.02% 2030,702BR30-SG
4383745,SDL AP 7.46% 2034,746AP34-SG
4524801,ALOK INDUSTRIES,ALOKINDS
5975553,SDL KA 7.42% 2032,742KA32-SG
3550209,AARTI PHARMALABS,AARTIPHARM
3484417,INDIAN RAIL TOUR CORP,IRCTC
4283649,GOI LOAN  7.25% 2063,725GS2063-GS
5670145,SDL WB 6.98% 2035,698WB35-SG
5741569,MAX INDIA,MAXIND
3575809,SDL HR 7.68% 2033,768HR33-SG
5691649,DHUNSERI INVESTMENTS,DHUNINV
5837569,ZENITH DRUGS,ZENITHDRUG-SM
4909313,SDL TS 7.49% 2044,749TS44-SG
5810945,SDL HR 7.47% 2036,747HR36-SG
5961985,,0SCL26-YR
6142977,SDL TS 7.44% 2040,744TS40-SG
4776705,MARATHON NXTGEN REALT,MARATHON
5809665,SDL CG 7.43% 2029,743CG29-SG
5959937,,925SCL26A-YN
5747201,SDL RJ 6.46% 2030,646RJ30A-SG
7496705,VMART RETAIL,VMART
7893761,PIL ITALICA LIFESTYLE,PILITA
6341889,,80956ABH26-N0
193543937,,815ANN31-N0
7442177,SDL TS 7.11% 2055,711TS55-SG
194616065,,8SMC30-N2
7599361,,750BOI35-N0
193742849,SDL UP 6.51% 2032,651UP32-SG
6917377,,890BTL34-N0
193720321,,686REC35-N0
6626305,SDL KA 7.10% 2035,710KA35-SG
194373889,,745BTL28-N0
194614017,,72190LTFL2-N0
194615809,,8SMC29-N1
6643713,USHA FINANCIAL SERVICES L,USHAFIN-SM
194425857,GOI TBILL 364D-15/10/26,364D151026-TB
7553025,SDL OR 7.11% 2037,711OR37-SG
7464193,CAPITAL INFRA TRUST,CAPINVIT-IV
6626049,SDL BR 7.11% 2033,711BR33B-SG
6958849,SDL GJ 7.05% 2029,705GJ29-SG
6396929,SDL AS 7.26% 2039,726AS39-SG
6427649,SDL ML 7.25% 2034,725ML34-SG
7682561,SDL OR 7.22% 2036,722OR36-SG
193897729,,1025VCCL28-N0
194350849,SDL JH 7.33% 2034,733JH34-SG
194430977,,840MCSL31-N0
8184321,,901NHB34-N6
6208769,,842GIL27-N0
6329345,,828SICC26-N0
194491649,,715NBFID40-N0
194556417,SDL UK 7.06% 2032,706UK32-SG
7571201,SDL TN 7.09% 2035,709TN35-SG
194285825,SDL AP 7.48% 2034,748AP34-SG
6360833,BIRLASLAMC - GSEC10ABSL,GSEC10ABSL
194431489,,788MFL28-N0
7485697,SDL TN 7.15% 2035,715TN35-SG
7325441,,712PGCIL34-N0
194347009,SDL PY 7.09% 2031,709PY31-SG
193522433,,79413ABC28-N8
6466049,EDELAMC - EBANKNIFTY,EBANKNIFTY
6933505,KNOWLEDGE MARINE & EN W L,KMEW
6386945,GOI LOAN  7.09% 2054,709GS2054-GS
7548673,NIBE,NIBE
7398657,,925SCL26W-N1
194036481,PASHUPATI COTSPIN,PASHUPATI
193750529,,930PFL27A-N0
7425025,SDL MP 7.17% 2038,717MP38-SG
6994689,SDL AP 7.11% 2039,711AP39-SG
6921473,TRIB BHIMJI ZAVERI,TBZ
7393025,CARRARO INDIA,CARRARO
7428097,CEREBRA INT TECH,CEREBRAINT-BZ
7659777,SDL SK 7.2% 2035,72SK35-SG
194369537,BMW VENTURES,BMWVENTLTD
7696641,MOTILALAMC - MOCAPITAL,MOCAPITAL
7658753,SDL CG 7.2% 2034,72CG34-SG
6958337,,722UCL34-N0
7396865,GOI LOAN   6.79% 2031,679GS2031-GS
193575169,,960IIFL30-Y2
193559553,SDL UK 6.74% 2035,674UK35-SG
7553793,SDL MH 7.12% 2038,712MH38A-SG
6528769,INDO US BIOTECH,INDOUS
6565889,THINKING HATS ENTER SOL L,THESL-SM
6994945,SDL TS 7.10% 2044,710TS44-SG
7119617,,714EXIM29-N0
194419969,VIKRAM SOLAR,VIKRAMSOLR
193892609,SDL HP 6.92% 2045,692HP45-SG
194350593,SDL TN 7.19% 2033,719TN33-SG
193581825,,765TML28-N0
7094017,,723DMEDL34-N0
194022401,,718SFL28-N0
7466753,,723BOB35-N0
6980353,,815PNB27-N0
7792897,SDL HR 7.09% 2040,709HR40-SG
7484417,SDL BR 7.14% 2045,714BR45-SG
194105601,BHADORA INDUSTRIES,BHADORA-SM
193806849,,708IIFCL35-N0
194322177,,734NRL35-N0
193745153,SDL RJ 6.85% 2051,685RJ51-SG
7451393,SDL GJ 7.22% 2035,722GJ35-SG
7463681,,720RECL35-N0
6306817,,830ABHFL34-N0
7677697,SDL MP 7.27% 2045,727MP45-SG
6511361,,727PFCL31-N0
6912001,SDL TN 7.02% 2029,702TN29-SG
7540993,,790CANF30-N0
193505537,ICICIPRAMC - EVIETF,EVIETF
6359809,SDL TS 7.28% 2038,728TS38-SG
194436353,MIDWEST,MIDWESTLTD
7577089,REPCO HOME FINANCE,REPCOHOME
7736321,,925SCL27B-N1
194421249,GROWWAMC - GROWWNXT50,GROWWNXT50
194174465,,698PGCIL35-N0
194387201,SDL HR 7.44% 2041,744HR41-SG
6431489,,730PFCL34-N0
7426305,SDL WB 7.15% 2040,715WB40-SG
6993409,SDL AS 7.12% 2034,712AS34-SG
193829889,,738ABCL28-N0
6531073,FLEXITUFF VENTURES INT L,FLEXITUFF
6500353,PANAMA PETROCHEM,PANAMAPET
6228993,SDL TN 7.35% 2034,735TN34-SG
6963713,SDL WB 7.18% 2039,718WB39-SG
7536385,SUPREME HOLDIN N HOSP I L,SUPREME
6339329,SDL MH 7.26% 2049,726MH49-SG
7084033,SDL HR 7.09% 2037,709HR37-SG
7604225,SDL BR 7.15% 2037,715BR37B-SG
194015745,,9AEL30-NE
194494977,SDL TS 7.44% 2056,744TS56A-SG
7569409,SDL GJ 7.07% 2032,707GJ32-SG
7499777,SDL RJ 7.10% 2050,710RJ50-SG
7417089,,825TCSL27-N0
7435777,GOI TBILL 364D-08/01/26,364D080126-TB
193939713,,660RECL27-N0
6459905,VISION INFRA EQUIP SOL L,VIESL-ST
193978625,SDL OR 6.49% 2030,649OR30-SG
6955777,RACL GEARTECH,RACLGEAR
194263809,SDL MH 6.74% 2029,674MH29-SG
193539585,GOI LOAN  6.90% 2065,690GS2065-GS
193933313,SDL MH 7.04% 2040,704MH40-SG
7648513,VISAGAR POLYTEX,VIVIDHA
7963393,DB (INT) STOCK BROKERS,DBSTOCKBRO
193959937,SDL TS 7.13% 2055,713TS55-SG
194122753,,725SIHF28-N0
193754625,SDL AP 6.67% 2032,667AP32-SG
193988353,SAMBHV STEEL TUBES,SAMBHV
193541121,TINNA RUBBER AND INFR,TINNARUBR
194406913,ADVANCE AGROLIFE,ADVANCE
6596609,SDL BR 7.14% 2033,714BR33-SG
7932417,,837REC33-N7
6267393,,820TFSIL29-N0
193981441,SDL TS 7.14% 2049,714TS49-SG
7685121,SDL OR 7.3% 2039,73OR39-SG
7691521,,809CANF27-N0
6292993,SANSTAR,SANSTAR
7696129,,790ABHFL28-N0
194401537,MONEYBOXX FINANCE,MONEYBOXX
193544449,,815ANN29-N0
6363137,SARASWATI SAREE DEPOT,SSDL
7561985,,725PFCL45-N0
6194177,VADILAL INDUSTRIES,VADILALIND
7495681,SDL RJ 7.13% 2035,713RJ35-SG
193980673,SDL MH 7.15% 2045,715MH45-SG
194288897,CAREER POINT EDUTECH,CPEDU
8065793,JIND POL INV & FIN CO,JPOLYINVST
6556673,INDO THAI SEC,INDOTHAI-BE
6593537,VIKAS ECOTECH,VIKASECO
6946817,ONYX BIOTEC,ONYX-SM
6645249,SDL BR 7.15% 2034,715BR34-SG
193948161,,945SCL28-N0
6231809,SDL AP 7.36% 2048,736AP48-SG
7472641,,78537ABH30-N0
6647809,SDL TS 7.16% 2049,716TS49-SG
194314497,IVALUE INFOSOLUTIONS,IVALUE
7698433,SDL JK 7.22% 2032,722JK32-SG
6351105,UNICOMMERCE ESOLUTIONS L,UNIECOM
7387137,,865IHFL27-N1
7415041,,818GFL26-N0
7602945,SDL UP 7.16% 2039,716UP39B-SG
7737345,,971SCL30A-N1
194566401,SDL KL 7.45% 2050,745KL50-SG
7593217,VOLER CAR,VOLERCAR-ST
194458881,LENSKART SOLUTIONS,LENSKART
193531905,,852MFL28-N0
6333953,CEIGALL INDIA,CEIGALL
6257409,,820ABSLI34-N0
7228161,SDL RJ 7.12% 2039,712RJ39-SG
194398209,DSPAMC - FLEXIADD,FLEXIADD
193770241,SDL PN 6.88% 2046,688PN46-SG
194045185,CHEMBOND CHEMICAL,CHEMBONDCH
7738881,,971SCL30-N1
7411713,DUCON INFRATECHNOLOGIES L,DUCON
6374145,,732PFCL39-N0
7728129,GOI TBILL 364D-19/03/26,364D190326-TB
193762817,,686NHPCL34-N0
6939393,SPECIALITY REST,SPECIALITY
193579777,,770SHFL27-N0
194097921,SDL TS 7.21% 2048,721TS48-SG
7661569,SDL HR 7.22% 2038,722HR38A-SG
7397889,,965SCL26Y-N1
7541505,MOSCHIP TECHNOLOGIES,MOSCHIP
6980865,RAJPUTANA BIODIESEL,RAJPUTANA-SM
7422977,SDL HR 7.18% 2038,718HR38-SG
6628353,DEEPAK BUILDERS & ENG I L,DBEIL
6943489,NEELAM LINENS & GAR (I) L,NEELAM-SM
6357505,,736NBFID44-N0
6621185,,975SCL29A-N0
194525185,GOI TBILL 91D-19/02/26,91D190226-TB
193821697,SDL PN 6.88% 2045,688PN45A-SG
7824897,,MHLSDD-SF
193916673,,910HFL35-N0
7492609,,729NHB31-N0
6227969,,753ICICI34-N0
6914049,HEXA TRADEX,HEXATRADEX
6543873,,971SCL29B-N1
194347265,MANGALAM WORLDWIDE,MWL
194260993,SDL MH 7.29% 2050,729MH50-SG
6627841,,744SIDBI28-N0
7428865,EDELAMC - ECAPINSURE,ECAPINSURE
194382337,SDL OR 7.08% 2033,708OR33-SG
194081025,CASH UR DRIVE MARKETING L,CUDML-SM
7790081,SDL HR 7.03% 2035,703HR35-SG
193819393,DAR CREDIT & CAPITAL,DCCL-SM
7467265,,770SUNF28-N0
7726081,SDL UK 7.17% 2032,717UK32-SG
194313729,SDL BR 7.45% 2050,745BR50-SG
6523393,TIJARIA POLYPIPES,TIJARIA
6950657,SDL KL 7.08% 2031,708KL31-SG
7549953,ORCHASP,ORCHASP
193521665,,805ABCL28-N5
7681025,SDL AS 7.34% 2035,734AS35-SG
6455041,SDL HP 7.22% 2039,722HP39-SG
7401729,ROSSELL INDIA,ROSSELLIND
193914369,SCODA TUBES,SCODATUBES
6401793,SDL BR 7.25% 2033,725BR33-SG
7565569,ICICI PRUD NIFTY ETF,NIFTYIETF
6372865,SDL BR 7.24% 2033,724BR33-SG
193524737,,816ABCL29-NH
193944321,,730SICC28A-N0
193836033,,930APMD33-N0
193894145,SDL AP 6.61% 2034,661AP34-SG
194416385,PATEL RETAIL,PATELRMART
6642689,,765SHFL29-N0
6445057,,726BOB34-N0
7588609,,779LTFL30-N0
7682305,SDL AP 7.28% 2036,728AP36-SG
6337281,SDL HR 7.26% 2036,726HR36-SG
6921729,,726IIFCL34-N0
8131073,,866NTPC33-N3
194274049,SDL MP 7.48% 2042,748MP42-SG
194768641,,725BACL28-N0
193781249,MONOLITHISCH INDIA,MONOLITH-SM
6612481,SDL HP 7.08% 2034,708HP34-SG
7672577,,74PFCL35-N0
6983169,,741BOI34-N0
7498753,SDL TN 7.11% 2045,711TN45-SG
6358529,SDL GJ 7.05% 2028,705GJ28-SG
193574401,360ONEAMC - SILVER360,SILVER360
193934337,SDL WB 7.1% 2051,71WB51-SG
7053569,,935TSI31-N0
7602433,SDL GJ 7.02% 2031,702GJ31A-SG
194566657,SDL TS 7.45% 2053,745TS53-SG
6578177,SDL AP 7.14% 2044,714AP44-SG
194260225,,705SFL27-N0
193983489,SDL RJ 6.94% 2035,694RJ35-SG
194284033,SDL TS 7.72% 2063,772TS63-SG
194091265,,647IRFC28-N0
6913281,SDL KL 7.15% 2040,715KL40-SG
193936385,GOI TBILL 364D-25/06/26,364D250626-TB
194322689,,795AMLIL35-N0
194563073,SDL PN 7.29% 2033,729PN33-SG
194402817,SDL AP 7.14% 2033,714AP33-SG
194523137,SDL RJ 7.16% 2035,716RJ35-SG
6419969,,772TIL34-N0
193741057,GOI TBILL 364D-18/06/26,364D180626-TB
6495233,,785TRPEL34-N0
193562625,SDL RJ 6.78% 2047,678RJ47-SG
6544897,,1003SCL31A-N1
193974529,SDL WB 7.11% 2044,711WB44-SG
7723265,SDL WB 7.18% 2046,718WB46-SG
193891585,SDL MP 6.88% 2041,688MP41-SG
193839617,,930APMD31-N0
194378497,BLUESTONE JEWEL LFSTL,BLUESTONE
7720961,SDL UP 7.15% 2037,715UP37A-SG
6372097,SDL MH 7.22% 2050,722MH50-SG
6471681,,AEL120924-N2
6580225,SDL GA 7.12% 2035,712GA35-SG
7300865,,803ICPR34-N0
6358785,SDL GJ 7.06% 2029,706GJ29-SG
6964737,SDL MP 7.16% 2044,716MP44-SG
7594497,HEXAWARE TECHNOLOGIES,HEXT
7789569,SDL KA 7.03% 2033,703KA33-SG
194091777,,724CANF28-N0
6541313,,948SCL27D-N1
193801217,SDL MN 6.71% 2040,671MN40-SG
193837569,,930APMD27-N0
194352385,SDL OR 7.43% 2040,743OR40-SG
7233537,SDL KL 7.10% 2042,710KL42-SG
6653185,,732IREDA29-N0
194455553,,985CCSP28-N0
7439617,SDL MH 7.11% 2038,711MH38-SG
7397633,,925SCL26Z-N1
7573249,NATURAL CAPSULES,NATCAPSUQ
8132609,,891NTPC33-N6
193753857,SAMAY PROJECT SERVICES L,SAMAY-ST
194506497,,113ESFB31B-N0
6580481,SDL HR 7.12% 2036,712HR36A-SG
193572097,,930IIFL27-NX
6606081,,815PHFL27-N0
193759745,,754GIL29-N0
193904897,SDL TS 7.08% 2056,708TS56-SG
7239169,SDL JK 7.10% 2049,710JK49-SG
6244097,DELPHI WORLD MONEY,DELPHIFX
194545921,MATRIX GEO SOLUTIONS,MGSL-SM
6425857,SDL MH 7.25% 2045,725MH45-SG
7553281,SDL AP 7.11% 2038,711AP38B-SG
6344961,PICTUREPOST STUDIOS,PPSL-SM
7598849,,820CIFL28-N0
194387457,SDL RJ 7.56% 2041,756RJ41-SG
194079233,SDL MP 7.24% 2045,724MP45-SG
194371841,TATA CAPITAL,TATACAP
7379201,SDL TN 7.11% 2034,711TN34A-SG
193622529,TANKUP ENGINEERS,TANKUP-ST
6588417,GOI LOAN  6.79% 2034,679GS2034-GS
6353665,,849ABSLI34-N0
194448385,,935PFL33-N3
194569985,SUDEEP PHARMA,SUDEEPPHRM
6354689,MANGAL CREDIT N FINCORP L,MANCREDIT
193562113,SDL HP 6.79% 2034,679HP34-SG
193895169,GOI TBILL 364D-04/06/26,364D040626-TB
194220545,GOI LOAN  7.24% 2055,724GS2055-GS
194008833,GOI LOAN  6.68% 2040,668GS2040-GS
194299137,R&B DENIMS,RNBDENIMS
6936833,NIVA BUPA HEALTH INS CO L,NIVABUPA
7551489,SDL AP 7.07% 2034,707AP34-SG
7568385,READYMIX CONSTRU MACHI L,READYMIX-ST
7740929,,902SCL28-N1
194264065,SDL BR 7.02% 2030,702BR30A-SG
194458369,,805AIFL32-N0
7572225,SDL TN 7.18% 2055,718TN55A-SG
7556865,SDL UK 7.14% 2032,714UK32-SG
193913345,,960SCL32-NI
6518273,,AAFS28B-N0
7682817,SDL CG 7.32% 2037,732CG37-SG
7179777,ONE MOBIKWIK SYSTEMS,MOBIKWIK
6564609,KRN HEAT EXCHANGE N REF L,KRN
194520833,SHILCHAR TECHNOLOGIES,SHILCTECH
2711041,LOYAL TEXTILE MILLS,LOYALTEX
418569,NSE INDEX NIFTY50 USD,NIFTY50 USD
2612225,SDL TS 7.93% 2034,793TS34-SG
950529,SDL RJ 6.84% 2031,684RJ31-SG
2533633,AIRAN,AIRAN
2784257,HDFCAMC - HDFCSILVER,HDFCSILVER
184833,SBIAMC - SBIETFPB,SBIETFPB
2725889,SDL GJ 7.73% 2032,773GJ32-SG
1436161,ASTRAZENECA PHARMA IND LT,ASTRAZEN
3148801,SDL BR 7.7% 2032,77BR32-SG
2368769,NILA INFRASTRUCTURES,NILAINFRA
680705,SDL TS 7.2% 2051,72TS51-SG
633601,OIL AND NATURAL GAS CORP.,ONGC
976129,ARIHANT CAPITAL MKTS,ARIHANTCAP
1283329,WALPAR NUTRITIONS,WALPAR-SM
1016833,PARAS PETROFILS,PARASPETRO
544001,SDL RJ 6.09% 2026,609RJ26-SG
2526721,SDL HR 7.95% 2032,795HR32-SG
830465,SDL JK 6.78% 2033,678JK33-SG
625153,NOCIL,NOCIL
206081,DCM,DCM
277505,SDL SK 6.6% 2030,66SK30-SG
2695937,SDL GJ 7.61% 2032,761GJ32-SG
1015041,REMSONS INDUSTRIES,REMSONSIND
339969,MARINE ELECTRICAL (I),MARINE
2760193,SDL PN 7.75% 2042,775PN42-SG
2121473,SDL TN 7.02% 2030,702TN30-SG
688129,SDL JH 7.28% 2036,728JH36-SG
2222337,SDL TN 7.17% 2030,717TN30-SG
3197185,STRLNG & WIL REN ENE,SWSOLAR
3242497,SDL AS 7.62% 2032,762AS32-SG
2087937,MEGASTAR FOODS,MEGASTAR-BE
679937,SDL KA 7.29% 2039,729KA39-SG
2525953,NEXT MEDIAWORKS,NEXTMEDIA
2630913,NGL FINE CHEM,NGLFINE
801025,TRANSWORLD SHIP LINES,TRANSWORLD
1285889,SVP GLOBAL TEXTILES,SVPGLOB-BE
2791425,SDL TS 7.47% 2031,747TS31-SG
133633,ICICIPRAMC - BHARATIWIN,ICICIB22
2096641,SDL KA 7.16% 2036,716KA36-SG
677121,DRC SYSTEMS INDIA,DRCSYSTEMS
2680321,SDL SK 7.82% 2032,782SK32-SG
2856705,SDL WB 7.56% 2039,756WB39-SG
3356929,SDL BR 7.58% 2032,758BR32-SG
649473,SDL KL 7.02% 2028,702KL28-SG
111617,IFGL REFRACTORIES,IFGLEXPOR
1174273,RAMCO INDUSTRIES,RAMCOIND
406281,NIFTY MOBILITY,NIFTY MOBILITY
3001089,JSW STEEL,JSWSTEEL
262409,NIFTY PHARMA,NIFTY PHARMA
100609,GLOBE ENTERPRISE (I),GLOBE
135681,BPL,BPL
1497857,KOTAKMAMC-KOTAKBKETF,BANKNIFTY1
51969,ASHAPURA MINECHEM,ASHAPURMIN
1339137,SDL WB 7.0% 2031,70WB31-SG
1790209,SDL TN 6.92% 2046,692TN46-SG
1170177,SDL RJ 6.84% 2031,684RJ31A-SG
3360513,SDL HP 7.63% 2037,763HP37-SG
3013121,SDL KL 7.8% 2045,78KL45-SG
1054209,HB STOCKHOLDINGS,HBSL-BE
1975041,SDL AP 7.22% 2042,722AP42-SG
3015425,ACE INTEGRATED SOLU.,ACEINTEG
1634561,COUNTRY CLUB HOSP HOL,CCHHL
517889,SDL HP 6.63% 2033,663HP33-SG
1841409,GOI LOAN 6.62% 2051,662GS2051-GS
2930433,CYBER MEDIA RES & SER,CMRSL-SM
2134017,SDL HR 7.13% 2042,713HR42-SG
2248193,KRISHNA DEF AND ALD IND L,KRISHNADEF-SM
812033,RELCAPAMC - NETFGILT5Y,GILT5YBEES
317697,SDL RJ 6.59% 2030,659RJ30A-SG
1577985,BHAGIRADHA CHEM & INDS L,BHAGCHEM
2793217,SDL AP 7.58% 2040,758AP40-SG
1617921,SDL GJ 6.93% 2031,693GJ31A-SG
407305,NIFTY SMALLCAP250 QUALITY 50,NIFTY SML250 Q50
1396481,2.50%GOLDBONDS2029SR-V,SGBAUG29V-GB
1176065,KOTHARI PETROCHEM,KOTHARIPET
578305,MOREPEN LAB.,MOREPENLAB
297473,GTL,GTL
915969,SDL TN 6.96% 2051,696TN51-SG
1422337,SDL BR 6.85% 2030,685BR30-SG
371969,SDL KA 6.54% 2030,654KA30-SG
1133313,GOI STRIPS C 220830,GS220830C-GS
364801,SDL AS 6.62% 2030,662AS30-SG
1575937,ART NIRMAN,ARTNIRMAN
2804993,SDL MP 7.46% 2032,746MP32-SG
2790913,SDL TS 7.45% 2030,745TS30-SG
418825,NSE INDEX NIFTY INDIA FPI 150,NIFTY INDIA FPI 150
1259521,HINDCON CHEMICALS,HINDCON
1429761,VIJAYA DIAGNOSTIC CEN,VIJAYA
1401345,SDL KL 6.97% 2031,697KL31-SG
3353857,VIMTA LABS,VIMTALABS
2538241,SDL RJ 7.83% 2032,783RJ32-SG
143105,BSL,BSL
1830913,SDL BR 6.84% 2030,684BR30-SG
1277185,SDL WB 6.83% 2028,683WB28-SG
103425,BERGER PAINTS (I),BERGEPAINT
1131777,CREDITACCESS GRAMEEN,CREDITACC
1850113,C.E. INFO SYSTEMS,MAPMYINDIA
468481,SDL GA 6.58% 2031,658GA31-SG
2198529,A B N INTERCORP,ABNINT-IT
2141185,SDL HR 7.43% 2041,743HR41-SG
2974209,ASTRA MICROWAVE,ASTRAMICRO
1275393,SDL AS 6.33% 2026,633AS26-SG
2608641,SDL TN 7.81% 2052,781TN52-SG
2374913,,889SCL27-YT
3312897,,SFLZC26A-ZC
2889985,SDL UP 7.68% 2032,768UP32-SG
1249537,SDL MH 6.89% 2031,689MH31-SG
243969,GOI LOAN  6.22% 2035,622GS2035-GS
2817537,NIP IND ETF LIQUID BEES,LIQUIDBEES
2010113,INOX WIND,INOXWIND
407049,NIFTY QUALITY LOW VOLATILITY 30,NIFTY QLTY LV 30
10753,SDL WB 6.77% 2040,677WB40-SG
1121793,GOI STRIPS C 260426,GS260426C-GS
3048961,RITE ZONE CHEMCON IND,RITEZONE-SM
933633,SDL TN 6.97% 2046,697TN46-SG
502785,TRENT,TRENT
387329,SDL RJ 5.35% 2025,535RJ25-SG
2680577,SDL AP 8.04% 2037,804AP37-SG
359169,HINDUSTAN OIL EXPLORATION,HINDOILEXP
409865,NIFTY MIDSMALLCAP400 MOMENTUM QUALITY 100,NIFTYMS400 MQ 100
1803521,SDL KA 6.83% 2031,683KA31A-SG
2646529,SDL TN 7.87% 2033,787TN33-SG
1505793,SDL GA 6.83% 2031,683GA31-SG
288009,NIFTY MIDCAP SELECT (MIDCPNIFTY),NIFTY MID SELECT
580097,SDL AS 7.07% 2031,707AS31-SG
2419201,SDL AP 7.78% 2041,778AP41-SG
2779905,DREAMFOLKS SERVICES,DREAMFOLKS
2805249,SDL HP 7.48% 2033,748HP33-SG
343297,GOI LOAN  5.85% 2030,585GS2030-GS
824321,LODHA DEVELOPERS,LODHA
343553,2.5%GOLDBONDS2028SR-VIII,SGBN28VIII-GB
1825025,ZODIAC ENERGY,ZODIAC
2487809,SDL MN 7.72% 2032,772MN32-SG
449793,SDL PN 6.65% 2050,665PN50A-SG
1932801,SDL AP 7.14% 2041,714AP41B-SG
2658049,SDL AP 8.02% 2038,802AP38-SG
1387777,SDL UP 6.97% 2031,697UP31-SG
1766145,GOI LOAN 8.32% 2032,832GS2032-GS
2953729,HDFCAMC - HDFCMOMENT,HDFCMOMENT
2964737,GP PETROLEUMS,GULFPETRO
3072769,,76NHAI31-NA
2650881,SDL AP 8.03% 2036,803AP36-SG
676609,PFIZER,PFIZER
539137,MANGALAM CEMENT,MANGLMCEM
1607169,MEDICAMEN BIOTECH,MEDICAMEQ
672513,KOTAKMAMC - KOTAKIT,IT
2702081,SDL AP 7.82% 2042,782AP42-SG
422913,SDL TN 6.63% 2035,663TN35-SG
2966529,SDL GJ 7.41% 2026,741GJ26-SG
389633,SDL KA 6.52% 2030,652KA30-SG
558337,BOSCH,BOSCHLTD
437249,JAY BHARAT MARUTI,JAYBARMARU
2082817,SDL RJ 7.24% 2032,724RJ32A-SG
2918401,SDL GJ 7.75% 2032,775GJ32-SG
3322369,TATAAML - NPBET,NPBET
409097,NIFTY500 EQUAL WEIGHT,NIFTY500 EW
422657,SDL KA 6.63% 2034,663KA34-SG
2441729,GOI LOAN 7.62% 2039,762GS2039-GS
913921,UCAL,UCAL
1351425,ROLEX RINGS,ROLEXRINGS
412169,NIFTY NON-CYCLICAL CONSUMER,NIFTY NONCYC CONS
550401,SDL RJ 6.97% 2051,697RJ51-SG
2018817,MAHALAXMI RUBTECH,MHLXMIRU
2527489,SDL HR 7.69% 2027,769HR27-SG
317185,SDL UP 6.58% 2030,658UP30-SG
820225,GOI LOAN  6.64% 2035,664GS2035-GS
2962689,FORCE MOTORS,FORCEMOT
754433,,888REC29-NF
270857,NIFTY NEXT 50,NIFTY NEXT 50
1217793,SDL UP 6.88% 2031,688UP31A-SG
2051073,SDL KA 7.21% 2032,721KA32-SG
945153,SDL AP 7.04% 2041,704AP41-SG
907777,TTK PRESTIGE,TTKPRESTIG
444929,SDL TR 6.65% 2035,665TR35-SG
2619905,SDL TN 7.65% 2029,765TN29-SG
719361,2.50%GOLDBONDS2029SR-XII,SGBMR29XII-GB
2479361,TRIDENT,TRIDENT
809473,SIMPLEX INFRASTRUCTURES L,SIMPLEXINF
615425,SDL KA 7.35% 2040,735KA40-SG
348929,HINDALCO  INDUSTRIES ,HINDALCO
1453313,SDL MP 6.85% 2031,685MP31-SG
1149697,JOHNSON CONTROLS HITACHI,JCHAC
2024449,SDL KA 7.37% 2038,737KA38-SG
738049,,IIFLZC28-NG
1531649,SDL JH 7.0% 2033,70JH33-SG
790785,SDL WB 6.99% 2036,699WB36-SG
2708481,TRANSPORT CORPN OF INDIA,TCI
2526465,SDL TN 7.94% 2032,794TN32-SG
878849,,79IGT28-NF
2197761,NLC INDIA,NLCINDIA
3432705,GODAWARI POW & ISP,GPIL
957953,2.5%GOLDBONDS2029SR-I,SGBMAY29I-GB
257,GOLDSTAR POWER,GOLDSTAR-SM
1923329,SDL GA 7.0% 2031,70GA31A-SG
1522689,THE SOUTH INDIAN BANK,SOUTHBANK
1346049,INDUSIND BANK,INDUSINDBK
1500417,,935SCL28-NV
179457,HEMISPHERE PROP IND,HEMIPROP
276481,SDL KA 6.47% 2030,647KA30-SG
271881,NIFTY100 EQL WGT,NIFTY100 EQL WGT
2307585,THE ANUP ENGINEERING,ANUP
183041,HEUBACH COLORANTS IND,HEUBACHIND
609537,SDL GJ 7.07% 2031,707GJ31-SG
884993,,795IGT31-NI
434433,SDL GA 5.41% 2025,541GA25-SG
1794817,GOI LOAN 8.97% 2030,897GS2030-GS
151041,SDL PN 6.69% 2030,669PN30-SG
1370369,EXXARO TILES,EXXARO-BE
1177089,HERITAGE FOODS,HERITGFOOD
342017,HEG,HEG
548609,SDL MZ 7.04% 2033,704MZ33-SG
2481921,SDL MH 7.62% 2030,762MH30-SG
2781441,GVP INFOTECH,GVPTECH
46337,RAJDARSHAN INDUSTRIES,ARENTERP
1920001,SDL RJ 6.29% 2026,629RJ26A-SG
2630657,KAYA,KAYA
2981633,KOTHARI SUG & CHEM,KOTARISUG
8961,SDL KA 6.77% 2034,677KA34-SG
867329,SDL AP 6.91% 2040,691AP40-SG
2646017,SDL AP 7.97% 2039,797AP39-SG
1011201,JAKHARIA FABRIC,JAKHARIA-ST
1535233,SDL TN 6.9% 2031,69TN31-SG
2008065,ICICIPRAMC - ICICIAUTO,AUTOIETF
2544385,ONE POINT ONE SOL,ONEPOINT
2870273,S H KELKAR AND CO.,SHK
1932545,SDL AP 7.14% 2040,714AP40-SG
918017,MOKSH ORNAMENTS,MOKSH
720385,ARVEE LABORATORIES I,ARVEE
1700609,SJS ENTERPRISES,SJS
499201,SDL KA 6.6% 2037,66KA37-SG
2889729,SDL RJ 7.65% 2032,765RJ32A-SG
1689601,GENUS P&B,GENUSPAPER
2222081,SDL RJ 7.13% 2029,713RJ29-SG
3042305,MAN INDUSTRIES (I),MANINDS
1497601,,925SCL26-NR
2624769,EMKAY TAP & CUT. TOOL,EMKAYTOOLS-SM
715265,RSWM,RSWM
9729,SDL AP 6.85% 2036,685AP36-SG
291593,NIFTY100 ESG,NIFTY100 ESG
1595393,3I INFOTECH,3IINFOLTD
2316545,ROTO PUMPS,ROTO
2225409,SDL UP 7.34% 2032,734UP32-SG
2648577,DIGICONTENT,DGCONTENT
295177,NIFTY MULTI MFG,NIFTY MULTI MFG
420865,SDL HP 6.57% 2030,657HP30-SG
2051329,SDL RJ 7.21% 2032,721RJ32-SG
1219585,SDL RJ 6.9% 2032,69RJ32-SG
224513,SDL PN 6.76% 2040,676PN40-SG
2278401,MINDPOOL TECHNOLOGIES,MINDPOOL-SM
290057,NIFTY200MOMENTM30,NIFTY200MOMENTM30
2751745,,753NTPC30E-NC
477697,SDL AP 6.64% 2039,664AP39-SG
1273089,NIPPONAMC - NETFPHARMA,PHARMABEES
923393,UNIVERSAL CABLES,UNIVCABLES
2912513,BANK OF MAHARASHTRA,MAHABANK
2452737,METROPOLIS HEALTHCARE,METROPOLIS
2694657,SDL HP 7.57% 2031,757HP31-SG
3240961,SDL AP 7.5% 2028,75AP28-SG
1796865,GOI LOAN 8.33% 2026,833GS2026-GS
2806529,SDL AP 7.45% 2042,745AP42-SG
536577,SDL AP 6.87% 2037,687AP37-SG
3099649,HDFCAMC - HDFCPVTBAN,HDFCPVTBAN
2694913,SDL AP 7.72% 2034,772AP34-SG
2392321,SDL AP 7.45% 2037,745AP37-SG
2489601,SDL RJ 7.72% 2035,772RJ35-SG
2547713,SDL RJ 7.85% 2039,785RJ39-SG
125185,ICE MAKE REFRIGERAT,ICEMAKE
828673,JTEKT INDIA,JTEKTINDIA
3328257,DHARMAJ CROP GUARD,DHARMAJ
800513,UNITED FOODBRANDS,UFBL
1417473,SDL HP 6.93% 2031,693HP31-SG
1292545,CLEAN SCIENCE & TECH,CLEAN
613633,SANDHAR TECHNOLOGIES,SANDHAR
295689,NIFTY MIDSML HLTH,NIFTY MIDSML HLTH
953857,SDL WB 6.65% 2028,665WB28-SG
1469441,SDL RJ 6.86% 2036,686RJ36-SG
410121,NIFTY SMALLCAP250 MOMENTUM QUALITY 100,NIFTYSML250MQ 100
1107201,GOI STRIPS C 231225,GS231225C-GS
2502657,SDL TN 7.8% 2032,78TN32-SG
189185,COROMANDEL INTERNTL.,COROMANDEL
81153,BAJAJ FINANCE,BAJFINANCE
1147137,AARTI DRUGS,AARTIDRUGS
1120769,ICICI PRUD SENSEX ETF,SENSEXIETF
300033,SDL TR 6.81% 2035,681TR35-SG
3359233,SDL HR 7.51% 2029,751HR29-SG
891905,TIL,TIL
947969,VIP INDUSTRIES,VIPIND
2967809,HDFCAMC - HDFCSENSEX,HDFCSENSEX
24321,SDL MP 6.76% 2033,676MP33-SG
1745409,LATENT VIEW ANALYTICS,LATENTVIEW
1124097,GULF OIL LUB. IND.,GULFOILLUB
418049,IPCA LABORATORIES,IPCALAB
1801729,SDL AS 6.04% 2026,604AS26-SG
3012609,SDL TS 7.84% 2040,784TS40-SG
2024193,SDL UK 7.25% 2032,725UK32-SG
2054913,GOI LOAN 7.26% 2029,726GS2029-GS
727297,LAXMI ORGANIC INDUS,LXCHEM
1078273,USHANTI COLOUR CHEM,UCL-SM
1546241,EURO (I) FRESH FOODS,EIFFL
837889,SRF,SRF
2455553,VENUS PIPES & TUBES,VENUSPIPES
590593,MUNJAL SHOWA,MUNJALSHOW
601601,NURECA,NURECA
3364609,ICICIPRAMC - ICICI10GS,GSEC10IETF
719105,RAJSHREE SUGAR & CHEMICAL,RAJSREESUG
318977,SDL AS 6.64% 2030,664AS30-SG
611585,SDL AS 7.24% 2031,724AS31-SG
1524993,BIRLASLAMC - BSLSENETFG,BSLSENETFG
2989825,SDL AS 7.84% 2032,784AS32-SG
699649,SDL AS 6.43% 2026,643AS26-SG
755969,,886REC34-NG
3128065,KEYSTONE REALTORS,RUSTOMJEE
1034241,EIMCO ELECON (INDIA),EIMCOELECO
1252609,SDL GJ 6.88% 2031,688GJ31-SG
4353,GACM TECHNOLOGIES,GATECHDVR
2090753,VEDANT FASHIONS,MANYAVAR
3391233,SDL NL 7.65% 2032,765NL32-SG
1691137,DSPAMC - DSPNEWETF,EQUAL50ADD
3197441,VINNY OVERSEAS,VINNY
1435137,INTL CONVEYORS,INTLCONV
856321,SUNDRAM FASTENERS,SUNDRMFAST
89601,BANNARI AMMAN SUGARS,BANARISUG
6657,SDL HR 6.7% 2030,67HR30-SG
1599489,PREMIER,PREMIER-BE
1775361,GOI 6.83% 2039,683GS2039-GS
2744833,GOI LOAN  7.26% 2032,726GS2032-GS
152321,CARBORUNDUM UNIVERSAL,CARBORUNIV
2001665,SDL RJ 7.14% 2032,714RJ32-SG
1647361,AIRTEL RS. 1.25 PPD UP,AIRTELPP-E1
543489,SDL AS 6.19% 2026,619AS26-SG
2017281,NIPPONAMC - NETFAUTO,AUTOBEES
2316033,GOI LOAN 7.10% 2029,710GS2029-GS
3120129,INOX GREEN ENERGY SER,INOXGREEN
1649921,TECHNO ELEC & ENG CO.,TECHNOE
2798593,RADAAN MEDIAWORKS (I),RADAAN
683521,SDL MH 7.02% 2029,702MH29-SG
315393,GRASIM INDUSTRIES,GRASIM
1302785,SDL UP 7.01% 2031,701UP31-SG
1288449,SDL GJ 6.95% 2031,695GJ31-SG
2977281,NTPC,NTPC
2791681,GENESYS INTL CORPN,GENESYS
190977,SDL AP 6.87% 2035,687AP35-SG
1128961,JAGSONPAL PHARMACEUTICALS,JAGSNPHARM
1828353,GOI LOAN 7.61% 2030,761GS2030-GS
2079489,SDL AP 7.37% 2042,737AP42-SG
2825985,DCM NOUVELLE,DCMNVL
1996801,TIMESCAN LOGISTICS IND L,TIMESCAN-SM
2200577,MOTHERSON SUMI WRNG IND L,MSUMI
1793,AARTI INDUSTRIES,AARTIIND
2156545,VIPUL,VIPULLTD
114177,SDL HP 6.9% 2030,69HP30-SG
1246721,IND SWIFT LABORATORIES LT,INDSWFTLAB
2415361,SDL MH 7.61% 2029,761MH29-SG
1900801,HEC INFRA PROJECTS,HECPROJECT
2414849,SDL HR 7.63% 2029,763HR29-SG
2011393,SDL WB 7.23% 2032,723WB32-SG
303617,GLAND PHARMA,GLAND
2199041,SDL TN 7.4% 2042,74TN42-SG
2439681,SDL AP 7.46% 2027,746AP27-SG
52737,ASHIMA,ASHIMASYN
610305,SDL SK 7.19% 2031,719SK31-SG
773377,SAVITA OIL TECHNOLO.,SOTL
628225,CENTRUM CAPITAL,CENTRUM
1399553,SDL MH 6.38% 2027,638MH27-SG
41217,SDL UP 6.74% 2030,674UP30-SG
151553,GRAPHITE INDIA,GRAPHITE
1420545,ABM INTERNATIONAL,ABMINTLLTD
2031617,AVANTI FEEDS,AVANTIFEED
2677761,SDL TN 7.8% 2032,78TN32A-SG
1227009,SDL KL 7.06% 2041,706KL41-SG
1274881,SDL BR 6.75% 2027,675BR27-SG
2750465,,737NTPC35C-NA
3360257,REPRO INDIA,REPRO
4263937,SDL TN 7.29% 2053,729TN53-SG
3817473,KPR MILL,KPRMILL
3870977,SHREE VASU LOGISTICS,SVLL
4523777,SDL TN 7.43% 2053,743TN53-SG
5671425,SDL SK 7.14% 2030,714SK30-SG
5371905,,SCLZC25F-Y5
5338625,HAPPY FORGINGS,HAPPYFORGE
6106881,MIRAEAMC - MIDSMALL,MIDSMALL
5880577,,7835LIC27-N1
5940481,SDL KA 7.45% 2037,745KA37-SG
3695617,SDL TS 7.73% 2034,773TS34-SG
4919809,VALIANT LABORATORIES,VALIANTLAB
5677057,SDL WB 6.65% 2030,665WB30-SG
5382145,,980SCL33D-YG
3680257,SDL UK 7.74% 2033,774UK33-SG
5354753,SDL AS 7.24% 2030,724AS30-SG
5570561,,832TFSIL29-N0
4259841,SDL CG 7.29% 2030,729CG30-SG
3522561,MANOMAY TEX INDIA,MANOMAY-BE
6051841,SDL TN 7.49% 2044,749TN44-SG
5987841,,1035CCSP26-N2
3552769,SDL AP 7.69% 2035,769AP35-SG
5779201,,837SMFG29-N2
3764993,TIME TECHNOPLAST,TIMETECHNO
5761025,SDL BR 7.69% 2039,769BR39-SG
6183425,DEE DEVELOPMENT ENG,DEEDEV
4423425,BLS INTL SERVS,BLS
3586049,AVT NATURAL PRODUCTS,AVTNPL
3697153,SDL UP 7.75% 2038,775UP38-SG
5809409,SDL GJ 7.43% 2031,743GJ31-SG
6037505,SDL TN 7.49% 2034,749TN34-SG
5431553,ACCORD SYNERGY,ACCORD-SM
5683713,SDL UK 7.35% 2030,735UK30-SG
3727105,SDL MP 7.66% 2048,766MP48-SG
5827585,ESCONET TECHNOLOGIES,ESCONET-SM
4641537,YASHO INDUSTRIES,YASHO
5491457,AUSTRALIAN PREM SOLAR I L,APS-SM
5664001,SDL TN 7.19% 2030,719TN30-SG
4744193,SDL UK 7.48% 2033,748UK33-SG
4911361,SDL TS 7.55% 2032,755TS32-SG
3512065,SDL TS 7.59% 2037,759TS37-SG
5607425,SDL KL 7.91% 2030,791KL30-SG
5873665,,755DDL39-N0
4783617,SDL WB 7.41% 2042,741WB42-SG
4830209,,10SCL30A-BV
4119553,SDL KL 7.29% 2049,729KL49-SG
5898497,,764ABL34-N0
5688833,SDL GJ 7.17% 2030,717GJ30A-SG
5132289,,9MMFSML-N2
5026049,MIRAEAMC - ITETF,ITETF
3546113,,865IIFL28-NS
3866881,SDL RJ 7.61% 2043,761RJ43-SG
5635329,SDL ML 7.29% 2029,729ML29-SG
6025217,SDL MH 7.45% 2038,745MH38A-SG
5758465,SDL CG 7.65% 2033,765CG33-SG
5685761,SDL TS 7.25% 2028,725TS28-SG
5669377,SDL WB 7.26% 2034,726WB34-SG
5247489,PRESSTONIC ENGINEERING L,PRESSTONIC-SM
3928833,GSS INFOTECH,GSS
5718017,SDL KA 6.49% 2031,649KA31-SG
5156097,BABA FOOD PROCESSING,BABAFP-SM
5937153,SDL CG 7.47% 2033,747CG33-SG
6049793,SDL HR 7.52% 2034,752HR34-SG
4421121,ASPINWALL & CO,ASPINWALL
4469761,SDL RJ 7.36% 2041,736RJ41-SG
5651713,SDL RJ 6.71% 2030,671RJ30-SG
4523521,SDL TN 7.43% 2043,743TN43-SG
4769281,,SCLZC26-NB
3876609,PATTECH FITWELL TUB COM L,PATTECH-ST
5610497,SDL KL 6.7% 2027,67KL27-SG
5388289,SDL AS 8% 2030,8AS30-SG
6062081,SDL AP 7.42% 2043,742AP43A-SG
4996865,SDL HP 7.62% 2043,762HP43-SG
6081793,SDL AP 7.42% 2045,742AP45-SG
4714753,RISHABH INSTRUMENTS,RISHABH
5627393,SDL MP 7.35% 2029,735MP29-SG
3511809,SDL TS 7.63% 2036,763TS36-SG
3855617,KOTAK PSU BANK,PSUBANK
5478657,TATAAML-TATAGOLD,TATAGOLD
3600129,WANBURY,WANBURY
5362689,SDL KL 7.62% 2044,762KL44-SG
5209857,SDL UP 7.75% 2034,775UP34-SG
5613825,SDL KA 6.12% 2027,612KA27-SG
5380865,,971SCL28B-YD
5748737,SDL PN 6.7% 2040,67PN40-SG
5640449,SDL RJ 6.55% 2055,655RJ55-SG
5654017,SDL UP 7.65% 2030,765UP30-SG
5998849,SDL AP 7.46% 2042,746AP42-SG
5684225,SDL TS 7.99% 2035,799TS35-SG
5094913,SDL TS 7.72% 2036,772TS36-SG
6051329,SDL RJ 7.52% 2039,752RJ39-SG
4743937,SDL MH 7.46% 2033,746MH33-SG
5362177,SDL WB 7.64% 2043,764WB43A-SG
4460545,GLOBUS SPIRITS,GLOBUSSPR
6001153,RADIOWALLA NETWORK,RADIOWALLA-SM
4348929,SDL AP 7.42% 2041,742AP41-SG
5977089,SDL HR 7.49% 2035,749HR35-SG
5355777,SDL GA 6.54% 2030,654GA30-SG
6082305,SDL AP 7.41% 2047,741AP47-SG
5182465,SDL AR 7.68% 2033,768AR33-SG
5354497,SDL GA 7.22% 2029,722GA29-SG
5417217,SDL BR 6.92% 2032,692BR32-SG
5617665,SDL MH 7.0% 2028,70MH28-SG
5209601,SDL KA 7.73% 2034,773KA34-SG
5856769,SDL MH 7.43% 2036,743MH36-SG
5128193,,735NABAR31-N1
3833089,GOI LOAN  7.29% 2033,729GR2033-GS
6143489,SDL TN 7.44% 2034,744TN34B-SG
4623361,CONCORD BIOTECH,CONCORDBIO
5783553,DSPAMC - HEALTHADD,HEALTHADD
5231873,,CIFCZC26-NF
5445377,SDL MH 7.72% 2035,772MH35-SG
4454401,NHPC,NHPC
4712961,SDL TS 7.44% 2039,744TS39A-SG
5945345,ENFUSE SOLUTIONS,ENFUSE-SM
5053441,SDL RJ 7.65% 2048,765RJ48-SG
3546625,,9IIFL28A-NT
4921345,MIRAEAMC - SENSEXETF,SENSEXETF
3550721,KUANTUM PAPERS,KUANTUM
5220097,SDL AP 7.73% 2032,773AP32A-SG
5365761,SDL AS 7.2% 2029,72AS29-SG
5635073,SDL ML 7.04% 2030,704ML30-SG
5657601,SDL UP 6.91% 2030,691UP30-SG
5420545,CENTRAL DEPO SER (I),CDSL
5193729,SDL KA 6.58% 2030,658KA30-SG
5940737,SDL MH 7.45% 2037,745MH37-SG
5719553,SDL MH 6.44% 2028,644MH28-SG
6131201,,SCL310524A-ZK
5624833,SDL MP 7.18% 2030,718MP30-SG
3945985,TITAGARH RAIL SYSTEMS,TITAGARH
5854465,SDL RJ 7.42% 2039,742RJ39-SG
3662081,SHREEOSWAL S AND CHE,OSWALSEEDS
4803073,ALCOKRAFT DISTILLERIE,ALCODIS-SM
5740033,SDL AP 6.77% 2040,677AP40-SG
4629249,SDL PN 7.52% 2035,752PN35-SG
4708353,MONO PHARMACARE,MONOPHARMA-SM
4470017,SDL WB 7.36% 2041,736WB41-SG
5177601,SDL TS 7.68% 2037,768TS37-SG
5366785,SDL KA 7.80% 2030,780KA30-SG
5760257,SDL HR 7.66% 2036,766HR36-SG
4693761,SDL RJ 7.41% 2039,741RJ39-SG
4345089,SDL GJ 7.38% 2030,738GJ30A-SG
4690177,LG BALAKRISHNAN & BROS,LGBBROSLTD
5790209,SDL AP 7.49% 2039,749AP39-SG
3889409,BGR ENERGY SYSTEMS,BGRENERGY-BE
4516353,SDL AS 7.45% 2033,745AS33A-SG
5841921,,759IREDA34-N0
5630209,SDL NL 6.52% 2030,652NL30-SG
5895681,LANCOR HOLDINGS,LANCORHOL-BE
3835393,CENTUM ELECTRONICS,CENTUM
4160769,EDELAMC - EBBETF0430,EBBETF0430
6081281,SDL AP 7.45% 2040,745AP40B-SG
5650433,SDL RJ 7.18% 2030,718RJ30-SG
4301057,SDL HR 7.36% 2033,736HR33A-SG
5388545,SDL GJ 7.73% 2029,773GJ29-SG
5856001,SDL UK 7.46% 2034,746UK34-SG
4523009,SDL AP 7.45% 2040,745AP40A-SG
5022977,SDL AP 7.66% 2042,766AP42-SG
3512577,SDL TS 7.59% 2040,759TS40-SG
5634305,SDL ML 6.52% 2030,652ML30-SG
5894145,,1077IIFL30-N7
5662721,SDL TN 7.15% 2027,715TN27-SG
5224961,MARINETRANS INDIA,MARINETRAN-SM
4262913,SDL TS 7.39% 2039,739TS39-SG
5924353,POPULAR VEHICLES N SER L,PVSL
5041921,JITF INFRALOGISTICS,JITFINFRA-BE
4960001,SPACENET ENTERS IND,SPCENET-BE
5825281,SDL BR 7.47% 2039,747BR39-SG
5754113,NOVA AGRITECH,NOVAAGRI
4593921,COHANCE LIFESCIENCES,COHANCE
4561409,LTIMINDTREE,LTIM
6035969,,TCL26-NG
5676801,SDL WB 7.99% 2035,799WB35-SG
5825537,SDL MP 7.44% 2040,744MP40-SG
4768769,,9SCL26BA-NA
5965057,,965SCL29-YX
6113793,SDL JK 7.34% 2054,734JK54-SG
4296193,SDL MH 7.34% 2031,734MH31-SG
5609729,SDL KL 6.84% 2030,684KL30-SG
5675265,SDL UK 7.11% 2030,711UK30-SG
4661249,ORIENT PRESS,ORIENTLTD
3544065,MM FORGINGS,MMFL
5625857,SDL MP 7.17% 2029,717MP29-SG
6082049,SDL AP 7.42% 2046,742AP46-SG
6094337,BIRLASLAMC-ABSLPSE,ABSLPSE
3788033,MEGASOFT,MEGASOFT-BE
3845377,SDL NL 7.58% 2033,758NL33-SG
4160001,SDL MN 7.39% 2035,739MN35-SG
4827393,GOI LOAN 5.79% 2030,579GS2030-GS
5202689,RESPONSIVE INDUSTRIES,RESPONIND
4409345,SDL TS 7.44% 2039,744TS39-SG
3654145,SDL SK 7.66% 2033,766SK33-SG
3912449,KNR CONSTRU,KNRCON
3968769,SDL TN 7.39% 2033,739TN33-SG
5039617,BLUE JET HEALTHCARE,BLUEJET
3934721,,830CIFC26-N2
4290049,KORE DIGITAL,KDL-SM
4485121,RATTANINDIA POWER,RTNPOWER
5507073,SDL HP 7.64% 2039,764HP39-SG
5390337,,835SCL23B-YM
4628481,SDL BR 7.5% 2031,75BR31-SG
5498369,UTIAMC - UTINEXT50,UTINEXT50
5266177,SDL GA 7.64% 2030,764GA30-SG
4261633,SDL AP 7.33% 2033,733AP33-SG
4997633,SDL BR 7.7% 2031,77BR31-SG
5886977,SDL KA 7.41% 2036,741KA36-SG
5337857,SDL AS 7.02% 2030,702AS30-SG
4487937,MAHAMAYA STEEL INDS,MAHASTEEL-BE
5691905,,757BOB24-N0
5811969,SDL WB 7.48% 2043,748WB43-SG
5939713,SDL HR 7.45% 2035,745HR35B-SG
5860609,,832TPL28-N6
5939201,SDL SK 7.5% 2034,75SK34-SG
5638913,SDL PY 7.01% 2026,701PY26-SG
4592385,HINDUSTAN COPPER,HINDCOPPER
5910785,SDL UP 7.38% 2036,738UP36-SG
4595713,,CIFC26A-N9
5097729,AVENUE SUPERMARTS,DMART
5847809,,11UCL26-NC
5672705,SDL CG 7.08% 2030,708CG30-SG
5612801,SDL MN 6.95% 2030,695MN30-SG
5309441,SDL KA 7.6% 2038,76KA38-SG
4340225,VILIN BIO MED,VILINBIO-SM
6036993,SDL AP 7.5% 2032,75AP32-SG
4740865,SDL JK 7.43% 2053,743JK53A-SG
3920385,SDL UP 7.45% 2033,745UP33-SG
5856257,SDL UP 7.46% 2034,746UP34-SG
3654657,SDL HP 7.59% 2038,759HP38-SG
6166785,,805TCHFL29-NG
5864193,,840GIL27-N1
5669889,SDL WB 7.19% 2029,719WB29-SG
4567041,SDL TS 7.43% 2041,743TS41-SG
3753729,SDL RJ 7.74% 2049,774RJ49-SG
4577793,ORIANA POWER,ORIANA-SM
5059329,,902SCL26-N8
3587585,LUMAX AUTO TECH,LUMAXTECH
6124801,BEACON TRUSTEESHIP,BEACON-ST
4301569,SDL UP 7.41% 2034,741UP34-SG
3682561,PONDY OXIDES & CHEM,POCL
4416257,SDL AP 7.43% 2042,743AP42-SG
5867265,,8258TCL27-NF
5420289,KAY CEE ENERGY & INFRA L,KCEIL-SM
5025537,PRICOL,PRICOLLTD
6114305,SDL AP 7.34% 2049,734AP49-SG
5356033,SDL AP 6.48% 2027,648AP27-SG
6010881,SINCLAIRS HOTELS,SINCLAIR
4784129,SDL GJ 7.4% 2027,74GJ27-SG
5811457,SDL AP 7.44% 2039,744AP39-SG
4911105,SHEELA FOAM,SFL
5157633,SDL AP 7.19% 2034,719AP34-SG
4638209,THANGAMAYIL JEWELLERY,THANGAMAYL
3926273,RAIN INDUSTRIES,RAIN
5095681,SDL WB 7.79% 2040,779WB40-SG
3665665,TRANSWARRANTY FIN.,TFL
5727745,SDL TN 6.5% 2030,65TN30-SG
3648513,2.50%GOLDBONDS2027SR-VI,SGBOCT27VI-GB
5389569,SDL GJ 6.99% 2026,699GJ26-SG
5436929,AU SMALL FINANCE BANK,AUBANK
5242113,SDL KA 7.72% 2035,772KA35A-SG
5638145,SDL PY 7.21% 2028,721PY28-SG
5719297,SDL WB 6.62% 2035,662WB35-SG
4498433,MIRAEAMC - LIQUID,LIQUID
5266945,SDL AP 7.2% 2030,72AP30-SG
3453697,JK LAKSHMI CEMENT,JKLAKSHMI
5023233,SDL TN 7.66% 2043,766TN43-SG
5504769,SDL GJ 7.64% 2034,764GJ34-SG
3659777,SEQUENT SCIENTIFIC,SEQUENT
6082561,SDL JK 7.41% 2049,741JK49-SG
3793665,SDL MH 7.73% 2032,773MH32-SG
4263169,SDL AP 7.33% 2042,733AP42-SG
4827905,,925SCL28C-BS
3878657,MADHAV MARBLE & GRANITE,MADHAV
5971457,SDL TN 7.43% 2034,743TN34-SG
3663105,INDIAN BANK,INDIANB
3725825,SDL UP 7.74% 2037,774UP37-SG
4918017,HINDUSTAN MEDIA VENT,HMVL
4921089,TCI EXPRESS,TCIEXP
5321729,MOTISONS JEWELLERS,MOTISONS
3937281,MANKIND PHARMA,MANKIND
4521985,2.50%GOLDBONDS2028SR-IX,SGBFEB28IX-GB
4114177,SDL AP 7.3% 2038,73AP38-SG
4600577,SBI CARDS & PAY SER,SBICARD
4823041,NIRAJ ISPAT IND,NIRAJISPAT
4305665,QUANTUM NIFTY 50 ETF,QNIFTY
4441345,,1050NFL26-N7
4508929,DSPAMC - DSPSENXETF,SENSEXADD
4509697,DSPAMC - DSPPSBKETF,PSUBANKADD
6097153,SDL AP 7.4% 2041,74AP41-SG
4154625,SDL MP 7.36% 2033,736MP33-SG
5210881,SDL AP 7.77% 2035,777AP35-SG
5425665,,855TCAPS27-N7
3571201,KOTAKMAMC - KOTAKLIQ,LIQUID1
4246785,VAISHALI PHARMA,VAISHALI
3470593,AVONMORE CAP&MGT SERV,AVONMORE
5516801,SDL AS 7.27% 2029,727AS29-SG
3750145,SDL UP 7.78% 2035,778UP35-SG
5094657,SDL HR 7.72% 2035,772HR35-SG
5287425,SDL AP 6.5% 2030,65AP30-SG
5485569,TATAAML-TATSILV,TATSILV
6123265,GOI LOAN  7.04% 2029,704GS2029-GS
5368321,,965SCL25B-Y1
3671041,SDL WB 7.69% 2039,769WB39-SG
3816449,KDDL,KDDL
5191169,SDL AS 7.50% 2030,750AS30-SG
4710657,SDL AS 7.47% 2033,747AS33-SG
4512001,MOLD-TEK TECHNOLOGIES,MOLDTECH
4374529,MAGSON RETAIL AND DIST L,MAGSON-SM
6137345,,1025SCL34A-ZT
4319745,,84TCHF28-NA
3877633,A G UNIVERSAL,AGUL-SM
4647425,HATHWAY CABLE & DATACOM,HATHWAY
5614593,SDL MH 6.54% 2030,654MH30-SG
5310465,SDL KA 7.64% 2039,764KA39-SG
4579329,GACM TECHNOLOGIES,GATECH
5699073,SDL UP 6.44% 2030,644UP30-SG
3746305,SDL GJ 7.35% 2026,735GJ26-SG
5167105,SDL HP 7.74% 2038,774HP38-SG
5049345,SDL AP 7.74% 2036,774AP36-SG
5944833,,765HDFC34-N1
4333825,SDL JK 7.36% 2035,736JK35-SG
5761793,SDL WB 7.67% 2043,767WB43-SG
5683969,SDL TS 7.39% 2059,739TS59-SG
5436673,SDL AP 7.05% 2031,705AP31-SG
3750657,SDL UP 7.78% 2036,778UP36-SG
3561217,SDL KL 7.6% 2045,76KL45-SG
5804801,CAPITAL SMALL FIN BANK L,CAPITALSFB
3580673,BIRLASLAMC - ABSLBANETF,ABSLBANETF
3625729,SDL MP 7.62% 2034,762MP34-SG
6028033,SDL HR 7.48% 2034,748HR34-SG
6027521,SDL UP 7.48% 2044,748UP44-SG
5643265,SDL RJ 7.17% 2030,717RJ30-SG
3799041,SDL KL 7.83% 2039,783KL39-SG
6102273,,865CIF29-NV
4988673,SDL AP 7.67% 2038,767AP38-SG
5744129,GOI LOAN  6.8% 2060,68GS2060-GS
5859073,,744IRFC34-NR
3610113,SDL UK 7.67% 2033,767UK33-SG
4304641,SDL TS 7.35% 2045,735TS45-SG
5303041,,865LTF26-NN
4598529,NESTLE INDIA,NESTLEIND
3725569,SDL GJ 7.72% 2035,772GJ35-SG
4306433,IKIO TECHNOLOGIES,IKIO
5855745,SDL WB 7.44% 2044,744WB44-SG
4304385,SDL TN 7.35% 2043,735TN43-SG
3435265,SUPREME INFRA.,SUPREMEINF-BZ
5412097,SDL HP 6.95% 2029,695HP29-SG
5415425,ERIS LIFESCIENCES,ERIS
5411585,SDL GA 6.94% 2030,694GA30-SG
3641345,,IMC1-N2
4518913,SDL RJ 7.49% 2034,749RJ34-SG
4516097,SUNTECK REALTY,SUNTECK
5539841,SDL HR 6.24% 2026,624HR26-SG
5619201,SDL MP 7.29% 2035,729MP35-SG
5383169,,875SCL23A-YI
6059265,,AAFS27B-N4
5882881,MUKKA PROTEINS,MUKKA
3527169,SDL UP 7.62% 2035,762UP35-SG
5353985,SDL AP 6.72% 2028,672AP28-SG
5949953,,950IIFL27-Y2
4260097,SDL HP 7.29% 2031,729HP31-SG
7432961,,725IOCL30-N0
7786753,SDL AS 7.02% 2030,702AS30A-SG
193572609,,935IIFL28-NZ
6312193,SDL MH 7.33% 2044,733MH44-SG
193975809,GOI TBILL 364D-23/07/26,364D230726-TB
6230273,SDL TS 7.36% 2037,736TS37-SG
6368513,,AAFS28A-N0
6951169,SDL TN 7.11% 2034,711TN34-SG
193798145,ACCRETION PHARMA,ACCPL-ST
6651905,ADITYA VISION,AVL
194548737,ANAND RATHI SH N STK BR L,ARSSBL
7659521,SDL RJ 7.17% 2035,717RJ35-SG
194389505,SDL RJ 7.46% 2051,746RJ51-SG
6984193,,778SHFL28-N0
7608065,,742PFC28-N0
6323457,BULKCORP INTERNATIONAL L,BULKCORP-SM
6918401,,890BTL31-N0
7737857,,SCL190325A-N1
193978881,SDL AS 6.76% 2032,676AS32-SG
7791105,SDL RJ 7.06% 2035,706RJ35-SG
7599873,UNIONAMC - UNIONGOLD,UNIONGOLD
7674625,,817GHFL30-N0
7706881,360ONEAMC - GOLD360,GOLD360
7557889,SDL KL 7.18% 2050,718KL50-SG
7668225,,735NHB32-N0
194014465,,895AEL27-N9
7794945,SDL WB 7.1% 2045,71WB45-SG
6515457,,815SICC27-N0
7798785,ACTIVE INFRASTRUCTURES L,ACTIVEINFR-SM
6388993,QVC EXPORTS,QVCEL-SM
6563329,ESSAR SHIPPING,ESSARSHPNG-BE
7484673,SDL GJ 7.12% 2035,712GJ35-SG
7787009,SDL KA 6.96% 2030,696KA30-SG
6596097,SDL KA 7.1% 2032,71KA32A-SG
7376641,SDL GJ 7.11% 2033,711GJ33-SG
7741953,,1050SCL32-N1
7788033,SDL KA 7.04% 2032,704KA32-SG
6322433,SATHLOKHAR SYN E&C GLOB L,SSEGL-SM
7214081,SDL TN 6.97% 2028,697TN28-SG
6638849,,7875NIIF30-N0
194346497,SDL NL 7.14% 2030,714NL30-SG
194432001,,805MFL30-N0
193795585,LEELA PALACES HOTEL,THELEELA
194386945,SDL KL 7.49% 2040,749KL40-SG
194660609,,73TFSIL29-N0
6279169,KATARIA INDUSTRIES,KATARIA-SM
194572033,,1125VCCL27-N0
6428161,SDL MH 7.26% 2050,726MH50-SG
7485441,SDL KL 7.14% 2045,714KL45-SG
193719297,,832HHFL27A-N0
6964993,SDL TN 7.16% 2054,716TN54A-SG
7700481,SDL GJ 6.87% 2028,687GJ28-SG
193721345,,726IRMT45-N0
194092289,PROSTARM INFO SYSTEMS,PROSTARM
6981889,GOI LOAN   6.79% 2034,679GS2034A-GS
194403329,SDL JK 7.39% 2037,739JK37A-SG
6426881,SDL TN 7.06% 2029,706TN29A-SG
194540545,,
7785729,SDL GJ 6.87% 2028,687GJ28A-SG
194326785,GALAXY MEDICARE,GML-SM
6199553,INVESCO INDIA NIFTY ETF,IVZINNIFTY
6997505,SURAKSHA DIAGNOSTIC,SURAKSHA
193758721,GOI TBILL 364D-07/05/26,364D070526-TB
7723009,SDL OR 7.18% 2046,718OR46-SG
7404289,,SCL271224B-N1
194438657,,712OIT40-N0
6218753,VST TILLERS TRACTORS,VSTTILLERS
7532289,MOHIT INDUSTRIES,MOHITIND
6913793,SDL AP 7.15% 2042,715AP42-SG
7262977,,714NPC39-N0
194197505,SDL TN 7.09% 2035,709TN35A-SG
194212865,,666SIDBI28-N0
194258433,CYBERMEDIA RS.5 PPD UP,CYBERPP-X1
6324993,RAJPUTANA INDUSTRIES,RAJINDLTD-SM
194640385,,805SICCL35-N0
194661633,,975PCPL28-N0
7662593,SDL MH 7.19% 2040,719MH40-SG
193937153,,730NIIF28-N0
194348545,,787LDL29-N0
6216193,,736SBOI39-N0
194275329,GOI TBILL 364D-10/09/26,364D100926-TB
6268417,SDL HP 7.35% 2034,735HP34-SG
6651393,,758SDIL31-N0
7013377,,818TPL27-N0
7603201,SDL PY 7.16% 2040,716PY40A-SG
6522625,SDL PN 7.15% 2044,715PN44-SG
6512897,,744NBRD28-N0
193906945,,627PFCL27-N0
6599681,APL APOLLO TUBES,APLAPOLLO
194352129,SDL HR 7.43% 2039,743HR39-SG
193770497,,12VCCL29B-N0
6625793,MEP INFRA. DEVELOPERS,MEP-BZ
193934593,SDL KL 7.09% 2052,709KL52-SG
194197761,SDL GA 7.17% 2035,717GA35A-SG
194494209,SDL MP 7.46% 2043,746MP43-SG
7568897,SDL BR 7.18% 2045,718BR45-SG
6513409,KALANA ISPAT,KALANA-SM
193823489,,708TML28-N0
194192129,ELLENBARRIE INDUS GASES L,ELLEN
194588673,SUBA HOTELS,SUBAHOTELS-SM
6332161,RAGHAV PRODUCTIVITY ENH L,RPEL
6561537,,975SIPL27B-N0
7605505,SDL KA 7.13% 2034,713KA34A-SG
7971329,COMPUCOM SOFTWARE,COMPUSOFT
7702273,SDL MP 7.23% 2047,723MP47-SG
6401537,SDL TN 7.06% 2029,706TN29-SG
7686145,SDL OR 7.27% 2041,727OR41-SG
194183937,,116VCCL27-N0
194354433,GOI TBILL 91D-18/12/25,91D181225-TB
194447617,,919PFL28-N0
194460161,CHOICEAMC - CHOICEGOLD,CHOICEGOLD
193907457,,659PFCL30-N0
6262017,MIRAEAMC - EVINDIA,EVINDIA
7195905,,790LTFL34-N0
194386689,SDL HR 7.43% 2039,743HR39A-SG
194414849,GOI TBILL 364D-08/10/26,364D081026-TB
7718145,,773LICH27-N0
193917953,N R VANDANA TEX IND,NRVANDANA-ST
6294785,RNFI SERVICES,RNFI-SM
194286849,SDL AP 7.62% 2036,762AP36-SG
194096129,SDL AP 6.96% 2034,696AP34-SG
194522881,SDL UP 7.18% 2035,718UP35-SG
7503873,,751HUDCO28-N5
7413761,UNIMECH AEROSPACE N MFG L,UNIMECH
7604737,SDL HR 7.16% 2038,716HR38A-SG
6310401,SDL HR 7.34% 2036,734HR36-SG
193571841,,IIFL210425-NW
7453185,SDL KA 7.22% 2036,722KA36-SG
194351361,SDL SK 7.41% 2035,741SK35-SG
194404865,,118VCCL27B-N0
6597889,SDL MH 7.13% 2037,713MH37A-SG
7743745,ISHAN DYES N CHEMICALS L,ISHANCH
6959361,SDL KA 7.09% 2030,709KA30A-SG
193972225,SAVY INFRA AND LOGI,SAVY-SM
193999361,MOVING MEDIA ENTER,MMEL-SM
193907969,,778ABSL35-N0
193901825,SDL AP 6.68% 2035,668AP35B-SG
6242817,BANSAL WIRE INDUSTRIES L,BANSALWIRE
7542785,DSPAMC - NEXT30ADD,NEXT30ADD
7725057,SDL OR 6.98% 2029,698OR29-SG
193719809,,832HHFL27-N0
7424257,SDL JK 7.11% 2055,711JK55-SG
194661121,,875MOF27-N0
6407937,,725IRFC34-N0
194519553,BETA DRUGS,BETA
193772289,,686NHPCL33-N0
7496449,SDL HR 7.14% 2038,714HR38A-SG
194030081,SDL MH 7.16% 2050,716MH50-SG
7697665,SDL TN 7.09% 2030,709TN30A-SG
8060673,,892NHPC33-N6
6404353,BODAL CHEMICALS,BODALCHEM
194285313,SDL BR 7.54% 2033,754BR33-SG
6616065,HYUNDAI MOTOR INDIA,HYUNDAI
193984769,GOI LOAN  5.91% 2028,591GS2028-GS
6514433,GROWWAMC - GROWWLIQID,GROWWLIQID
193933569,SDL RJ 7.09% 2043,709RJ43-SG
6464513,KROSS,KROSS
194380289,,QSIFHRG-SF
7702529,SDL NL 7.27% 2035,727NL35-SG
6305025,MANGLAM INFRA & ENG,MIEL-SM
7688705,,734UCL30-N0
6424065,SDL HR 7.25% 2036,725HR36-SG
6350081,,755RECL26-N0
193769217,SDL AP 6.84% 2037,684AP37-SG
194018561,ANTHEM BIOSCIENCES,ANTHEM
193505025,,875CIFL32-N0
7802625,,774IREDA35-N0
6396417,SDL PN 7.26% 2037,726PN37-SG
194124289,,723LTFL28-N0
194401025,GOI TBILL 91D-15/01/26,91D150126-TB
6945793,,920DCBBL34-N0
193936641,,717SHFL30-N0
194020353,,111ESFB31-N0
7406081,,1025SCL34U-N1
194224385,,773AIFL30-N0
7722497,SDL WB 7.18% 2045,718WB45-SG
6383873,MAHALAXMI FABRIC MILLS LT,MFML
193524225,,803ABCL33-NF
7552001,SDL KA 7.11% 2035,711KA35A-SG
194194433,GLOBE CIVIL PROJECTS,GLOBECIVIL
6474753,,AEL120924A-N5
193767681,,686NHPCL37-N0
194000385,GROWWAMC - GROWWNET,GROWWNET
6942977,,715IRFC39-N0
193937665,,743NIIF30-N0
194523905,SDL HP 7.45% 2040,745HP40-SG
6209281,,793TPRE34-N0
8183297,,863NHB29-N2
6552833,MANBA FINANCE,MANBA
6403329,SDL HR 7.24% 2036,724HR36A-SG
7564033,KEN ENTERPRISES,KEN-SM
193768961,SDL HP 6.84% 2035,684HP35-SG
6461441,SHUBHSHREE BIOFUELS ENE L,SHUBHSHREE-SM
7715585,ICICIPRAMC - CASHIETF,CASHIETF
193927937,,730SICC28-N0
194555649,,674SIDBI29-N0
193979649,SDL AS 6.86% 2035,686AS35-SG
8183553,,863NHB34-N3
193771265,,686NHPCL38-N0
6984705,ABHA POWER N STEEL,ABHAPOWER-SM
7455233,SDL MZ 7.23% 2040,723MZ40-SG
6210561,,864CIFL29-N0
7436033,SDL GJ 7.01% 2031,701GJ31-SG
6969857,,737IREDA31-N0
7791873,SDL AP 7.08% 2037,708AP37-SG
194448129,,920PFL28-N2
194769665,,785MFL29-N0
7234561,SDL AR 7.11% 2044,711AR44-SG
193983745,SDL UK 6.97% 2035,697UK35-SG
193878017,AEGIS VOPAK TERMINALS,AEGISVOPAK
194039041,SMARTWORKS COWORKING SP L,SMARTWORKS
6521857,SDL MH 7.12% 2043,712MH43-SG
193890561,SDL AP 6.78% 2037,678AP37-SG
193979393,SDL AP 6.80% 2035,680AP35-SG
7796225,SDL KL 7.06% 2055,706KL55-SG
194497025,,880PFL28-N0
6311169,SDL MH 7.30% 2039,730MH39-SG
194340097,TECHD CYBERSECURITY,TECHD-ST
194770177,,975BNAL28-N0
194525441,GOI TBILL 182D-21/05/26,182D210526-TB
7727361,SDL CG 7.16% 2034,716CG34-SG
193912833,,902SCL2030-NG
194161153,,AAFS29C-N0
6370817,SDL HR 7.24% 2036,724HR36-SG
194493697,SDL BR 7.44% 2040,744BR40-SG
193889793,SDL ML 6.64% 2035,664ML35-SG
6509057,NORTHERN ARC CAPITAL,NORTHARC
6578945,SDL KA 6.9% 2027,69KA27-SG
6963969,SDL AP 7.18% 2040,718AP40A-SG
6220289,NXT-INFRA TRUST,NXT-INFRA-IV
193935105,SDL GJ 6.1% 2028,61GJ28-SG
194457601,GOI TBILL 364D-06/11/26,364D061126-TB
6573313,DIVYADHAN RECYCLING IND L,DIVYADHAN-SM
193824001,,708TML28A-N0
193901569,SDL AP 6.65% 2034,665AP34-SG
193947649,,975SCL35-N0
194266113,,AAFS30-N0
6385153,,775LICH29-N0
7461377,NAVKAR URBANSTRUCTURE,NAVKARURB
194041857,GOI TBILL 182D-29/01/26,182D290126-TB
193950465,SMARTEN POWER SYSTEMS,SMARTEN-SM
7478529,GOI TBILL 364D-22/01/26,364D220126-TB
6607873,,12VCCL27A-N0
193966849,PUSHPA JEWELLERS,PUSHPA-SM
6371585,SDL WB 7.24% 2042,724WB42-SG
7441921,SDL TS 7.12% 2054,712TS54-SG
6966017,,751SIDBI28-N0
6562049,UNILEX COLOURS AND CHEM L,UNILEX-SM
7400193,,SCL271224-N1
7556097,SDL TS 7.19% 2046,719TS46-SG
6434305,GALA PRECISION ENG,GALAPREC
6644993,SDL RJ 7.13% 2034,713RJ34-SG
7793153,SDL HP 7.1% 2040,71HP40-SG
194409217,OM FREIGHT FORWARDERS,OMFREIGHT
6397185,SDL KL 7.26% 2039,726KL39-SG
7426049,TVS HOLDINGS,TVSHLTD
193763329,,686NHPCL35-N0
194359553,SDL HR 7.1% 2033,71HR33-SG
7604481,SDL MP 7.16% 2037,716MP37A-SG
193761281,,731SDIL40-N0
6316545,S A TECH SOFTWARE INDIA L,SATECH-SM
6622209,FRESHARA AGRO EXPORTS,FRESHARA-SM
7303681,GOI LOAN   6.75% 2029,675GS2029-GS
194233857,SDL WB 7.77% 2046,777WB46-SG
193895937,LLOYD RS.0.50 PPD UP,LLOYDSENPP-E1
193910273,,SCL01825-N6
6312961,SDL AP 7.34% 2049,734AP49A-SG
6964481,SDL AR 7.16% 2044,716AR44-SG
194315777,GOI TBILL 182D-26/03/26,182D260326-TB
194025473,SDL GA 6.89% 2035,689GA35-SG
194095873,SDL MP 7.22% 2048,722MP48-SG
6499841,,799NIIF29-N0
7609089,TEJAS CARGO INDIA,TEJASCARGO-SM
6227457,,1278VCCL25-N0
194456833,SDL TS 7.45% 2057,745TS57-SG
6533121,AVI ANSH TEXTILE,AVIANSH-SM
7728897,CURA TECHNOLOGIES,CURAA-BE
6992385,SDL RJ 7.08% 2034,708RJ34-SG
194560257,MOTILALAMC - MOSERVICE,MOSERVICE
6248705,DHANUKA AGRITECH,DHANUKA
6388737,IDEAL TECHNOPLAST IND,IDEALTECHO-ST
6919937,,875BTL29-N0
6963457,SDL RJ 7.18% 2038,718RJ38-SG
193536513,,1025UCL27A-NG
6257921,AGI INFRA,AGIIL
194019841,,975ISF28-N0
194374401,,AAFS30A-N0
6554881,WOL 3D INDIA,WOL3D-ST
194196737,SDL WB 7.45% 2044,745WB44A-SG
194275585,SG MART,SGMART
7720705,SDL RJ 7.15% 2035,715RJ35-SG
6528513,SDL MH 7.12% 2038,712MH38-SG
6491649,PG ELECTROPLAST,PGEL
7008257,,719LT34-N0
193768449,SDL JK 6.76% 2031,676JK31-SG
6260481,,736SBI39-N0
6425089,SDL MH 7.24% 2040,724MH40-SG
7719681,AXISAMC - AXISVALUE,AXISVALUE
194393857,MANAS POLYMER N ENERGIE L,MPEL-SM
7065089,,711PFCL40-N0
193892353,SDL TS 6.92% 2045,692TS45-SG
7601153,SDL AS 7.15% 2035,715AS35B-SG
7787265,SDL TN 6.99% 2031,699TN31-SG
193931521,TRAVEL FOOD SERVICES,TRAVELFOOD
7015681,GOI LOAN   6.64% 2027,664GS2027-GS
194386177,SDL PN 7.57% 2037,757PN37-SG
193516801,SDL TS 6.84% 2056,684TS56-SG
7377153,SDL JK 7.14% 2051,714JK51-SG
194444289,SDL RJ 6.66% 2029,666RJ29-SG
7721473,SDL UP 7.17% 2039,717UP39-SG
7579393,,704IRFC28-N6
193517057,SDL TN 6.71% 2035,671TN35-SG
194447361,,912PFL27-N0
194003969,,712LTFL28-N0
6526209,SDL BR 7.12% 2033,712BR33-SG
194090241,GROWWAMC - GROWWPOWER,GROWWPOWER
6288897,SDL TS 7.34% 2037,734TS37-SG
6212353,SYLVAN PLYBOARD (INDIA) L,SYLVANPLY-SM
193974273,SDL MN 7.1% 2040,71MN40-SG
194568961,,705SFL28A-N0
6598145,SDL MZ 7.15% 2039,715MZ39-SG
7699457,SDL PY 7.27% 2033,727PY33-SG
7081985,SDL TN 7.10% 2034,710TN34-SG
7422721,SDL AP 7.17% 2039,717AP39-SG
6989825,,793NIIF30-N0
194346753,SDL TN 7.05% 2031,705TN31-SG
194396929,ANANTAM HIGHWAYS TRUST,ANANTAM-IV
194433025,GOI TBILL 364D-29/10/26,364D291026-TB
194319873,RHETAN TMT,RHETAN
7024897,,935TSI34-N0
194013441,SPUNWEB NONWOVEN,SPUNWEB-SM
7570689,SDL KA 7.11% 2033,711KA33-SG
193523969,,8034ABCL34-NE
194418689,SHREEJI SHIPPING GLOBAL L,SHREEJISPG
193959169,SDL MP 7.15% 2043,715MP43A-SG
194029569,SDL MH 7.12% 2047,712MH47-SG
6510337,PARAMOUNT SPECIALI FORG L,PSFL-SM
6426113,SDL WB 7.25% 2045,725WB45-SG
6603009,,805HLICL34-N0
7179265,PURPLE UNITED SALES,PURPLEUTED-ST
7470593,,990IIFL26-N0
194573825,MOTILALAMC - MOMNC,MOMNC
1538561,COASTAL CORPORATION,COASTCORP-BE
362753,GLOBAL EDUCATION,GLOBAL-BE
194581505,SDL WB 7.56% 2042,756WB42A-SG
194576897,SDL MP 7.2% 2033,72MP33-SG
194578433,SDL MH 7.43% 2040,743MH40-SG
194583809,SDL ML 7.44% 2035,744ML35-SG
411913,NIFTY MIDSMALL IT & TELECOM,NIFTY MS IT TELCM
259073,SDL MP 6.76% 2040,676MP40-SG
314113,SDL KA 6.5% 2030,65KA30A-SG
354049,,855IREDA34-N3
3365633,PVR INOX,PVRINOX
996353,HATSUN AGRO PRODUCT,HATSUN
2745857,INDIAMART INTERMESH,INDIAMART
1968897,SDL AS 7.12% 2032,712AS32-SG
2132993,SDL WB 7.17% 2032,717WB32-SG
2287361,SDL MH 7.11% 2029,711MH29-SG
784129,VEDANTA,VEDL
1821441,GOI LOAN 8.17% 2044,817GS2044-GS
2695425,SDL BR 7.65% 2032,765BR32-SG
3191041,,10CAGL27-N5
2707713,KRBL,KRBL
2660609,SDL WB 8.01% 2041,801WB41-SG
2761217,NOIDA TOLL BRIDGE CO,NOIDATOLL
575489,SDL RJ 7.03% 2036,703RJ36-SG
1832449,GOI LOAN 6.97% 2026,697GS2026-GS
2157569,RAJ RAYON INDUSTRIES,RAJRILTD-BE
852225,ISGEC HEAVY ENG,ISGEC
2080769,SDL MH 6.99% 2029,699MH29-SG
1419265,SDL JK 7.08% 2036,708JK36-SG
1556225,DYNAMIC SRVCS & SEC,DYNAMIC-SM
2225153,SDL GA 7.34% 2032,734GA32-SG
339713,HCL INFOSYSTEMS,HCL-INSYS
2025217,SDL WB 7.48% 2037,748WB37-SG
161025,SDL MP 6.91% 2040,691MP40-SG
1278465,SDL TN 6.95% 2031,695TN31A-SG
3236609,OSIA HYPER RETAIL,OSIAHYPER-BE
2199297,AKSH OPTIFIBRE,AKSHOPTFBR
2875649,SUVEN LIFE SCIENCES,SUVEN
2996225,SDL TN 7.83% 2042,783TN42-SG
1660161,SDL AP 7.08% 2035,708AP35-SG
2170369,XELPMOC DESIGN & TECH,XELPMOC-BE
612865,SDL TR 7.34% 2036,734TR36-SG
593153,GOI LOAN  6.76% 2061,676GS2061-GS
884737,TATA MOTORS PASS VEH,TMPV
151809,SDL KA 6.61% 2030,661KA30-SG
789761,SDL PN 6.82% 2036,682PN36-SG
2840833,SDL GA 7.58% 2037,758GA37A-SG
2873857,B.A.G FILMS AND MEDIA,BAGFILMS
2619393,2.50%GOLDBONDS2030SR-I,SGBJUN30-GB
1678337,SDL AS 6.94% 2031,694AS31-SG
2536193,GOI LOAN 7.63% 2059,763GS2059-GS
156417,SDL RJ 6.6% 2030,66RJ30A-SG
899585,SDL AP 6.94% 2038,694AP38-SG
258305,SDL JK 6.8% 2035,68JK35-SG
382465,RESTAURANT BRAND ASIA,RBA
708609,SDL KA 7.19% 2039,719KA39-SG
2223873,MUKTA ARTS,MUKTAARTS
883457,,769IGT28-NH
1360129,UGRO CAPITAL,UGROCAP
1528833,SDL GA 6.89% 2031,689GA31A-SG
2885889,SDL GJ 7.49% 2026,749GJ26-SG
2718209,SADBHAV INFRA PROJ,SADBHIN
1275905,SDL CG 6.82% 2028,682CG28-SG
2619649,SDL GJ 7.65% 2029,765GJ29-SG
920065,UNITECH,UNITECH
1253889,FDC,FDC
16641,SDL GJ 6.63% 2029,663GJ29-SG
614401,SDL KA 7.35% 2039,735KA39-SG
102145,THE NEW INDIA ASSU CO,NIACL
293121,GUJ IND POW CO.,GIPCL
2921217,RAMKRISHNA FORGINGS,RKFORGE
2635777,KCK INDUSTRIES,KCK-ST
1921537,WOCKHARDT,WOCKPHARMA
1972993,SDL KA 7.22% 2035,722KA35-SG
1268993,GANGA FORGING,GANGAFORGE
2042625,MIRAEAMC - MAMFGETF,MAKEINDIA
3348993,KOTAKMAMC - KOTAKSILVE,SILVER1
1506561,SDL PN 6.98% 2033,698PN33-SG
2415873,SDL MH 7.63% 2030,763MH30-SG
450049,,868NHB29-N3
1385985,SDL MH 6.43% 2027,643MH27-SG
3012353,SDL TS 7.84% 2039,784TS39-SG
417545,NSE INDEX BHARATBOND-APR30,BHARATBOND-APR30
1788673,SDL RJ 6.07% 2026,607RJ26-SG
2194689,SDL TN 7.23% 2032,723TN32-SG
22273,SDL RJ 6.67% 2030,667RJ30-SG
449537,JINDAL POLY FILMS,JINDALPOLY
2511361,AETHER INDUSTRIES,AETHER
354817,SDL TS 6.74% 2050,674TS50-SG
413449,NIFTY500 LARGEMIDSMALL EQUAL CAP WEIGHTED,NIFTY500 LMS EQL
21249,SDL ML 6.7% 2030,67ML30-SG
3160321,SDL TN 7.63% 2047,763TN47-SG
610817,SDL GA 7.2% 2031,72GA31-SG
2396673,CAMPUS ACTIVEWEAR,CAMPUS
3429889,SDL PN 7.68% 2039,768PN39-SG
417033,NSE INDEX BHARATBOND-APR32,BHARATBOND-APR32
1050881,SIL INVESTMENTS,SILINV
421121,SDL AS 6.6% 2030,66AS30A-SG
2886657,SDL PN 7.68% 2042,768PN42-SG
414977,TATA INVESTMENT CORP,TATAINVEST
2666753,DYNAMIC CABLES,DYCL
1882369,SBI-ETF NIFTY NEXT 50,SETFNN50
2531329,GOI LOAN 7.69% 2043,769GS2043-GS
163073,CHAMBAL FERTILIZERS,CHAMBLFERT
1321473,TATVA CHIN PHARM CHEM,TATVA
2416897,SDL HR 7.73% 2033,773HR33-SG
2120705,SDL PY 6.99% 2029,699PY29-SG
707073,SDL WB 7.19% 2036,719WB36-SG
11777,SANWARIA CONSUMER,SANWARIA-BZ
572417,SDL HP 7.02% 2036,702HP36-SG
1467393,AXISAMC - AXISCETF,AXISCETF
2012673,GE POWER INDIA,GVPIL
693505,MTAR TECHNOLOGIES,MTARTECH
349185,SDL GJ 6.49% 2029,649GJ29-SG
46593,SDL KA 6.78% 2032,678KA32-SG
3350017,AIA ENGINEERING,AIAENG
1817089,2.50%GOLDBONDS2029SR-VIII,SGBD29VIII-GB
700161,SDL KA 6.99% 2028,699KA28-SG
2041601,,1015ECL29-NR
2644737,SDL HR 7.81% 2032,781HR32A-SG
2907137,,87SCL27-Z6
2173185,SDL TN 7.09% 2030,709TN30-SG
762625,ORTIN GLOBAL,ORTINGLOBE
742657,SDL KL 6.72% 2027,672KL27-SG
2628609,SDL PN 8.04% 2042,804PN42-SG
214017,SDL PY 5.75% 2026,575PY26-SG
878593,TATA CONSUMER PRODUCT,TATACONSUM
1755649,DHRUV CONSULTANCY SER,DHRUV
2441473,GOI LOAN 7.27% 2026,727GS2026-GS
5889,SDL JK 6.7% 2030,67JK30-SG
1088001,,
1329665,ANTARCTICA,ANTGRAPHIC
428801,ITI,ITI
2857217,SDL WB 7.56% 2042,756WB42-SG
760833,ORIENT ELECTRIC,ORIENTELEC
1593857,SIKKO INDUSTRIES,SIKKO-BE
3242753,SDL GJ 7.6% 2032,76GJ32-SG
3410689,DOLLEX AGROTECH,DOLLEX-SM
2629633,SDL TS 7.92% 2045,792TS45-SG
2923009,SDL RJ 7.74% 2042,774RJ42-SG
244737,GOI LOAN  6.67% 2050,667GS2050-GS
511233,LIC HOUSING FINANCE,LICHSGFIN
425729,SUNDROP BRANDS,SUNDROP
2226177,VRL LOGISTICS,VRLLOG
1415169,KOTHARI PRODUCTS,KOTHARIPRO
2474753,MEDICO REMEDIES,MEDICO
1870081,SDL KA 7.02% 2033,702KA33-SG
2654209,SDL MN 7.83% 2032,783MN32-SG
2636033,PRAKASH PIPES,PPL
3428609,SDL TN 7.69% 2037,769TN37-SG
91905,RAJ OIL MILLS,ROML
949761,SDL NL 6.85% 2031,685NL31A-SG
291081,NIFTY INDIA MFG,NIFTY INDIA MFG
1217281,SDL TN 6.83% 2031,683TN31-SG
2614273,SDL TS 7.94% 2036,794TS36-SG
2925313,NDTV,NDTV
2691073,KOTAKMAMC - KOTAKCONS,CONS
219649,SDL TR 6.55% 2030,655TR30-SG
2504961,SDL AP 7.9% 2033,79AP33-SG
2191361,COOL CAPS INDUSTRIES,COOLCAPS-SM
2216193,DEBOCK INDUSTRIES,DIL
767233,SANGHI INDUSTRIES,SANGHIIND
1172481,SDL MH 6.83% 2032,683MH32B-SG
3310849,,97SFL26-Z9
2022401,SDL SK 7.27% 2032,727SK32-SG
2114305,VAIDYA SANE AYUR LAB,MADHAVBAUG-SM
2946561,SDL UK 7.85% 2032,785UK32-SG
692481,PRAJ INDUSTRIES,PRAJIND
2137857,SDL MP 7.08% 2029,708MP29-SG
1788929,SDL KA 6.83% 2031,683KA31-SG
549377,SDL HR 6.98% 2041,698HR41-SG
463617,KAKATIYA CEM SUGAR &IND L,KAKATCEM
491265,KOPRAN,KOPRAN
1936385,UNITED POLYFAB GUJ.,UNITEDPOLY-BE
2747649,SPORTKING INDIA,SPORTKING
2645505,SDL TS 7.89% 2034,789TS34-SG
2035201,PRECISION METALIKS,PRECISION-SM
1728513,SDL TS 6.99% 2043,699TS43-SG
682497,VERA SYNTHETIC,VERA-SM
1291521,SDL TS 7.24% 2051,724TS51-SG
151297,,840IRFC29-N8
370177,SDL TS 6.71% 2040,671TS40-SG
1309185,SYNERGY GREEN IND.,SGIL
793345,SHREE DIGVIJAY CEM CO,SHREDIGCEM
1098753,,985ECL28-NK
1659137,SDL TN 6.96% 2031,696TN31-SG
2725377,SDL AS 7.54% 2028,754AS28-SG
871169,AJOONI BIOTECH,AJOONI
2664193,KSHITIJ POLYLINE,KSHITIJPOL
1895937,GLENMARK PHARMACEUTICALS,GLENMARK
935681,SDL KL 6.78% 2031,678KL31-SG
569345,SDL AS 6.21% 2026,621AS26-SG
2125313,SDL KA 7.13% 2039,713KA39-SG
702465,SDL RJ 7.15% 2031,715RJ31A-SG
1789441,SDL RJ 6.84% 2031,684RJ31B-SG
253697,SDL NL 6.5% 2030,65NL30-SG
97537,SINTERCOM INDIA,SINTERCOM
2330625,SOMA TEXTILEI NDUSTRIES L,SOMATEX-BE
1045249,AMBANI ORGOCHEM,AMBANIORGO-SM
1058817,BIOFIL CHEM & PHARMA,BIOFILCHEM
1510401,AXIS BANK,AXISBANK
3244289,SDL PN 7.62% 2032,762PN32-SG
417281,ION EXCHANGE (INDIA),IONEXCHANG
2681089,POWER MECH PROJECTS,POWERMECH
2934017,JAIPRAKASH ASSOCIATES,JPASSOCIAT-BE
956417,WALCHANDNAGAR INDUSTRIES,WALCHANNAG
1714177,GOI LOAN  6.99% 2051,699GS2051-GS
1758209,GOI LOAN 6.13% 2028,613GS2028-GS
2677505,SDL GJ 7.77% 2032,777GJ32-SG
3252737,SDL PN 7.63% 2039,763PN39-SG
353281,,855IREDA29-N2
2990593,SDL BR 7.85% 2032,785BR32A-SG
1759489,GOI LOAN 7.50% 2034,75GS2034-GS
84481,VALIANT ORGANICS,VALIANTORG
2014977,SDL GA 7.23% 2032,723GA32-SG
3423233,SDL AR 7.62% 2032,762AR32-SG
857857,SUN PHARMACEUTICAL IND L,SUNPHARMA
3355137,NAHAR INDS ENT,NAHARINDUS
2208001,,957ICCL25-YW
2227713,SDL UP 7.35% 2034,735UP34-SG
411393,AURI GROW INDIA,AURIGROW
1418497,SDL RJ 6.91% 2031,691RJ31A-SG
750081,SDL AS 6.85% 2031,685AS31-SG
915713,SDL TS 6.98% 2041,698TS41-SG
605441,GIRIRAJ CIVIL DEVP,GIRIRAJ-SM
485377,SDL RJ 6.61% 2031,661RJ31-SG
2263041,USHA MARTIN,USHAMART
1316609,JAI CORP,JAICORPLTD
259081,NIFTY50 PR 1X INV,NIFTY50 PR 1X INV
2231809,SDL PN 7.37% 2042,737PN42-SG
2131457,SDL GA 7.15% 2032,715GA32-SG
3428353,SDL JK 7.7% 2037,77JK37-SG
81665,SDL PN 6.95% 2040,695PN40-SG
277249,SDL RJ 6.61% 2030,661RJ30-SG
152577,SDL MH 6.63% 2030,663MH30-SG
1336321,MIRAEAMC - MAFSETF,BFSI
1038081,PANACEA BIOTEC,PANACEABIO
3404801,NITCO,NITCO
310273,SDL MH 6.35% 2028,635MH28-SG
2989313,INDOCO REMEDIES,INDOCO
3028225,STEEL STRIPS WHEELS,SSWL
1928449,SDL TN 7.02% 2031,702TN31-SG
630529,MISHRA DHATU NIGAM,MIDHANI
319233,GUJ STATE FERT & CHEM,GSFC
467713,SDL GJ 6.45% 2030,645GJ30A-SG
1401601,GARDEN REACH SHIP&ENG,GRSE
1837313,RATEGAIN TRAVEL TECHN,RATEGAIN
1867777,SDL GA 6.98% 2031,698GA31-SG
1427713,GOI LOAN  6.67% 2035,667GS2035-GS
3041537,SDL NL 7.82% 2032,782NL32A-SG
475905,KESORAM INDUSTRIES,KESORAMIND
864257,SDL MH 6.82% 2032,682MH32-SG
1365249,SDL GA 6.99% 2031,699GA31B-SG
1678593,SDL RJ 6.92% 2031,692RJ31-SG
3241217,SDL AP 7.55% 2029,755AP29-SG
256265,NIFTY 50,NIFTY 50
901121,SDL MH 6.84% 2032,684MH32-SG
1498881,,889SCL26-NS
2182913,SP REFRACTORIES,SPRL-ST
365057,MOHINI HEALTH&HYGIENE,MHHL-SM
1802497,SDL AS 6.87% 2031,687AS31A-SG
2866689,ANNAPURNA SWADISHT,ANNAPURNA-SM
779521,STATE BANK OF INDIA,SBIN
1133825,GOI STRIPS C 220231,GS220231C-GS
1965825,MONARCH NETWORTH CAP,MONARCH
47361,SDL MH 6.78% 2032,678MH32-SG
295433,NIFTY MULTI INFRA,NIFTY MULTI INFRA
1789953,SDL AP 6.92% 2041,692AP41-SG
224257,SDL AP 6.77% 2038,677AP38-SG
435201,SDL RJ 5.32% 2025,532RJ25-SG
1659905,SDL JK 7.06% 2033,706JK33-SG
788225,SDL PY 6.98% 2033,698PY33-SG
1323009,SBIAMC - SBIETFCON,SBIETFCON
2995457,SDL RJ 7.87% 2040,787RJ40-SG
768513,WONDERLA HOLIDAYS,WONDERLA
1218561,SDL MH 6.89% 2032,689MH32-SG
3389953,SDL BR 7.64% 2032,764BR32-SG
2083073,SDL KA 7.30% 2032,730KA32-SG
1969665,SDL KA 7.18% 2033,718KA33-SG
3372801,NITIN SPINNERS,NITINSPIN
1796097,SHIVALIK RASAYAN,SHIVALIK
2286593,SDL AP 7.34% 2040,734AP40-SG
452353,,890NHB34-N7
3585,SDL KA 6.56% 2030,656KA30-SG
1000449,PREMIER POLYFILM,PREMIERPOL
665089,AMJ LAND HOLDINGS,AMJLAND
2088705,FIBERWEB INDIA,FIBERWEB
2405633,BHARAT GEARS,BHARATGEAR-BE
2899201,MUKAND,MUKANDLTD
1591297,CAMLIN FINE SCIENCES,CAMLINFINE
1171201,SDL GJ 6.75% 2031,675GJ31-SG
2682625,SDL HR 7.97% 2042,797HR42-SG
218113,SDL GA 6.42% 2030,642GA30-SG
1211393,SKM EGG PROD EXPORT(I) LT,SKMEGGPROD
1470721,SDL SK 6.8% 2031,68SK31-SG
3288833,KRISHANA PHOSCHEM,KRISHANA
1757697,GOI LOAN 6.01% 2028,601GS2028-GS
498945,KSB,KSB
2763009,SYRMA SGS TECHNOLOGY,SYRMA
270089,NIFTY GS COMPSITE,NIFTY GS COMPSITE
683009,SDL PN 7.02% 2028,702PN28-SG
127489,,903SFL28-YI
2189313,BLUE COAST HOTELS,BLUECOAST-BE
1829121,ANAND RATHI WEALTH,ANANDRATHI
1106689,GOI STRIPS C 171225,GS171225C-GS
1453057,SDL JH 6.87% 2031,687JH31-SG
851713,SUDARSHAN CHEMICAL INDS L,SUDARSCHEM
1417729,SDL HP 6.98% 2032,698HP32-SG
2373889,,843SCL27-YS
2525441,WE WIN,WEWIN-BE
2876417,JINDAL STAINLESS,JSL
273673,NIFTY ALPHALOWVOL,NIFTY ALPHALOWVOL
3020289,ALLDIGI TECH,ALLDIGI
2757377,SDL UP 7.66% 2032,766UP32-SG
3038465,SDL HP 7.87% 2035,787HP35-SG
1508097,SDL KL 6.99% 2036,699KL36-SG
257025,SDL AP 6.79% 2034,679AP34-SG
665345,PARTY CRUISERS,PARTYCRUS-SM
296193,SDL AR 6.54% 2030,654AR30-SG
3381505,2.50%GOLDBONDS2027SR-IV,SGBSEP27-GB
98049,BHARAT ELECTRONICS,BEL
516097,SDL RJ 6.61% 2031,661RJ31A-SG
647937,CONTINENTAL SEED CHEM,CONTI-SM
369409,SDL WB 6.71% 2040,671WB40-SG
2012417,SDL MP 7.33% 2042,733MP42-SG
3386625,GVK POW. & INFRA,GVKPIL-BE
1927937,SDL RJ 7.03% 2031,703RJ31-SG
2123521,SDL AS 7.12% 2032,712AS32A-SG
1560321,SDL KA 6.96% 2031,696KA31-SG
548865,BHARAT DYNAMICS,BDL
531713,SDL GA 6.85% 2031,685GA31-SG
2919425,SDL RJ 7.79% 2032,779RJ32-SG
1741569,STEELCAST,STEELCAS
1823745,GOI LOAN 8.13% 2045,813GS2045-GS
2718465,HDFCAMC - HDFCNEXT50,HDFCNEXT50
1726465,SDL UP 6.93% 2031,693UP31A-SG
1317121,,85PCHFL26-N7
2252033,ORISSA BENGAL CARRIER,OBCL
2183425,GMR POW AND URBAN INFRA L,GMRP&UI
512769,2.50%GOLDBONDS2029SR-X,SGBJAN29X-GB
1468673,SDL KL 6.86% 2035,686KL35-SG
408841,NIFTY200 VALUE 30,NIFTY200 VALUE 30
595969,CPSE ETF,CPSEETF
1509121,SDL WB 6.99% 2036,699WB36A-SG
1501441,LAGNAM SPINTEX,LAGNAM
2067201,DALMIA BHARAT,DALBHARAT
2971393,SDL WB 7.74% 2039,774WB39-SG
3363585,EDELAMC - EBBETF0433,EBBETF0433
1505281,SDL PY 5.96% 2026,596PY26-SG
2531585,SMARTLINK HOLDINGS,SMARTLINK
916481,SDL TN 6.96% 2056,696TN56-SG
1617153,SDL HR 6.63% 2028,663HR28-SG
1226753,SDL TS 7.06% 2041,706TS41-SG
2798337,GOI LOAN  7.36% 2052,736GS2052-GS
181249,SHRADHA INFRAPROJECTS,SHRADHA
1527553,SDL AP 7.04% 2034,704AP34-SG
2140161,SDL JH 7.28% 2037,728JH37-SG
2555393,,85PFL26A-N7
3430401,BHAGERIA INDUSTRIES,BHAGERIA
407817,NIFTY TOP 15 EQUAL WEIGHT,NIFTY TOP 15 EW
304641,FEDERAL-MOGUL GOETZE (IND,FMGOETZE
445185,SDL AP 6.65% 2036,665AP36-SG
1472257,SANSERA ENGINEERING,SANSERA
5973505,SDL WB 7.53% 2044,753WB44-SG
5995777,SDL AP 7.39% 2030,739AP30-SG
4954113,PROLIFE INDUSTRIES,PROLIFE-SM
6191617,SDL MZ 7.36% 2039,736MZ39-SG
4348673,SDL AP 7.43% 2039,743AP39-SG
4540161,BAFNA PHARMACEUTICALS,BAFNAPH-BE
6111745,SDL KL 7.36% 2036,736KL36-SG
3539457,SOBHA,SOBHA
5166081,SDL UP 7.73% 2035,773UP35-SG
5846785,,1035UCL26-NA
5928193,,746IRFC29-NS
6043393,BALU FORGE INDUSTRIES,BALUFORGE
6169857,SDL HR 7.36% 2034,736HR34-SG
5785601,,855NCPL26-N0
4385281,PARAG MILK FOODS,PARAGMILK
5672193,SDL CG 7.11% 2030,711CG30-SG
5661441,SDL TN 7.33% 2054,733TN54-SG
3738113,WEBSOL ENERGY SYSTEM,WEBELSOLAR
5789441,SDL AP 7.49% 2036,749AP36-SG
3744513,HILTON METAL FORGING,HILTON
4737025,TV VISION,TVVISION
5614081,SDL KA 6.09% 2028,609KA28-SG
5965569,,1015SCFL29-YY
5614849,SDL MH 7.78% 2029,778MH29-SG
3652609,SDL AP 7.7% 2030,77AP30-SG
3709441,NCL INDUSTRIES,NCLIND
5773569,,CIF27-NM
4620545,MINDTECK (INDIA),MINDTECK
4867841,MANOJ VAIBHAV GEM N JEW L,MVGJL
6079745,,753RECL34-NP
3893505,PPAP AUTOMOTIVE,PPAP
3545601,,IIFLZC26A-NR
5588225,SDL TN 7.59% 2044,759TN44-SG
4789249,KUNDAN EDIFICE,KEL-SM
6039041,GLOSTER,GLOSTERLTD
4787969,SDL MP 7.44% 2035,744MP35-SG
5430529,SDL AS 7.30% 2029,730AS29-SG
6050817,SDL PN 7.53% 2037,753PN37-SG
4978433,CAPITAL TRUST,CAPTRUST
5863681,,836GIL26-N0
4516609,SDL AP 7.45% 2033,745AP33-SG
4946433,HISAR METAL IND.,HISARMETAL
5631233,SDL NL 7.03% 2030,703NL30-SG
5812993,SDL JK 7.46% 2049,746JK49-SG
5389057,SDL HP 7.3% 2030,73HP30-SG
4435969,SDL TS 7.34% 2044,734TS44-SG
3588865,VEEDOL CORPORATION,VEEDOL
4341505,ALKALI METALS,ALKALI
4862465,SDL MP 7.46% 2038,746MP38A-SG
3459841,OMKAR SPL CHEM,OMKARCHEM-BZ
5647105,SDL RJ 6.54% 2030,654RJ30-SG
5822721,SDL CG 7.48% 2032,748CG32-SG
5980417,,890MFL27-NK
3884545,TRANS & RECTI.,TARIL
5446401,SUMMIT SECURITIES,SUMMITSEC
5417473,SDL AS 6.95% 2030,695AS30-SG
3819521,TAKE SOLUTIONS,TAKE-BE
5910017,SDL UP 7.38% 2034,738UP34-SG
4317441,GOI LOAN  7.3% 2053,73GS2053-GS
3593217,,940SFIL28-NN
5607169,SDL KL 6.73% 2028,673KL28-SG
5686273,SDL PN 7.17% 2030,717PN30-SG
6190593,SDL AP 7.34% 2035,734AP35-SG
5220865,SDL RJ 7.74% 2033,774RJ33A-SG
5676545,SDL WB 6.5% 2030,65WB30-SG
5021953,SDL RJ 7.71% 2033,771RJ33-SG
5664769,SDL TN 6.70% 2050,670TN50-SG
3698177,SDL WB 7.75% 2039,775WB39-SG
4447233,DRONE DESTINATION,DRONE-SM
4732161,,CAGL27-NC
4614401,GOI LOAN  7.18% 2033,718GS2033-GS
5291777,,885LTF27-NE
5689345,SDL GA 7.29% 2029,729GA29A-SG
4522753,SDL TS 7.45% 2040,745TS40-SG
5061121,,SCL26-NA
4350721,SDL RJ 7.39% 2048,739RJ48-SG
5241601,SDL HR 7.71% 2033,771HR33A-SG
4328449,TOUCHWOOD ENTERTAIN,TOUCHWOOD
5307649,SDL GA 7.63% 2033,763GA33-SG
3793921,SDL UK 7.76% 2033,776UK33-SG
5044481,SBIAMC - LIQUIDSBI,LIQUIDSBI
3844353,MAAN ALUMINIUM,MAANALU
5904129,,778NHB27-NA
4743425,SDL HR 7.47% 2033,747HR33-SG
5446657,SDL HR 7.77% 2036,777HR36-SG
6110977,SDL AS 7.37% 2034,737AS34-SG
4571905,REDTAPE,REDTAPE
5591553,SDL RJ 7.66% 2031,766RJ31-SG
3625473,SDL UP 7.66% 2033,766UP33-SG
5916417,,18MVL27-N0
3668225,SMS PHARMACEUTICALS,SMSPHARMA
3748097,SDL HP 7.76% 2033,776HP33-SG
5332737,MUTHOOT MICROFIN,MUTHOOTMF
6137857,Z-TECH (INDIA),ZTECH-SM
5710849,MINDSPACE BUSINESS P REIT,MINDSPACE-RR
5624577,SDL MP 6.64% 2030,664MP30-SG
4805889,MARCO CABLE & CONDUCTOR L,MARCO-SM
4262657,SDL GJ 7.18% 2028,718GJ28-SG
5048321,SDL PN 7.77% 2033,777PN33-SG
5932033,,860CIFCL29-NR
6162433,GOI LOAN  7.02% 2031,702GS2031-GS
5976065,SDL KA 7.44% 2033,744KA33-SG
5154817,GOI LOAN  7.32% 2030,732GS2030-GS
4828417,,971SCL28C-BU
5541377,SDL JK 7.28% 2030,728JK30-SG
5434113,,875TCAPS29-NB
5211649,SDL AS 7.20% 2030,720AS30-SG
3606529,SDL TS 7.61% 2032,761TS32-SG
3944705,NESCO,NESCO
6187777,,768SID27-N0
6096897,SDL MN 7.43% 2036,743MN36-SG
5913089,SDL WB 7.39% 2042,739WB42-SG
5112321,,901HUDCO34-NE
5814785,POLYSIL IRRIGATION SYST L,POLYSIL-ST
4281601,RPG LIFE SCIENCES,RPGLIFE
6113281,SDL WB 7.37% 2040,737WB40-SG
4030465,SDL GJ 7.27% 2031,727GJ31-SG
4690433,SDL RJ 7.44% 2033,744RJ33A-SG
5586689,CADSYS (INDIA),CADSYS-SM
3798785,SDL HP 7.79% 2038,779HP38-SG
5667329,SDL TR 6.98% 2030,698TR30-SG
4153345,SDL MH 7.33% 2031,733MH31-SG
4427521,NAGARJUN FERT AND CHE,NAGAFERT
4759809,EMS,EMSLIMITED
5973761,SDL TS 7.48% 2050,748TS50-SG
5936641,SDL CG 7.46% 2032,746CG32-SG
4300033,SDL GA 7.36% 2033,736GA33-SG
5393153,SUPREME POWER EQUIPMENT L,SUPREMEPWR-SM
4468993,SDL AP 7.43% 2035,743AP35-SG
5110785,,851HUDCO28-NB
4882689,AARVI ENCON,AARVI
4752897,R R KABEL,RRKABEL
5963521,,902SCL27-YU
6055937,,789SDIL29-N1
3905025,CEAT,CEATLTD
5870081,PLATINUM INDUSTRIES,PLATIND
4763649,ZAGGLE PREPA OCEAN SER L,ZAGGLE
4695297,VISHNU PRAKASH R PUNGLI L,VPRPL
5760513,SDL MH 7.63% 2036,763MH36-SG
3601409,SAGAR CEMENTS,SAGCEM
5652993,SDL UP 7.26% 2029,726UP29-SG
5916929,PRATHAM EPC PROJECTS,PRATHAM-SM
5277953,,820TPL26-N2
4838913,,1075SCL33A-N2
5766145,UTIAMC - NIF10GETF,NIF10GETF
3595521,,965IFSL26-N6
5111297,,858HUDCO29-NC
4197121,MMP INDUSTRIES,MMP
5094401,SDL UP 7.72% 2034,772UP34-SG
5885441,SDL TN 7.4% 2034,74TN34-SG
4348417,COUNTRY CONDO S,COUNCODOS
4903425,INSPIRE FILMS,INSPIRE-SM
4858113,UNIVASTU INDIA,UNIVASTU
3927809,SADHANA NITROCHEM,SADHNANIQ
5623041,SDL MP 7.04% 2030,704MP30-SG
6112257,SDL KL 7.34% 2055,734KL55-SG
5366017,SDL AP 7.98% 2031,798AP31-SG
5516289,SDL TN 7.56% 2054,756TN54-SG
3727873,ZENITH STEEL PIP IND,ZENITHSTL
4708097,RBL BANK,RBLBANK
5646337,SDL RJ 6.57% 2030,657RJ30-SG
3728129,SDL KL 7.66% 2050,766KL50-SG
4380417,SDL AP 7.46% 2043,746AP43-SG
6024705,,759RL27-NO
5336321,SDL KA 7.16% 2030,716KA30-SG
5391873,INNOVA CAPTAB,INNOVACAP
5854209,SDL KA 7.44% 2034,744KA34-SG
4345601,SDL MH 7.4% 2031,74MH31-SG
4750849,JIWANRAM SHEODUTTRA IND L,JIWANRAM-SM
5496065,OPTIEMUS INFRACOM,OPTIEMUS
4351489,SDL KL 7.39% 2052,739KL52-SG
4754177,GNA AXLES,GNA
6144513,SDL AP 7.38% 2049,738AP49-SG
3968001,SDL HR 7.39% 2031,739HR31-SG
5387777,SDL JK 7.95% 2030,795JK30-SG
5995521,TRUST FINTECH,TRUST-ST
3865089,SDL HR 7.5% 2030,75HR30-SG
4630529,SDL PN 7.49% 2037,749PN37-SG
5136641,,902SCL26A-NM
3609857,PTL ENTERPRISES,PTL
5552641,DIXON TECHNO (INDIA),DIXON
5317377,,10ISFL26-N3
5726465,SDL GA 6.5% 2030,65GA30A-SG
5023489,SDL JK 7.6% 2053,76JK53-SG
5011969,THE UGAR SUGAR WORKS,UGARSUGAR
5177345,JUPITER WAGONS,JWL
5829121,INTERIORS & MORE,INM-SM
5998081,SDL MH 7.44% 2041,744MH41-SG
6078721,ENERGY MISSION MACH IND L,EMMIL-SM
3670785,GANESH HOUSING,GANESHHOU
3798529,DECCAN CEMENTS,DECCANCE
6189313,,825NOM27-N0
5296385,,852LTF27-NG
3445761,,905SCL25-ZT
4359425,PATANJALI FOODS,PATANJALI
5977857,SDL KL 7.49% 2036,749KL36-SG
4351233,SDL TS 7.39% 2051,739TS51-SG
5340417,SDL AR 6.99% 2030,699AR30-SG
5760769,SDL PN 7.69% 2036,769PN36-SG
5762049,SDL WB 7.67% 2044,767WB44-SG
5682433,SDL JH 7.37% 2031,737JH31-SG
3571457,PARAMOUNT COMM,PARACABLES
5199617,SDL AS 7.18% 2029,718AS29-SG
3802625,SDL RJ 7.83% 2050,783RJ50-SG
3456257,ALLCARGO LOGISTICS,ALLCARGO
4844033,SDL TN 7.43% 2053,743TN53A-SG
5458177,SUSTAINABLE ENERGY INFRA,SEITINVIT-IV
5353729,SDL GA 6.72% 2030,672GA30-SG
3829505,SDL AP 7.71% 2033,771AP33A-SG
5971969,SDL WB 7.52% 2039,752WB39-SG
5125121,SDL AP 7.18% 2033,718AP33-SG
3660545,POWER FIN CORP,PFC
4628737,SDL HR 7.49% 2033,749HR33-SG
3527425,SDL JK 7.55% 2038,755JK38-SG
3883009,,764IRFC31-NO
4820737,TARAPUR TRANSFORMERS,TARAPUR-BE
5668097,SDL WB 7.31% 2034,731WB34-SG
5972225,SDL UP 7.51% 2040,751UP40-SG
5202433,FEDBANK FINANCIAL SER L,FEDFINA
3625217,SDL BR 7.72% 2033,772BR33-SG
4992769,TWAMEV CONS AND INFRA,TICL-BE
5564161,GOI LOAN   7.37% 2054,737GR2054-GS
3899905,AMBIKA COTTON MILL,AMBIKCO
5298177,SDL GJ 7.18% 2030,718GJ30-SG
3611393,SDL GJ 7.6% 2035,76GJ35-SG
3919361,SDL TN 7.44% 2033,744TN33-SG
5640193,SDL AP 7.22% 2031,722AP31A-SG
4644609,JIO FIN SERVICES,JIOFIN
4756737,KIRLOSKAR BROTHERS,KIRLOSBROS
5847297,,105UCL2026-NB
6007041,,975SCL27-Z9
6049281,SDL PN 7.54% 2032,754PN32-SG
4988417,SDL PN 7.75% 2036,775PN36-SG
4990977,SECMARK CONSULTANCY,SECMARK
4840449,PNB HOUSING FIN,PNBHOUSING
3628033,SHERA ENERGY,SHERA-SM
6000129,TAC INFOSEC,TAC-SM
5160961,CANTABIL RETAIL,CANTABIL
3838977,CONS. CONST. CONSORT,CCCL-BE
4296705,SDL HR 7.34% 2031,734HR31-SG
5604865,SDL PN 7.30% 2031,730PN31-SG
3473921,RBM INFRACON,RBMINFRA-SM
3557633,SDL MZ 7.69% 2037,769MZ37-SG
5636353,SDL MZ 6.6% 2030,66MZ30-SG
3745281,SANCO INDUSTRIES,SANCO-BZ
5364737,SUNDARAM CLAYTON,SUNCLAY
4841217,SDL RJ 7.45% 2044,745RJ44-SG
4834049,SJVN,SJVN
5964033,,948SCL27-YV
5663745,SDL TN 7.2% 2031,72TN31-SG
3940097,RACE ECO CHAIN,RACE
6134017,,10SCL31A-ZO
4301313,SDL NL 7.37% 2033,737NL33A-SG
5383937,SDL HR 8% 2030,8HR30-SG
5502465,SDL AP 7.64% 2031,764AP31-SG
5126657,,867PFCL33-N7
6120705,VILAS TRANSCORE,VILAS-SM
6065409,INDEGENE,INDGN
3860993,MUSIC BROADCAST,RADIOCITY-P1
4811265,HI GREEN CARBON,HIGREEN-SM
5088257,LAXMI GOLDORNA HOUSE,LGHL
3842305,SDL MH 7.36% 2028,736MH28-SG
5100545,,812REC27-NI
3443457,RATNAMANI MET & TUB,RATNAMANI
5655553,SDL UP 7.19% 2029,719UP29-SG
4752385,L&T TECHNOLOGY SER.,LTTS
3748609,SDL GJ 7.72% 2034,772GJ34-SG
5243393,SDL AP 7.7% 2038,77AP38-SG
5689601,SDL KA 7.14% 2029,714KA29A-SG
5753857,2.50%GOLDBONDS2031SR-III,SGBDE31III-GB
4491777,,925SCL28I-BA
4108545,SDL UP 7.33% 2033,733UP33-SG
5853185,SDL CG 7.45% 2033,745CG33-SG
5756929,UTIAMC - NIFITETF,NIFITETF
5913857,SDL RJ 7.37% 2045,737RJ45-SG
4849665,KINGFA SCI & TEC IND,KINGFA
5672449,SDL CG 7.59% 2030,759CG30-SG
4361985,,865IFL28-NZ
5339905,SDL HP 6.95% 2033,695HP33-SG
5639681,SDL AP 7.22% 2030,722AP30-SG
5556225,DISHMAN CARBO AMCIS,DCAL
5277185,,847TPL26-N1
5550849,BHARAT ROAD NETWORK,BRNL
4518657,POKARNA,POKARNA
5675777,SDL UK 7.29% 2029,729UK29-SG
4835585,KALYANI STEELS,KSL
5927681,,757IREDL29-NB
5019137,SDL KA 7.7% 2034,77KA34-SG
4741377,SDL PN 7.48% 2034,748PN34-SG
3649281,REDINGTON,REDINGTON
6069761,,93MOFSL34-N6
5212161,SDL PN 7.79% 2037,779PN37-SG
5231361,,850CIFCL26-NE
3676417,APOLLO PIPES,APOLLOPIPE
5048577,SDL KA 7.73% 2035,773KA35-SG
4404993,DSPAMC - DSPITETF,ITETFADD
4674561,CROP LIFE SCIENCE,CLSL-SM
5165569,AKSHARCHEM INDIA,AKSHARCHEM
5974529,SDL JK 7.51% 2054,751JK54-SG
5655297,SDL UP 7.3% 2030,73UP30-SG
5941249,SDL MH 7.45% 2038,745MH38-SG
4690689,SDL HR 7.44% 2033,744HR33-SG
5461505,JYOTI CNC AUTOMATION,JYOTICNC
3529217,TORRENT POWER,TORNTPOWER
5708545,SDL HR 6.48% 2040,648HR40-SG
5499905,STEL HOLDINGS,STEL
5951489,,773LIC34-N2
5005313,SDL AP 7.61% 2043,761AP43-SG
5182209,SDL NL 7.67% 2033,767NL33B-SG
5504001,SDL GJ 7.64% 2033,764GJ33-SG
3974657,SDL AP 7.39% 2033,739AP33-SG
4540929,YATHARTH HOSP & TRA C S L,YATHARTH
5634561,SDL ML 7.20% 2030,720ML30-SG
3481089,ANTELOPUS SELAN ENRGY,ANTELOPUS
5344769,CREDO BRANDS MARKETING L,MUFTI
4384513,SDL PN 7.47% 2034,747PN34-SG
3692545,SDL MH 7.7% 2031,77MH31-SG
5340161,SDL HR 6.96% 2040,696HR40-SG
3483137,SDL KL 7.64% 2034,764KL34-SG
3613697,GANDHI SPL. TUBES,GANDHITUBE
5658625,SDL TN 7.75% 2030,775TN30-SG
6046977,JNK INDIA,JNKINDIA
6034177,,755PGCI34-N2
6133249,,971SCL29A-ZN
5124865,SDL AP 7.14% 2034,714AP34-SG
5314561,R.P.P INFRA PROJECTS,RPPINFRA
5150721,,980SCL33-NX
5447937,SDL KA 7.72% 2037,772KA37-SG
5494529,,793THDC34-N0
5598465,SHREE TIRUPATI BALAJEE,TIRUPATI-ST
6083585,PREMIER ROADLINES,PRLIND-SM
6052353,SDL RJ 7.49% 2044,749RJ44-SG
3689729,PAGE INDUSTRIES,PAGEIND
4113665,SDL JK 7.37% 2035,737JK35-SG
5378049,,SCLZC26G-YA
5675009,SDL UK 6.88% 2030,688UK30-SG
3536385,KAMDHENU VENTURES,KAMOPAINTS
3530497,PARSVNATH DEVELOPER,PARSVNATH
5357825,JALAN TRANSOLU. INDIA,JALAN-SM
5533441,,875GFL27-N0
6294273,,975SCL29-N0
6490625,SDL TN 7.1% 2034,71TN34-SG
193938177,,925IIFL32-N0
7405569,,1050SCL31T-N1
6595841,SDL UK 7.05% 2029,705UK29-SG
6211841,ESTER INDUSTRIES,ESTER
7144193,,780SICC29-N0
6624769,ANKIT MET & POW,ANKITMETAL-BZ
194387969,SDL WB 7.56% 2045,756WB45-SG
6372609,SDL MZ 7.2% 2031,72MZ31-SG
194529281,TENNECO CLEAN AIR INDIA L,TENNIND
194271745,,773AIFL26-N0
7026689,,935TSI30-N0
194257409,SDL UP 7.15% 2035,715UP35-SG
6546945,SHAKTI PUMPS (I),SHAKTIPUMP
193990913,RAMA TELECOM,RTL-SM
194102273,,799HFL27-N0
7933953,,862REC33-NA
194553601,,925ECL28-N2
194290177,SNEHAA ORGANICS,SNEHAA-SM
6601217,KANANI INDUSTRIES,KANANIIND
193800961,SDL HR 6.68% 2038,668HR38-SG
6194433,SDL WB 7.34% 2042,734WB42-SG
194086401,M AND B ENGINEERING,MBEL
194024705,GOI TBILL 364D-16/07/26,364D160726-TB
194292481,ZERODHAAMC - SML100CASE,SML100CASE
193934081,SDL WB 7.1% 2050,71WB50-SG
194451457,,QSIFHRR-SF
7733249,,940SCL28-N1
193984257,SDL HR 7.06% 2039,706HR39-SG
6336513,SDL MH 7.22% 2034,722MH34-SG
193718785,,820MFL30-N0
6640897,GODAVARI BIOREFINERIES L,GODAVARIB
6545921,,1075SCL34C-N1
194525953,CAPILLARY TECHNO INDIA L,CAPILLARY
193911297,,888SCL28-NA
6589441,SHANKAR LAL RAMPAL,SRD-BE
7160065,VISHAL MEGA MART,VMM
6267905,,736IOCL29-N0
7692033,,905CIFL32-N0
6629889,PREMIUM PLAST,PREMIUM-SM
7569665,SDL GJ 7.08% 2034,708GJ34-SG
8042241,NBCC (INDIA),NBCC
193717505,SDL TN 6.79% 2055,679TN55-SG
193738753,SDL TS 7.09% 2060,709TS60-SG
7473153,KABRA JEWELS,KKJEWELS-SM
6613505,SDL TS 7.11% 2045,711TS45-SG
7647233,GROWWAMC - GROWWN200,GROWWN200
7805185,,712EXIM30-N0
7726593,SDL TN 7.15% 2033,715TN33-SG
6429185,BAAZAR STYLE RETAIL,STYLEBAAZA
6225665,,10IIFL26-N0
6288385,SDL GA 7.36% 2034,736GA34-SG
6237185,,743NBFID34-N0
7701505,SDL HP 7.26% 2035,726HP35-SG
193502977,,771NIIF35-N0
194016001,,930AEL30-NF
7753217,GRAND CONTINENT HOTELS L,GCHOTELS-SM
6396673,SDL MP 7.26% 2038,726MP38-SG
6359297,SDL TN 7.21% 2034,721TN34-SG
7705601,SDL TS 7.23% 2052,723TS52-SG
194084609,,712SHFL30-N0
194512385,MIRAEAMC - SMALL250,SMALL250
7793665,SDL MN 7.12% 2040,712MN40-SG
194268929,LAXMI INDIA FINANCE,LAXMIINDIA
7703041,SDL OR 6.93% 2028,693OR28-SG
193744129,SDL HR 6.7% 2039,67HR39-SG
7684865,SDL MP 7.26% 2039,726MP39-SG
193537537,,727SHFL27-N0
7563521,,860TPL31-N0
194099201,SDL TN 6.27% 2029,627TN29-SG
194006785,,9PFL27-N0
7308801,,774PSB34-N0
194096641,SDL BR 7.22% 2040,722BR40A-SG
6252545,SDL TN 7.31% 2054,731TN54-SG
193906433,GOI TBILL 182D-11/12/25,182D111225-TB
6365185,POSITRON ENERGY,POSITRON-SM
6318593,,910CIFL31-N0
193892097,SDL TS 6.92% 2044,692TS44-SG
193915649,,667NBFID30-N0
194231297,SDL GJ 7.25% 2034,725GJ34-SG
194391041,GOI TBILL 182D-03/04/26,182D030426-TB
6313217,SDL RJ 7.35% 2049,735RJ49-SG
193943041,MAYASHEEL VENTURES,MAYASHEEL-ST
193904385,SDL PN 7.13% 2050,713PN50-SG
6324481,GOI LOAN   6.97% 2034,697GR2034-GS
6988033,RATTANINDIA ENT,RTNINDIA
6648065,SDL TN 7.16% 2054,716TN54-SG
7824385,,MHLSDG-SF
7247617,GOI TBILL 364D-18/12/25,364D181225-TB
193742593,SDL JK 6.42% 2031,642JK31-SG
194098433,SDL RJ 7.17% 2052,717RJ52-SG
6539265,,SCL25924A-N1
7699201,SDL UK 7.23% 2032,723UK32-SG
194534145,,803MFL31-N0
7403521,,902SCL27Q-N1
7421697,GOI TBILL 364D-01/01/26,364D010126-TB
194417665,,1215DHPL27-N0
6575105,JAIN DVR EQUITY SHARES,JISLDVREQS
6991105,AGARWAL TOUGH GLASS IND L,AGARWALTUF-SM
6205185,MEDICAMEN ORGANICS,MEDIORG-SM
193790465,,727TCHFL28-N0
194231041,SDL KL 7.52% 2033,752KL33-SG
7679233,SDL KA 7.22% 2032,722KA32-SG
7795713,SDL TS 7.07% 2052,707TS52-SG
7823873,,MHLSRDR-SF
7792385,SDL RJ 7.05% 2037,705RJ37-SG
6543361,,925SCL29C-N1
6925313,SAGILITY,SAGILITY
6989569,SAMPANN UTPADAN INDIA,SAMPANN
7453441,SDL PN 7.23% 2037,723PN37-SG
7677185,SDL UP 7.27% 2041,727UP41-SG
7585537,,756IIFCL28-N0
193577729,,865HHFL30-N0
194565377,SDL TS 7.46% 2042,746TS42A-SG
6265857,,862HHFL29-N0
6410753,,761LIC34-N0
6367233,SUNLITE RECYCLING IND,SUNLITE-ST
194432513,GOI TBILL 91D-29/01/26,91D290126-TB
194078977,PERFECT INFRAENGINEER,PERFECT-SZ
6920961,,747IIFCL27-N0
6242561,KARMA ENERGY,KARMAENG
7587585,,810HLICL35-N0
194523393,SDL TN 7.2% 2036,72TN36-SG
193525249,,830ABCL26-NJ
7785217,GOI TBILL 364D-26/03/26,364D260326-TB
6245889,EMCURE PHARMACEUTICALS L,EMCURE
7500033,SDL TS 7.11% 2047,711TS47-SG
194032129,BELLA CASA FASH AND RET L,BELLACASA
194212353,,666NBRD28-N0
7239425,SDL TN 7.10% 2054,710TN54-SG
6317569,ESPRIT STONES,ESPRIT-SM
6983681,,774LICH27-N0
193986305,,750TCSL28-N0
193539841,CAPITAL INDIA FINANCE,CIFL
194544385,,743PHFL28-N0
6931201,MIRAEAMC - LIQUIDPLUS,LIQUIDPLUS
7222017,SDL RJ 7.11% 2034,711RJ34-SG
7558913,GROWWAMC - GROWWRAIL,GROWWRAIL
194263553,GENSOL ENGINEERING,GENSOL-BZ
194094593,BLUE WATER LOGISTICS,BLUEWATER-SM
7717633,,860MFL28-N0
194042369,,75GFL30-N0
7371521,,748SIDBI29-N0
7731713,,925SCL27A-N1
193543425,,815ANN32-N0
7337473,DAM CAPITAL ADVISORS,DAMCAPITAL
193890305,SDL AP 6.82% 2036,682AP36-SG
194026753,,652RL28-N0
193620225,,815GHFL35-N0
194767617,,769ICPR35-N0
7661313,SDL KA 7.2% 2037,72KA37-SG
7594241,P S RAJ STEELS,PSRAJ-ST
6597121,SDL AS 7.13% 2034,713AS34A-SG
6286849,,801TCL34-N0
7577601,,742SIDBI29-N0
194404097,SDL MH 7.26% 2042,726MH42-SG
194639361,,705SFL28-N0
6606593,LLOYDS ENTERPRISES,LLOYDSENT
6395905,SDL MN 7.27% 2036,727MN36-SG
6644737,SDL TN 7.13% 2034,713TN34-SG
194256897,SDL TN 7.14% 2035,714TN35-SG
194233089,SDL RJ 7.57% 2043,757RJ43-SG
6467073,TOLINS TYRES,TOLINS
6608897,,116VCCL26-N0
7664385,SDL AS 7.2% 2045,72AS45-SG
6487041,VASWANI IND,VASWANI
6927617,ACME SOLAR HOLDINGS,ACMESOLAR
6611201,SDL RJ 7.09% 2035,709RJ35-SG
194412545,GREENLEAF ENVIROTECH,GREENLEAF-SM
6394625,,731RECL39-N0
6215169,MASON INFRATECH,MASON-SM
7569153,SDL CG 7.14% 2033,714CG33-SG
194509313,SHREEJI GLOBAL FMCG,SHETHJI-SM
7734273,,SCL190325-N1
7305985,,799TFSIL27-N0
193561857,SDL UP 6.67% 2032,667UP32-SG
194546945,,714SECIL35-N0
193522945,,79ABCL28-NA
193821441,SDL MN 6.83% 2040,683MN40-SG
6242049,,792TCHF34-N0
6966529,ENVIRO INFRA ENGINEERS L,EIEL
7657985,SDL TN 7.17% 2033,717TN33-SG
194302209,,ABCL020925-N0
6290177,SDL KL 7.33% 2054,733KL54-SG
6608385,,1180VCCL26-N0
6914305,SDL AP 7.15% 2047,715AP47-SG
6489857,SDL CG 7.0% 2029,70CG29-SG
6504449,PELATRO,PELATRO-SM
193911553,,SCL010825-NB
6646017,SDL MN 7.15% 2039,715MN39-SG
193500161,GOI TBILL 364D-10/04/26,364D100426-TB
194230273,SDL TN 7.0% 2031,70TN31A-SG
7721985,SDL OR 7.17% 2040,717OR40-SG
6423041,SDL MH 7.23% 2035,723MH35-SG
6577153,SDL TS 7.14% 2042,714TS42-SG
6352385,BRAINBEES SOLUTIONS,FIRSTCRY
7149569,,775SFL26-N0
7605249,SDL GJ 7.08% 2033,708GJ33B-SG
194270209,KAYTEX FABRICS,KAYTEX-SM
7714305,PRABHA ENERGY,PRABHA
194340865,,7425NIIF30-N0
193894401,SDL GA 6.63% 2035,663GA35-SG
6959873,SDL AP 7.14% 2034,714AP34A-SG
7499265,SDL AS 7.11% 2045,711AS45-SG
6201089,,1190VCCL26-N0
193554177,,803ABHFL35-N0
7823361,,MHLSRD-SF
6536705,,965SCL26F-N1
7455489,SDL MH 7.23% 2041,723MH41-SG
193958657,SDL HR 7.12% 2041,712HR41-SG
193981697,SDL HP 7.15% 2050,715HP50-SG
194418177,,12AFIL27-N0
7686401,SDL TN 7.26% 2055,726TN55-SG
6336769,SDL TN 7.23% 2034,723TN34-SG
194021377,,715SHFL28-N0
6278145,SBIAMC - SBINEQWETF,SBINEQWETF
194285569,SDL AP 7.48% 2033,748AP33-SG
193757953,SDL AS 6.79% 2045,679AS45-SG
7441665,SDL TS 7.13% 2049,713TS49-SG
193776129,,689NTPC35-N0
6425601,SDL AS 7.25% 2044,725AS44-SG
7968769,,810IRFC27-N2
193994497,MOTILALAMC - MOGOLD,MOGOLD
193956865,IWARE SUPPLYCHAIN SER,IWARE-ST
193903873,SDL AP 7.08% 2040,708AP40A-SG
194330369,HIGHWAY INFRASTRUCTURE L,HILINFRA
6646273,SDL AP 7.15% 2039,715AP39-SG
8132097,,873NTPC28-N5
7683329,SDL WB 7.32% 2038,732WB38-SG
7418625,,87HFL26-N0
194051329,,768GSGL28C-N0
6580737,,0RL34-N0
193520641,,78ABCL33-N1
194444801,SDL GA 7.25% 2036,725GA36-SG
6993153,SDL JK 7.10% 2044,710JK44-SG
194135553,,118VCCL27-N0
7421953,SDL AP 7.17% 2037,717AP37-SG
6460161,XTGLOBAL INFOTECH,XTGLOBAL
6521345,SDL RJ 7.13% 2039,713RJ39-SG
7659265,SDL OR 7.19% 2035,719OR35-SG
193755137,SDL GJ 6.68% 2033,668GJ33-SG
7669761,,799NIIF37-N0
194309377,,673PFCL27-N0
193525761,,833ABCL27-NL
194310913,SDL TN 7.26% 2035,726TN35-SG
194402561,SDL GJ 7.06% 2033,706GJ33-SG
7376897,SDL HR 7.16% 2037,716HR37-SG
193925121,BLUSPRING ENTERPRISES,BLUSPRING
194429953,SDL MP 7.4% 2046,74MP46-SG
193821185,SDL TN 6.77% 2040,677TN40-SG
194029825,SDL MH 7.15% 2049,715MH49-SG
6633473,,1015UCL26-N1
193521921,,ABCL28-N6
6359041,SDL BR 7.26% 2033,726BR33-SG
7499009,SDL BR 7.11% 2045,711BR45-SG
193803521,,72092LTF27-N0
193911809,,SCL0182025-NC
7680001,SDL TN 7.22% 2033,722TN33-SG
194426113,CANARA HSBC LIFE INS CO L,CANHLIFE
7672065,,744PFCL30-N0
7469057,BARFLEX POLYFILMS,BARFLEX-SM
194563329,SDL TN 7.14% 2034,714TN34A-SG
6621697,,925SCL26G-N0
194122241,,995ISF35-N0
194557185,KSR FOOTWEAR,KSR-BE
7805697,FUTURE ENTERPRISES,FELDVR-BZ
194311425,SDL MH 7.27% 2036,727MH36-SG
193879809,,738CIFL27-N0
194405633,SOLEX ENERGY,SOLEX
7350785,TRANSRAIL LIGHTING,TRANSRAILL
6924033,MASTER TRUST,MASTERTR
7388417,,IHF261224-N1
7705089,SDL RJ 7.23% 2038,723RJ38-SG
6304001,CHETANA EDUCATION,CHETANA-SM
6311425,SDL WB 7.35% 2040,735WB40-SG
194428929,KOTAKMAMC - MOMENTUM30,MOMENTUM30
194293761,SATTVA ENGINEERING CSTN L,SATTVAENGG-SM
194028545,SDL TS 7.09% 2063,709TS63-SG
194030593,SDL UP 6.86% 2033,686UP33-SG
7722753,SDL MP 7.18% 2046,718MP46-SG
193983233,GOI TBILL 364D-02/07/26,364D020726-TB
7440385,SDL MH 7.14% 2043,714MH43-SG
7558401,,725NBFI40-N0
193965825,SILKY OVERSEAS,SILKY-SM
7797761,RAPID FLEET MGT SERVICE L,RAPIDFLEET-SM
193572865,,975IIFL28-Y0
193912577,,925SCL30-NF
194568449,ROCKINGDCE RS.5 PPD UP,ROCKPP-E1
6274049,PRIZOR VIZTECH,PRIZOR-SM
193552641,SDL MH 6.72% 2040,672MH40-SG
194272769,,770AIFL29-N0
194381313,ZERODHAAMC - NIFTYCASE,NIFTYCASE
7570945,SDL MZ 7.16% 2035,716MZ35-SG
193837057,,930APMD35-N0
7664641,SDL OR 7.2% 2045,72OR45-SG
6585345,RUPA & COMPANY,RUPA
7397121,,715IRFC34-N0
6542337,,SCL25924D-N1
194196481,SDL BR 7.48% 2039,748BR39-SG
6316033,,737IRFC29-N0
7376129,SDL AS 7.19% 2034,719AS34-SG
194297089,VIKRAN ENGINEERING,VIKRAN
6217985,DIVINE POWER ENERGY,DPEL-ST
194399745,MOTILALAMC - MOENERGY,MOENERGY
6283521,MACOBS TECHNOLOGIES,MACOBSTECH-SM
6952961,,810GIL28-N0
193946881,INFLUX HEALTHTECH,INFLUX-ST
194043649,GOI LOAN  6.01% 2030,601GS2030-GS
6266369,SAHAJ SOLAR,SAHAJSOLAR-SM
194564865,SDL HR 7.41% 2040,741HR40-SG
1946881,TREJHARA SOLUTIONS,TREJHARA-BE
194573057,GROWWAMC - GROWWCAPM,GROWWCAPM
3358721,TVS ELECTRONICS,TVSELECT-BE
194577153,SDL GJ 7.17% 2034,717GJ34-SG
194583297,SDL RJ 7.24% 2035,724RJ35-SG
2753793,VERTIS INFRASTRUCTURE TST,VERTIS-IV
632833,OIL COUNTRY TUBULAR,OILCOUNTUB
2880769,WELSPUN LIVING,WELSPUNLIV
1422849,SDL GJ 6.84% 2031,684GJ31A-SG
3011585,SDL AS 7.82% 2032,782AS32A-SG
2096897,SDL RJ 7.09% 2032,709RJ32-SG
2538497,SDL AS 7.86% 2032,786AS32-SG
97281,BOMBAY BURMAH TRADING COR,BBTC
755457,S&S POWER SWITCHGEARS,S&SPOWER
290305,APOLLO MICRO SYSTEMS,APOLLO
701441,SDL CG 7.06% 2029,706CG29-SG
831233,NITIRAJ ENGINEERS,NITIRAJ
1278209,SDL MH 6.94% 2031,694MH31-SG
2992897,SDL RJ 7.84% 2032,784RJ32-SG
2763265,CANARA BANK,CANBK
3053313,NECTAR LIFESCIENCES,NECLIFE
1723649,JINDAL STEEL,JINDALSTEL
1222145,LAKSHMI PRE SCRE,LAKPRE-BZ
1532673,SDL KA 6.93% 2032,693KA32-SG
3040513,SDL TN 7.8% 2042,78TN42-SG
938241,SDL MH 6.83% 2032,683MH32A-SG
2571777,GOI LOAN 7.57% 2033,757GS2033-GS
3062017,SEMAC CONSTRUCTION,SEMAC
219393,DHAMPUR SUGAR MILLS,DHAMPURSUG
3040769,SDL SK 7.82% 2032,782SK32A-SG
2642177,THE P K TEA PROD CO,PKTEA
2802689,THE STATE TRADING CORPN,STCINDIA
225537,DR. REDDY S LABORATORIES,DRREDDY
513025,AHLADA ENGINEERS,AHLADA
546305,SDL AS 6.98% 2031,698AS31-SG
215041,SDL HP 6.51% 2030,651HP30-SG
895745,TATA STEEL,TATASTEEL
264969,INDIA VIX,INDIA VIX
654593,SDL PN 7.23% 2031,723PN31-SG
265225,NIFTY50 DIV POINT,NIFTY50 DIV POINT
592897,HEIDELBERGCEMENT (I),HEIDELBERG
3151617,SDL KA 7.74% 2037,774KA37-SG
209153,DCW,DCW
888321,,772IGT31-NK
550145,SDL WB 6.97% 2036,697WB36-SG
2445313,RAIL VIKAS NIGAM,RVNL
321537,SDL TS 6.73% 2050,673TS50-SG
403457,GILLETTE INDIA,GILLETTE
752641,SDL PN 6.86% 2033,686PN33-SG
258049,FACT,FACT
1286657,SDL BR 6.82% 2028,682BR28-SG
2143233,SDL TN 7.33% 2057,733TN57-SG
2148865,SHIGAN QUANTUM TECH,SHIGAN-SM
1308929,2.50%GOLDBONDS2029SR-IV,SGBJUL29IV-GB
256257,,94SFL28-YL
1725697,SDL TN 6.71% 2029,671TN29-SG
1316353,CIGNITI TECHNOLOGIES,CIGNITITEC
1790465,BIRLASOFT,BSOFT
1506817,SDL RJ 6.94% 2033,694RJ33-SG
1599745,D K ENTERPRISES GLOBAL L,DKEGL-SM
2827521,SATIA INDUSTRIES,SATIA
3337729,SDL BR 7.55% 2032,755BR32A-SG
842753,DEEP INDUSTRIES,DEEPINDS
381697,IFCI,IFCI
1280769,SDL MZ 7.12% 2034,712MZ34-SG
1320961,,9PCHFL31A-NA
2295809,HARIOM PIPE INDUSTRIES L,HARIOMPIPE
2831873,SECUREKLOUD TECH,SECURKLOUD-BE
3032321,CYBER MEDIA (INDIA),CYBERMEDIA-BE
655873,HUHTAMAKI INDIA,HUHTAMAKI
2698497,SDL NL 7.67% 2032,767NL32-SG
405769,NIFTY HIGHBETA 50,NIFTY HIGHBETA 50
1148673,ALKYL AMINES CHEM.,ALKYLAMINE
1816065,SEJAL GLASS,SEJALLTD-BE
2451457,MAHESHWARI LOGISTICS,MAHESHWARI
3307265,,931SFL26-Z5
2416641,AXISCADES TECH,AXISCADES-BE
2672641,LUPIN,LUPIN
2408449,RAINBOW CHILDRENS MED,RAINBOW
2449921,KHFM HOS FAC MANA SER,KHFM-SM
749569,SDL GJ 6.84% 2031,684GJ31-SG
1659649,SDL GA 7.0% 2031,70GA31-SG
534785,SDL RJ 6.88% 2046,688RJ46-SG
486913,SDL WB 6.63% 2041,663WB41-SG
526337,HOME FIRST FIN CO IND,HOMEFIRST
3145985,SDL ML 7.39% 2026,739ML26-SG
731905,RAYMOND,RAYMOND
2918657,SDL MZ 7.78% 2032,778MZ32-SG
1749249,GOI LOAN 10.18% 2026,1018GS2026-GS
1552897,ADANI TOTAL GAS,ATGL
267785,NIFTY100 LIQ 15,NIFTY100 LIQ 15
2964481,WESTLIFE FOODWORLD,WESTLIFE
361473,AGI GREENPAC,AGI
1425153,SDL AP 7.0% 2039,70AP39A-SG
2753281,APTECH,APTECHT
1769729,RAJSHREE POLYPACK,RPPL
2660865,SDL PN 7.85% 2032,785PN32-SG
2947073,CENTURY EXTRUSIONS,CENTEXT-BE
1787137,GOI LOAN 8.30% 2040,83GS2040-GS
2389249,SDL HR 7.15% 2028,715HR28-SG
1974017,SDL AP 7.24% 2038,724AP38-SG
523009,THE RAMCO CEMENTS,RAMCOCEM
592129,MURUDESHWAR CERAMICS,MURUDCERA
1100545,STERLING TOOLS,STERTOOLS
2226689,SDL NL 7.34% 2032,734NL32-SG
2261249,BRIGHTCOM GROUP,BCG
993281,SOMANY CERAMICS,SOMANYCERA
2133761,SDL AP 7.13% 2039,713AP39-SG
2942977,AMBICA AGAR & AROMAINDLTD,AMBICAAGAR
1847809,SBIAMC - SBIETFQLTY,SBIETFQLTY
356865,HINDUSTAN UNILEVER,HINDUNILVR
681985,PIDILITE INDUSTRIES,PIDILITIND
784897,SESHASAYEE PAPER & BOARDS,SESHAPAPER
3320577,PRITIKA ENG COMPO,PRITIKA-SM
296449,SDL KA 6.49% 2030,649KA30A-SG
470017,SDL RJ 6.59% 2031,659RJ31-SG
2453761,GOI LOAN  7.54% 2036,754GS2036-GS
2906881,PTC INDIA,PTC
351489,SDL JK 6.65% 2030,665JK30-SG
3044353,VARDHMAN HOLDINGS,VHL
218881,SDL RJ 6.45% 2030,645RJ30-SG
2796289,SDL BR 7.53% 2032,753BR32-SG
3008257,,
668161,PEARL POLYMERS,PEARLPOLY
1841921,GOI LOAN 6.79% 2029,679GS2029-GS
610561,NAVNEET EDUCATION,NAVNETEDUL
19457,SDL UK 6.67% 2030,667UK30-SG
2890753,SDL KL 7.69% 2040,769KL40-SG
2882561,HDFCAMC - HDFCVALUE,HDFCVALUE
265729,FINOLEX CABLES,FINCABLES
1782785,GO FASHION INDIA,GOCOLORS
2723073,OLECTRA GREENTECH,OLECTRA
352769,SDL AP 6.68% 2033,668AP33-SG
1252097,SDL UK 6.94% 2031,694UK31-SG
2006529,TATAAML - NETF,NETF
948993,SDL MH 6.86% 2032,686MH32-SG
2540033,SDL MZ 7.86% 2032,786MZ32-SG
2951681,ELECTRONICS MART IND,EMIL
406793,NIFTY INDIA NEW AGE CONSUMPTION,NIFTY NEW CONSUMP
2832641,NATH BIO-GENES (I),NATHBIOGEN
493313,DSP LIQUID ETF,LIQUIDETF
146689,FELIX INDUSTRIES,FELIX-SM
1215233,INDIA NIPPON ELECT ,INDNIPPON
450817,,865NHB34-N4
866305,SWARAJ ENGINES,SWARAJENG
2888193,SDL BR 7.69% 2032,769BR32-SG
2935553,QMS MEDICAL ALLIED S,QMSMEDI-SM
2092801,SAGARDEEP ALLOYS,SAGARDEEP
214273,SDL RJ 6.1% 2027,61RJ27-SG
1251073,SDL PN 6.95% 2031,695PN31-SG
2538753,NEOGEN CHEMICALS,NEOGEN
2002177,SDL UP 7.15% 2032,715UP32-SG
1558273,DESTINY LOGISTICS & I,DESTINY-SM
352257,SDL JH 6.68% 2032,668JH32-SG
461313,JYOTI STRUCTURES,JYOTISTRUC
40449,SDL MH 6.7% 2028,67MH28-SG
1451009,SDL AP 6.98% 2036,698AP36-SG
8705,ADOR WELDING,ADOR
173057,EXIDE INDUSTRIES,EXIDEIND
412937,NIFTY TRANSPORTATION & LOGISTICS,NIFTY TRANS LOGIS
2771201,MOTILALAMC - MOVALUE,MOVALUE
643585,OSWAL AGRO MILLS,OSWALAGRO
258825,NIFTY50 PR 2X LEV,NIFTY50 PR 2X LEV
2644481,SDL ML 7.78% 2031,778ML31-SG
3353089,ARHAM TECHNOLOGIES,ARHAM-ST
1290497,SDL AP 7.12% 2035,712AP35-SG
1401089,SDL UP 6.98% 2031,698UP31-SG
1250561,SDL MN 7.0% 2031,70MN31-SG
1845249,GOI LOAN 7.17% 2028,717GS2028-GS
1134593,GOI STRIPS C 220236,GS220236C-GS
116993,SDL JK 7.15% 2032,715JK32-SG
233729,EQUITAS SMALL FIN BNK,EQUITASBNK
321025,SDL TN 6.73% 2040,673TN40-SG
1307649,KPI GREEN ENERGY,KPIGREEN
2947841,SDL PN 7.85% 2042,785PN42-SG
1224705,SDL HR 7.07% 2037,707HR37-SG
2883841,,
2067713,KOTAKMAMC - KOTAKMID50,MIDCAP
259849,NIFTY IT,NIFTY IT
3412993,SOLAR INDUSTRIES (I),SOLARINDS
860929,SUPREME INDUSTRIES,SUPREMEIND
1821185,GOI LOAN 8.15% 2026,815GS2026-GS
1590273,SDL KA 7.08% 2034,708KA34A-SG
511745,,888IRFC29-NE
1745153,GOI LOAN  6.95% 2061,695GS2061-GS
2135297,CALIFORNIA SOFTWARE CO LT,CALSOFT
258817,SCHAEFFLER INDIA,SCHAEFFLER
689409,SDL KA 7.24% 2038,724KA38-SG
78337,SDL ML 6.9% 2030,69ML30-SG
385793,MOTILALAMC - G5,MOGSEC
1180673,SDL HR 6.92% 2036,692HR36A-SG
2941697,APAR INDUSTRIES,APARINDS
2945537,SDL GJ 7.81% 2032,781GJ32-SG
199169,DSJ KEEP LEARNING,KEEPLEARN
1713921,GOI LOAN  5.74% 2026,574GS2026-GS
3404289,VISA STEEL,VISASTEEL-BE
3102977,AARTI SURFACTANTS,AARTISURF-P1
266505,NIFTY MIDSML 400,NIFTY MIDSML 400
746497,SDL JH 6.86% 2036,686JH36-SG
2737409,BIRLASLAMC - MOMENTUM,MOMENTUM
2895105,BALAXI PHARMA,BALAXI
268809,NIFTY GS 8 13YR,NIFTY GS 8 13YR
3078657,SHREE RENUKA SUGARS,RENUKA
76801,SDL KA 6.85% 2030,685KA30-SG
3007489,,725IRFC35-NH
555009,RAJNANDINI METAL,RAJMET
1675521,FSN E COMMERCE VENTURES,NYKAA
260873,NIFTY MIDCAP 50,NIFTY MIDCAP 50
806401,SIEMENS,SIEMENS
2259201,PRIVI SPECIALITY CHE,PRIVISCL
2611457,,ICICM58-M1
1340417,SDL AP 7.14% 2041,714AP41-SG
2134273,SDL TN 7.19% 2042,719TN42-SG
2955009,COFORGE,COFORGE
3037185,PRIME SECURITIES,PRIMESECU
2023681,SDL UP 7.28% 2032,728UP32-SG
2534913,AXITA COTTON,AXITA
257793,SDL PN 6.79% 2035,679PN35-SG
688641,SDL TR 7.29% 2036,729TR36-SG
119809,SDL KA 7.08% 2034,708KA34-SG
2014721,SDL BR 7.24% 2032,724BR32-SG
2618113,MANORAMA INDUSTRIES,MANORAMA
1359105,REX PIPES AND CABLES,REXPIPES-SM
1427201,2.5%GOLDBONDS2029SR-VI,SGBSEP29VI-GB
110081,SDL RJ 6.92% 2030,692RJ30-SG
2173697,SDL TN 7.19% 2032,719TN32-SG
866561,SDL AP 6.9% 2039,69AP39-SG
1800705,GOI LOAN 8.30% 2042,83GS2042-GS
2013953,SDL RJ 6.43% 2027,643RJ27-SG
1459457,CITY UNION BANK,CUB
2195969,SDL RJ 7.37% 2034,737RJ34-SG
838401,TEMBO GLOBAL IND,TEMBO
2856961,SDL TS 7.56% 2040,756TS40-SG
2910209,,905SC24B-Z9
3019265,SAKSOFT,SAKSOFT
415745,INDIAN OIL CORP,IOC
1071105,SANGAM (INDIA),SANGAMIND
643329,BCL INDUSTRIES,BCLIND
85761,BALKRISHNA IND.,BALKRISIND
1324289,SDL TN 6.97% 2031,697TN31A-SG
745473,RELIANCE INDUSTRIAL INFRA,RIIL
1452545,SDL GA 6.85% 2031,685GA31B-SG
2195201,SDL HR 7.26% 2032,726HR32-SG
289033,NIFTY OIL AND GAS,NIFTY OIL AND GAS
2729217,PONNIE SUGARS (ERODE),PONNIERODE
3398657,LANDMARK CARS,LANDMARK
899073,TAMILNADU TELECOMMUNICATI,TNTELE
1338881,SDL TN 6.98% 2031,698TN31A-SG
3010561,SDL AP 7.75% 2029,775AP29-SG
299265,SDL WB 6.78% 2035,678WB35-SG
2903809,AFFLE 3I,AFFLE
863489,SDL RJ 6.78% 2031,678RJ31A-SG
516609,LUMAX INDUSTRIES,LUMAXIND
2626817,2.50%GOLDBONDS2027SR-I,SGBJUN27-GB
2178561,GATEWAY DISTRIPARKS,GATEWAY
2714625,BHARTI AIRTEL,BHARTIARTL
3045377,GEOJIT FINANCIAL SER L,GEOJITFSL
486145,SDL MZ 6.64% 2032,664MZ32-SG
1097729,,943ECL28-NJ
1894657,RAJESH EXPORTS,RAJESHEXPO
32769,ROUTE MOBILE,ROUTE
1257217,MADRAS FERTILISERS,MADRASFERT
1645825,R. S. SOFTWARE (INDIA) LI,RSSOFTWARE
3358977,KERNEX MICROSYS(I),KERNEX
275457,ZENSAR TECHNOLOGIES ,ZENSARTECH
2789889,AMEYA PRECISION ENG,AMEYA-SM
686337,SDL SK 7.18% 2031,718SK31-SG
2212353,,97SFL29-YZ
2421249,SONU INFRATECH,SONUINFRA-SM
685057,SDL UP 7.17% 2031,717UP31-SG
120833,SDL WB 7.09% 2040,709WB40-SG
1132033,INDIAN CARD CLOTHING CO.,INDIANCARD
1612033,BIRLASLAMC - HEALTHY,HEALTHY
350209,SDL MN 6.6% 2030,66MN30-SG
1057281,REGENCY CERAMICS,REGENCERAM
1302017,SDL TN 6.97% 2031,697TN31-SG
288521,NIFTY HEALTHCARE,NIFTY HEALTHCARE
3425025,SDL TN 7.61% 2032,761TN32A-SG
1716481,ONE 97 COMMUNICATIONS,PAYTM
2639361,AURUM PROPTECH,AURUM
2332417,ARVIND FASHIONS,ARVINDFASN
2735105,SHAIVAL REALITY,SHAIVAL-ST
2150657,2.50%GOLDBONDS2030SR-X,SGBMAR30X-GB
674817,NIP IND ETF DIV OPP,DIVOPPBEES
412425,NIFTY RURAL,NIFTY RURAL
198657,SDL MH 6.56% 2030,656MH30-SG
1387009,SDL NL 6.97% 2031,697NL31-SG
2176257,SDL PN 7.41% 2042,741PN42-SG
40705,MILTON INDUSTRIES,MILTON-SM
3255297,TEAMLEASE SERVICES,TEAMLEASE
94209,BASF INDIA,BASF
2083841,SDL MN 7.34% 2032,734MN32-SG
3058945,,714NHAI26-N7
79105,SDL UK 6.9% 2030,69UK30A-SG
1290241,SDL UK 7.0% 2031,70UK31-SG
3374593,ROYAL ORCHID HOTELS,ROHLTD
573185,SDL MP 7.03% 2031,703MP31-SG
3034625,,915SCL27A-ZL
109313,SDL MH 6.81% 2028,681MH28-SG
2699265,SDL TN 7.64% 2032,764TN32-SG
2227969,SDL TS 7.36% 2036,736TS36-SG
1884417,SBI-ETF NIFTY BANK,SETFNIFBK
1883649,DATA PATTERNS INDIA,DATAPATTNS
1239809,SNOWMAN LOGISTICS,SNOWMAN
2522625,RACHANA INFRA,RILINFRA-SM
2945281,SDL AS 7.85% 2032,785AS32A-SG
410633,NIFTY FINANCIAL SERVICES,NIFTY FINSEREXBNK
160257,SDL AP 6.91% 2039,691AP39-SG
2744577,SDL BR 7.65% 2032,765BR32A-SG
2011137,SDL UP 7.24% 2032,724UP32-SG
3379969,ALL E TECHNOLOGIES,ALLETEC-SM
370945,SDL CG 5.93% 2026,593CG26-SG
790529,INDOSTAR CAPITAL FIN,INDOSTAR
1289217,SDL RJ 7.0% 2031,70RJ31-SG
1897473,KOTAKMAMC - KOTAKALPHA,ALPHA
1034497,JAYANT AGRO ORGANICS,JAYAGROGN
764673,NAZARA TECHNOLOGIES,NAZARA
2044417,,1060ECL29-NS
2696193,SDL KL 7.85% 2035,785KL35-SG
3103745,DOLAT ALGOTECH,DOLATALGO
2748929,ORACLE FIN SERV SOFT,OFSS
1437185,GANESH BENZOPLAST,GANESHBE
3356673,SDL AS 7.57% 2032,757AS32-SG
214529,SDL HP 6.45% 2029,645HP29-SG
2881537,JAI BALAJI INDUSTRIES,JAIBALAJI
2391553,PRITISH NANDY COMMUNICATI,PNC
2796801,GODREJ INDUSTRIES,GODREJIND
259337,NIFTY50 TR 2X LEV,NIFTY50 TR 2X LEV
47105,TCPL PACKAGING,TCPLPACK
2928897,LICNAMC - LICNFESGP,LICNETFSEN
462849,KAJARIA CERAMICS,KAJARIACER
261641,NIFTY ENERGY,NIFTY ENERGY
2132225,SDL KL 7.17% 2032,717KL32-SG
261385,NIFTY INFRA,NIFTY INFRA
2914817,ICICIPRAMC - ICICIBANKP,PVTBANIETF
760065,SAKTHI SUGARS,SAKHTISUG
1588993,,IIFLZC26-NN
2983681,JBM AUTO,JBMA
82177,SDL HR 7.05% 2040,705HR40-SG
87297,BALRAMPUR CHINI MILLS,BALRAMCHIN
3000833,,
964097,WHEELS INDIA,WHEELS
2724609,SDL AP 7.96% 2040,796AP40-SG
3249153,SDL KA 7.63% 2037,763KA37-SG
1039361,ALPS INDUSTRIES,ALPSINDUS
1422593,SDL GA 6.88% 2031,688GA31-SG
961281,SDL PN 6.81% 2031,681PN31-SG
2122753,SDL TN 7.1% 2032,71TN32-SG
111873,SDL NL 6.91% 2030,691NL30-SG
1561601,SDL RJ 6.98% 2031,698RJ31-SG
2009089,BHARTIYA INTERNATIONAL,BIL
1453825,SDL MH 6.91% 2034,691MH34-SG
3402241,B.L.KASHYAP & SON,BLKASHYAP
2676993,ARVIND SMARTSPACES,ARVSMART
3329,ABB INDIA,ABB
2377729,KRITIKA WIRES,KRITIKA
2000129,SDL KA 7.14% 2032,714KA32-SG
1718529,MOLD-TEK PACKAGING,MOLDTKPAC
2675969,SATIN CREDIT NET,SATIN
2724865,SDL TN 7.93% 2042,793TN42-SG
3422465,SDL GJ 7.57% 2031,757GJ31-SG
2863105,IDFC FIRST BANK,IDFCFIRSTB
1335553,,IIFLZC28C-N6
1502721,QUADPRO ITES,QUADPRO-SM
1761281,SDL HP 6.93% 2032,693HP32-SG
2723585,SDL AP 7.97% 2036,797AP36-SG
2539777,ALANKIT,ALANKIT
2611713,SDL HR 7.86% 2032,786HR32-SG
782849,SDL GJ 6.18% 2026,618GJ26-SG
1281025,SDL AP 7.15% 2037,715AP37-SG
2944257,FROG INNOVATIONS,FROG-SM
638209,ORIENT HOTELS,ORIENTHOT
1536001,SDL UP 6.92% 2031,692UP31-SG
612097,SDL JH 7.2% 2035,72JH35-SG
1619713,SDL RJ 6.96% 2031,696RJ31-SG
2029825,ZYDUS LIFESCIENCES,ZYDUSLIFE
269065,NIFTY GS 10YR,NIFTY GS 10YR
936705,SDL MH 6.78% 2031,678MH31-SG
442881,SDL PY 6.64% 2032,664PY32-SG
251393,SDL GJ 6.46% 2030,646GJ30-SG
3152129,SDL KA 7.66% 2042,766KA42-SG
391681,INDIAN HUME PIPE CO.,INDIANHUME
1708289,FOODS & INNS,FOODSIN
1831169,SDL PY 6.3% 2027,63PY27-SG
269321,NIFTY GS 10YR CLN,NIFTY GS 10YR CLN
2612993,SDL TS 7.93% 2035,793TS35-SG
1565441,SDL AP 7.14% 2041,714AP41A-SG
356609,,880IREDA34-N6
953601,SDL TS 7.05% 2041,705TS41-SG
1924865,SDL HP 7.03% 2031,703HP31-SG
288513,GHCL,GHCL
1377793,EPIGRAL,EPIGRAL
2520833,NIP IND ETF ETF NV20,NV20BEES
1924609,,
5978881,SDL HP 7.52% 2039,752HP39-SG
3644417,HDFCAMC - HDFCMID150,HDFCMID150
4916481,HEADS UP VENTURES,HEADSUP
5698817,SDL GA 6.5% 2030,65GA30-SG
3454977,PRIME FOCUS,PFOCUS
4302849,SDL AP 7.36% 2038,736AP38-SG
5406465,KALYANI INVEST CO,KICL
5367041,SDL KA 7.93% 2031,793KA31-SG
4358145,,85IFL26-NX
6116353,,776TIL34-N1
4672001,PYRAMID TECHNOPLAST,PYRAMID
4804865,DHANUKA REALTY,DRL-SM
3576833,SDL AP 7.71% 2036,771AP36-SG
5810433,SDL GJ 7.42% 2033,742GJ33-SG
6060545,SDL TN 7.43% 2034,743TN34A-SG
5197313,PRESTIGE ESTATE,PRESTIGE
5240833,SDL AP 7.71% 2031,771AP31-SG
5084929,SAR TELEVENTURE,SARTELE-SM
4787201,JET KNITWEARS,JETKNIT-ST
5857537,SDL MP 7.42% 2045,742MP45-SG
3896065,PATEL INT. LOG.,PATINTLOG
5298689,S CHAND AND COMPANY,SCHAND
5636865,SDL MZ 7.04% 2030,704MZ30-SG
5700097,SDL KA 6.4% 2031,64KA31-SG
5109505,INDOSOLAR,WAAREEINDO-BE
5820161,,748IRFC34A-NQ
5513985,SDL BR 7.73% 2039,773BR39A-SG
4870401,KIRLOSKAR INDUSTRIES,KIRLOSIND
4262401,SDL JK 7.37% 2038,737JK38-SG
5687809,SDL KA 7.14% 2029,714KA29-SG
4506369,MAHINDRA EPC IRRIG,MAHEPC
4998401,INDUSTRIAL INV TRUST,IITL
5822465,SDL CG 7.47% 2031,747CG31-SG
5252865,SDL HR 7.24% 2029,724HR29-SG
5885697,SDL AS 7.42% 2034,742AS34-SG
4088577,SDL MH 7.2% 2028,72MH28-SG
5774849,,CIF29-NO
3499777,MADHUCON PROJECTS,MADHUCON
3452673,,894SCL27-ZY
5047553,SDL GA 7.73% 2033,773GA33-SG
5658369,SDL TN 6.41% 2030,641TN30-SG
5627137,SDL MP 6.73% 2030,673MP30-SG
3526657,THE GE SHPG.LTD,GESHIP
3479553,HANDSON GBL MNGMNT,HGM
4193025,SDL WB 7.36% 2043,736WB43-SG
5052673,SDL KL 7.66% 2046,766KL46-SG
5138433,NIP IND ETF INFRA BEES,INFRABEES
5153281,,965SCL25F-NZ
4565249,AHLUWALIA CONT IND,AHLUCONT
5399297,STAR CEMENT,STARCEMENT
3486977,SDL WB 7.64% 2042,764WB42-SG
3726593,ARO GRANITE IND.,AROGRANITE
4842497,SDL RJ 7.43% 2049,743RJ49-SG
5798145,PARKHOTELS,PARKHOTELS
3756033,NAVIN FLUORINE INT.,NAVINFLUOR
4660225,SDL BR 7.49% 2031,749BR31-SG
5825793,SDL KA 7.45% 2040,745KA40-SG
4169985,SDL ML 7.36% 2032,736ML32-SG
5376769,,SCLZC26F-Y9
5982721,VISHWAS AGRI SEEDS,VISHWAS-SM
4307713,KOKUYO CAMLIN,KOKUYOCMLN
4362497,,9IIFL28-Y0
5003009,HDFC GOLD ETF,HDFCGOLD
3947521,ANDHRA CEMENTS,ACL
4474113,CONTROL PRINT,CONTROLPR
5684993,SDL TS 6.94% 2060,694TS60-SG
5971713,SDL RJ 7.49% 2040,749RJ40-SG
5766913,DELAPLEX,DELAPLEX-SM
5270529,,802ABHF28-N1
5219841,SDL AP 7.7% 2029,77AP29A-SG
4468225,SDL TN 7.39% 2033,739TN33B-SG
4772865,DIAMINES & CHEMICALS,DIAMINESQ
6014465,SDL AS 7.5% 2034,75AS34-SG
5307905,SDL AR 7.63% 2033,763AR33-SG
3492609,ELECON ENG. CO.,ELECON
5912321,SDL BR 7.39% 2039,739BR39-SG
5914881,SDL TN 7.36% 2054,736TN54-SG
5801217,,745EXIM28-N0
6158337,SDL HR 7.38% 2034,738HR34-SG
3689217,SRIVASAVI ADHESIVE TAPE L,SRIVASAVI-SM
5986817,VICEROY HOTELS,VHLTD-BE
5186817,INDIAN RENEWABLE ENERGY,IREDA
5361665,SDL HR 7.67% 2035,767HR35-SG
5176065,SDL HR 7.80% 2030,780HR30-SG
3792385,SDL HR 7.74% 2031,774HR31-SG
5977601,SDL UP 7.49% 2036,749UP36-SG
5648897,SDL RJ 7.3% 2030,73RJ30-SG
5907969,SDL CG 7.38% 2032,738CG32-SG
3436545,EMKAY GLOBAL FIN SERV,EMKAY-BE
4797697,GRETEX INDUSTRIES,GRETEX-SM
4062465,AURO IMPEX & CHEMICALS L,AUROIMPEX-SM
5199361,SDL HR 7.17% 2029,717HR29-SG
5652737,SDL UP 6.5% 2030,65UP30-SG
5759233,SDL RJ 7.66% 2034,766RJ34-SG
4703233,C P S SHAPERS,CPS-SM
5305345,SDL GJ 7.55% 2031,755GJ31-SG
3806209,FUT LIFESTYLE FASH,FLFL-BZ
5266689,SDL KA 7.17% 2029,717KA29-SG
5136129,SASTASUNDAR VENTURES,SASTASUNDR
4373505,ESSEN SPECIALITY FILMS L,ESFL-SM
5242369,SDL KA 7.71% 2036,771KA36-SG
3475713,VOLTAMP TRANSFORMERS,VOLTAMP
5417729,SDL KA 7.73% 2035,773KA35A-SG
5821953,SDL CG 7.44% 2029,744CG29-SG
5310977,SDL JK 7.71% 2048,771JK48-SG
5315073,,
4333313,JOCIL,JOCIL
6110721,SDL TN 7.38% 2033,738TN33-SG
5626625,SDL MP 6.94% 2035,694MP35-SG
5456385,DYNEMIC PRODUCTS,DYNPRO
5174529,SUNREST LIFESCIENCE,SUNREST-SM
5818369,WISE TRAVEL INDIA,WTICAB-ST
4833025,,957SCL30-BX
3719937,SDL MH 7.69% 2031,769MH31-SG
5233409,,860CIFCL28-NG
3611137,AUTOLINE INDUSTRIES,AUTOIND
4515073,SDL TS 7.45% 2030,745TS30A-SG
5386753,,1075SCL33-YK
4998145,SDL TN 7.65% 2033,765TN33A-SG
5635841,SDL MZ 7.20% 2030,720MZ30-SG
5302529,,85LTF26-NM
5821697,SDL PY 7.35% 2027,735PY27-SG
5356289,SDL AP 6.54% 2030,654AP30-SG
5851137,,ALPHA27-N1
5974273,SDL TN 7.5% 2054,75TN54-SG
4667393,LORDS CHLORO ALKALI,LORDSCHLO
4866817,MASTER COMPONENTS,MASTER-SM
3472641,SHREE RAMA NEWSPRINT,RAMANEWS
3849985,CERA SANITARYWARE,CERA
4739585,PRAMARA PROMOTIONS,PRAMARA-SM
4329729,ARTEMIS MED SERVICE,ARTEMISMED
3661825,FIRSTSOURCE SOLU.,FSL
4402433,PAKKA,PAKKA
5643009,SDL RJ 6.49% 2030,649RJ30-SG
5309185,SDL KL 7.62% 2038,762KL38-SG
3922689,SDL WB 7.46% 2046,746WB46-SG
6062337,SDL AP 7.42% 2044,742AP44-SG
3612417,NETWORK18 MEDIA & INV,NETWORK18
4644353,EMMBI INDUSTRIES,EMMBI
3679489,SDL AP 7.74% 2032,774AP32-SG
3655681,SDL TN 7.53% 2053,753TN53-SG
4710913,SDL UK 7.47% 2033,747UK33-SG
5591041,PRATAAP SNACKS,DIAMONDYD
4634881,SDL JK 7.45% 2053,745JK53-SG
5693185,EDELAMC - EBBETF0431,EBBETF0431
5022721,SDL AP 7.72% 2036,772AP36-SG
6048257,,751NHB31-NC
3606017,I G PETROCHEMICALS,IGPL
3832833,KAVERI SEED CO.,KSCL
5215233,FLAIR WRITING INDUST,FLAIR
3791873,SDL GJ 7.49% 2028,749GJ28-SG
5468673,SALASAR TECHNO ENGG.,SALASAR
4906241,SDL MP 7.55% 2035,755MP35-SG
5680897,SDL TS 6.98% 2028,698TS28-SG
3691009,ASTRAL,ASTRAL
4730881,,940CAGL27-NB
4784897,SDL BR 7.49% 2031,749BR31A-SG
6192897,SDL KL 7.32% 2041,732KL41-SG
4987137,SDL GA 7.7% 2033,77GA33-SG
6144769,SDL KL 7.38% 2055,738KL55-SG
5262337,INDIA SHELTER FIN CORP L,INDIASHLTR
5700353,SDL HP 6.36% 2028,636HP28-SG
4968961,ROSSARI BIOTECH,ROSSARI
4885505,NIP IND ETF IT,ITBEES
4551169,ALLCARGO TERMINALS,ATL
6023681,TEERTH GOPICON,TGL-ST
3736833,ALPHAGEO (INDIA),ALPHAGEO
5786369,SDL GJ 7.25% 2026,725GJ26-SG
5925633,SIGNORIA CREATION,SIGNORIA-SM
5857025,SDL HR 7.44% 2036,744HR36-SG
3554817,SDL MH 7.64% 2033,764MH33-SG
3746561,SDL HR 7.66% 2029,766HR29-SG
5709569,SDL JK 6.46% 2030,646JK30-SG
3750401,SDL JK 7.79% 2035,779JK35-SG
3522817,BHARAT BIJLEE,BBL
4929793,,CHOLAFIN-D1
5039361,GOI LOAN  7.33% 2026,733GS2026-GS
4417537,ALBERT DAVID,ALBERTDAVD
3444993,KAMDHENU,KAMDHENU
5913601,SDL WB 7.39% 2044,739WB44-SG
5552897,MAXPOSURE,MAXPOSURE-SM
3913729,HERCULES INVESTMENTS,HERCULES
5400321,SHEKHAWATI INDUSTRIES,SHEKHAWATI
5445633,SDL KL 7.76% 2035,776KL35-SG
5092097,SDL UP 7.73% 2033,773UP33A-SG
5240321,SDL TN 7.67% 2030,767TN30-SG
6058241,,903MFL29-NN
4441857,SALONA COTSPIN,SALONA
4768257,,885SCL26-N9
5788161,SDL UP 7.49% 2034,749UP34A-SG
3584769,ZEE MEDIA CORPORATION,ZEEMEDIA
5737473,SDL RJ 6.64% 2030,664RJ30-SG
3851777,GOI LOAN  6.99% 2026,699GS2026-GS
3843841,SDL MH 7.49% 2030,749MH30-SG
3488513,SDL HR 7.63% 2033,763HR33-SG
5656833,SDL UP 6.69% 2030,669UP30-SG
3692801,SDL MH 7.7% 2033,77MH33-SG
4170241,SDL AP 7.37% 2033,737AP33-SG
5855233,SDL MP 7.42% 2044,742MP44-SG
5631489,SDL NL 7.29% 2029,729NL29-SG
6019073,TARA CHAND INFRA SOLN,TARACHAND
3752449,SDL WB 7.74% 2043,774WB43-SG
5096193,SDL JK 7.58% 2050,758JK50-SG
4276481,GOKUL REFOILS & SOLV,GOKUL
4679425,HDFCAMC - HDFCLIQUID,HDFCLIQUID
5939457,SDL KA 7.45% 2035,745KA35-SG
6142721,SDL HP 7.46% 2036,746HP36-SG
4801281,SAI SILKS (KALAMANDIR) L,KALAMANDIR
6145537,SDL ML 7.45% 2034,745ML34-SG
5565441,CHOLAMANDALAM FIN HOL,CHOLAHLDNG
4295937,SDL GJ 7.22% 2028,722GJ28-SG
4712193,SDL HR 7.44% 2035,744HR35-SG
6014977,SDL MH 7.44% 2042,744MH42A-SG
3765761,,1015SCL28A-AL
4740609,SDL AP 7.48% 2038,748AP38A-SG
5154305,RAMKY INFRA,RAMKY
4818433,ENDURANCE TECHNO.,ENDURANCE
4615425,MBL INFRASTRUCTURE,MBLINFRA
5686017,SDL TS 7.43% 2054,743TS54-SG
5055233,SDL BR 7.78% 2031,778BR31-SG
5728513,MAX HEALTHCARE INS,MAXHEALTH
6143745,SDL HP 7.44% 2034,744HP34-SG
5454849,,777IREDA27-N9
4857089,GOI LOAN 6.19% 2034,619GS2034-GS
5335809,,779SIDBI27-N0
5618433,SDL MH 6.24% 2028,624MH28-SG
5884929,SDL TS 7.38% 2043,738TS43-SG
5134849,,891IIFCL34-N4
5165825,SDL UP 7.73% 2034,773UP34-SG
3800065,SDL WB 7.89% 2040,789WB40-SG
5363201,RAVI KUMAR DIST.,RKDL
5417985,SDL AP 7.74% 2036,774AP36A-SG
5644289,SDL RJ 7.04% 2030,704RJ30-SG
4987393,SDL UK 7.71% 2033,771UK33-SG
5199873,SDL JK 7.2% 2029,72JK29-SG
5726209,SDL KA 6.5% 2030,65KA30-SG
4770817,,915SCL26-NE
5979137,SDL UP 7.52% 2039,752UP39-SG
5647617,SDL RJ 7.90% 2026,790RJ26-SG
6135553,,1003SCL31-ZQ
5607937,SDL KL 8.96% 2035,896KL35-SG
3800321,SDL RJ 7.84% 2041,784RJ41-SG
5295873,,905LTF27-NF
6025473,SDL MH 7.45% 2039,745MH39A-SG
5321217,,80409TCH27-NC
5806081,NDR INVIT TRUST,NDRINVIT-IV
5400577,SAMEERA AGRO AND INFRA L,SAIFL-SM
5674497,SDL UK 7.06% 2030,706UK30-SG
6031873,GRILL SPLENDOUR SER,BIRDYS-ST
5444865,SDL TN 7.72% 2034,772TN34-SG
5997313,SDL TS 7.44% 2036,744TS36-SG
4808449,BANDHANAMC - IDFNIFTYET,IDFNIFTYET
6173953,BARODABNP - BBNPNBETF,BBNPNBETF
5728001,SDL TN 6.67% 2050,667TN50-SG
5886721,SDL MH 7.4% 2036,74MH36-SG
5200385,N R AGARWAL INDS,NRAIL
3848705,BAJAJ ELECT.LTD,BAJAJELEC
3535361,GREENPANEL INDUSTRIES,GREENPANEL
4485377,,902SCL26I-AW
5709825,SDL TS 6.52% 2050,652TS50-SG
4883969,2.5%GOLDBONDS2028SR-III,SGBJUN28-GB
3917825,VIRINCHI,VIRINCHI-BE
4555265,SOMI CONVEYOR BELT.,SOMICONVEY
3440897,BAL PHARMA,BALPHARMA
3886081,KIRLOSKAR PNEUMATIC COM L,KIRLPNU
3480065,SDL HR 7.5% 2029,75HR29-SG
5535745,,840TPL28-N2
5976833,SDL CG 7.47% 2034,747CG34A-SG
4337409,ASHOKA METCAST,ASHOKAMET
3918849,SEPC,SEPC
5759489,SDL SK 7.7% 2034,77SK34-SG
6125057,,925SCL26C-ZA
3795201,SDL HR 7.77% 2033,777HR33-SG
4345345,SDL CG 7.4% 2030,74CG30-SG
3531265,BAID FINSERV,BAIDFIN
5673217,SDL CG 7.18% 2027,718CG27-SG
5222657,SDL BR 7.74% 2038,774BR38-SG
4574465,JSW ENERGY,JSWENERGY
4583169,ABBOTT INDIA,ABBOTINDIA
4692993,SDL AP 7.45% 2034,745AP34-SG
5158913,ASK AUTOMOTIVE,ASKAUTOLTD
4403969,SYNOPTICS TECHNOLOGIES L,SYNOPTICS-SM
3673345,SDL TN 7.69% 2043,769TN43-SG
6179585,,10IIFLSF27-NB
3838209,SOTAC PHARMACEUTICALS,SOTAC-SM
4997121,SDL WB 7.64% 2043,764WB43-SG
5102849,EDELAMC - EGOLD,EGOLD
3667201,VIAZ TYRES,VIAZ-ST
4346369,SDL MH 7.4% 2032,74MH32-SG
5597441,SDL GA 7.69% 2034,769GA34-SG
5181953,OBEROI REALTY,OBEROIRLTY
5534977,,757IRFC29-NP
4983809,KARNIKA INDUSTRIES,KARNIKA-ST
5068801,WELSPUN INV & COMM,WELINV
5319169,JAMNA AUTO IND,JAMNAAUTO
5677569,SDL WB 6.55% 2030,655WB30-SG
6012929,DRS CARGO MOVERS,DRSCARGO-ST
6160641,,744IRF34-N0
5435649,,9HFL34-N0
4416001,SDL AP 7.43% 2041,743AP41-SG
5465089,IBL FINANCE,IBLFL-SM
5653761,SDL UP 7.04% 2030,704UP30-SG
5609985,SDL KL 7.16% 2030,716KL30-SG
5620993,IND TERRAIN FASHIONS,INDTERRAIN
5656065,SDL UP 6.86% 2030,686UP30-SG
6087425,MANDEEP AUTO INDUSTRIES L,MANDEEP-SM
4716289,RATNAVEER PRECISION ENG L,RATNAVEER
6005505,K2 INFRAGEN,K2INFRA-SM
4589313,BAYER CROPSCIENCE,BAYERCROP
5868289,,1048IIFL27-N6
5418241,SDL PN 7.78% 2037,778PN37-SG
3747585,SDL MH 7.72% 2032,772MH32-SG
4430593,AJMERA REALTY & INF I,AJMERA
5666561,SDL TN 6.33% 2030,633TN30-SG
5687297,SDL BR 7.17% 2030,717BR30-SG
5718273,SDL GJ 6.44% 2029,644GJ29A-SG
4203265,CRAYONS ADVERTISING,CRAYONS-SM
5720065,ICICIPRAMC - ICICIALPLV,ALPL30IETF
6037761,SDL PN 7.51% 2037,751PN37-SG
5558017,SDL PN 6.8% 2026,68PN26-SG
5639937,SDL AP 7.22% 2028,722AP28-SG
5675521,SDL UK 7.04% 2030,704UK30-SG
5747457,SDL UK 6.43% 2030,643UK30-SG
3728385,SDL TN 7.67% 2053,767TN53-SG
4135425,REMUS PHARMACEUTICALS L,REMUS-SM
5653249,SDL UP 7.10% 2030,710UP30-SG
3735041,VELS FILM INTERNATIONAL L,VELS-SM
5095425,SDL BR 7.73% 2038,773BR38-SG
3512321,JHS SVEND. LAB.,JHS
5376257,PUNJAB & SIND BANK,PSB
5761281,SDL RJ 7.63% 2041,763RJ41-SG
4873217,PODDAR PIGMENTS,PODDARMENT
5070849,GOI LOAN  7.46% 2073,746GS2073-GS
5437185,,78NABARD27-N0
3664385,T T,TTL
4864001,SDL WB 7.44% 2042,744WB42-SG
5975297,SDL AS 7.46% 2031,746AS31-SG
3732993,SREE RAYALSEEMA HHP,SRHHYPOLTD
5865217,OWAIS METAL & MINERAL,OWAIS-SM
3607553,SDL AS 7.67% 2033,767AS33A-SG
5639425,SDL PY 7.03% 2028,703PY28-SG
4375553,GREENCHEF APPLIANCES,GREENCHEF-SM
5882625,M.V.K. AGRO FOOD PROD,MVKAGRO-ST
5064449,MUFIN GREEN FINANCE,MUFIN
5307393,SDL UP 7.62% 2033,762UP33-SG
5673473,SDL CG 7.35% 2030,735CG30-SG
3820033,PURAVANKARA,PURVA
5629697,SDL MP 7.09% 2030,709MP30-SG
5653505,SDL UP 7.93% 2030,793UP30-SG
5177857,SDL BR 7.7% 2038,77BR38-SG
5707009,SDL RJ 6.5% 2050,65RJ50-SG
4996609,SDL RJ 7.62% 2043,762RJ43-SG
5091073,MICROPRO SOFTWARE SOL L,MICROPRO-SM
4986625,SHARP CHUCKS N MACHINES L,SCML-ST
5619457,HFCL,HFCL
5142529,,SCLZC26E-NP
6127105,,SCFL310524-ZE
4792577,NUVAMA WEALTH MANAGE,NUVAMA
4573185,,957NIDO26-N5
5069057,TRANSTEEL SEATING TECH L,TRANSTEEL-SM
4399617,SHRIRAM PIST. & RING,SHRIPISTON
5972993,SDL MH 7.5% 2044,75MH44-SG
3579393,JASH ENGINEERING,JASH
5794049,,769LIC34-N0
6038529,SDL TS 7.48% 2042,748TS42-SG
5284609,,935LTF29-N5
4989953,PLADA INFOTECH SERVICES L,PLADAINFO-SM
3521537,SHIVAM AUTO.LTD,SHIVAMAUTO
5593345,SDL CG 7.67% 2031,767CG31-SG
3907841,SDL TS 7.43% 2033,743TS33-SG
5853441,SDL PN 7.46% 2033,746PN33-SG
3680769,SDL MH 7.74% 2033,774MH33-SG
4483841,,990SCL26I-AV
5435137,,815LTF27-NO
5204225,CAPRI GLOBAL CAPITAL,CGCL
5385985,SDL AP 6.48% 2032,648AP32-SG
3932673,V-GUARD IND,VGUARD
4988161,SDL UP 7.69% 2035,769UP35A-SG
4432129,LLOYDS METALS N ENERGY L,LLOYDSME
4996097,COMMITTED CARGO CARE,COMMITTED-ST
5561857,MATRIMONY.COM,MATRIMONY
4712449,SDL RJ 7.44% 2036,744RJ36-SG
3461633,NORTH EAST CARRY CORP,NECCLTD
5105409,DEEPAK NITRITE,DEEPAKNTR
5926657,,GFL27-N1
6145025,SDL TN 7.43% 2032,743TN32-SG
5323777,SDL JK 7.07% 2030,707JK30-SG
4547585,REFEX INDUSTRIES,REFEX
3932161,NAHAR CAP & FIN.,NAHARCAP
4680449,SDL WB 7.4% 2042,74WB42-SG
3553793,SDL HR 7.65% 2033,765HR33-SG
3747073,SDL HP 7.72% 2031,772HP31-SG
5312257,,885MFL28-NI
3593729,,985SFIL28-NO
5996289,SDL TN 7.42% 2034,742TN34A-SG
4319233,,83TCHF28-N9
4770305,,9SCL26B-ND
5967617,,1050SCFL31-Z2
4784385,SDL CG 7.47% 2030,747CG30-SG
5263361,DOLLAR INDUSTRIES,DOLLAR
5854977,SDL WB 7.44% 2041,744WB41-SG
6178049,,920IIFLS26-N8
5616385,SDL MH 6.98% 2028,698MH28-SG
4267265,BAJAJ AUTO,BAJAJ-AUTO
5966081,,925SCL29-YZ
3573505,SDL AS 7.69% 2033,769AS33-SG
4782081,SDL HR 7.45% 2035,745HR35A-SG
3583233,SDL TN 7.65% 2053,765TN53-SG
3961601,SDL AP 7.34% 2029,734AP29-SG
4499457,DSPAMC - DSPPVBKETF,PVTBANKADD
6409473,JAY BEE LAMINATIONS,JAYBEE-SM
6940929,SDL GJ 7.05% 2031,705GJ31-SG
193754881,SDL GJ 6.61% 2032,661GJ32-SG
194230529,SDL AS 7.13% 2031,713AS31-SG
6420993,TREE HOUSE EDU,TREEHOUSE
7794177,SDL RJ 7.1% 2043,71RJ43-SG
194283265,SDL RJ 7.73% 2055,773RJ55-SG
6569985,FORGE AUTO INTERNATION L,FORGEAUTO-SM
6950401,SDL GA 7.13% 2034,713GA34-SG
6549505,TRIVENI TURBINE,TRITURBINE
194571521,,11VCCL27-N0
6280193,FILATEX INDIA,FILATEX
193523201,,8016ABCL29-NB
194230017,SDL TN 6.84% 2029,684TN29-SG
7449089,DDEV PLASTIKS IND,DDEVPLSTIK
7227649,SDL KA 7.12% 2036,712KA36-SG
194368257,EPACK PREFAB TECHN,EPACKPEB
193835521,,930APMD32-N0
7611649,NRB INDUS. BEARINGS,NIBL
7547393,MAGELLANIC CLOUD,MCLOUD
7290625,,710RECL35-N0
193743873,SDL GJ 6.65% 2037,665GJ37-SG
194527745,,72841ABH30-N0
6276097,,754BOI34-N0
6237697,SBIAMC - SBISILVER,SBISILVER
6343937,ADITYBIRLA SL NIF ETF-GR,BSLNIFTY
7670529,,825TCSL28-N0
6272001,,756RECL27-N0
193526017,,ABCRESET27-NM
194012673,GNG ELECTRONICS,EBGNG
6962945,SDL HR 7.19% 2037,719HR37-SG
7602689,SDL OR 7.06% 2031,706OR31A-SG
7747073,DIVINE HIRA JEWELLERS,DIVINEHIRA-ST
7552769,SDL MH 7.13% 2037,713MH37B-SG
194040321,,712LTFL27-N0
7685377,SDL UP 7.25% 2039,725UP39-SG
194566913,SDL TN 7.44% 2055,744TN55B-SG
6296577,RAVINDRA ENERGY,RELTD
194385409,SDL TS 7.44% 2058,744TS58-SG
6475265,,956AEL29-N6
6503169,WESTERN CARRIERS (IND) L,WCIL
7676929,GOI TBILL 364D-05/03/26,364D050326-TB
6917121,A B INFRABUILD,ABINFRA
193936129,GOI TBILL 182D-25/12/25,182D251225-TB
194190337,,LTFL28-N0
8059649,,854NHPC28-N2
193778433,,665IRFC30-N0
194257153,SDL CG 7.34% 2040,734CG40-SG
6309889,SDL RJ 7.29% 2034,729RJ34-SG
7585025,,728RECL40-N0
6585601,MIRAEAMC - BANKPSU,BANKPSU
7995905,SCHNEIDER ELECTRIC INFRA,SCHNEIDER
7475713,,806TFSIL28-N0
194234881,GOI TBILL 182D-27/02/26,182D270226-TB
194309889,PRIME CABLE INDUSTRIES L,PRIMECAB-SM
193919233,,995SCL2035-NM
194612225,MARKOLINES PAVEMENT TEC L,MARKOLINES
7543553,,79742SIC30-N0
194354945,GOI TBILL 364D-17/09/26,364D170926-TB
7502593,,857IHFL26-N0
6647297,SDL AP 7.16% 2047,716AP47-SG
7229697,SDL MZ 7.13% 2039,713MZ39-SG
7471105,,867MUTF30-N0
193517825,GOI TBILL 364D-16/04/26,364D160426-TB
6330881,RUBFILA INTERNATIONAL,RUBFILA
6534145,BIKEWO GREEN TECH,BIKEWO-SM
7724289,SDL TN 7.18% 2055,718TN55B-SG
193718529,GOI TBILL 364D-01/05/26,364D010526-TB
194261249,GOI TBILL 91D-23/01/26,91D230126-TB
6618881,AFFORD ROBO & AUTO,AFFORDABLE
7430401,INDO FARM EQUIPMENT,INDOFARM
194327809,SHRINGAR HOU OF MANGALS L,SHRINGARMS
7415553,,102CCSP27A-N0
6441473,EUREKA FORBES,EUREKAFORB
6646785,SDL PN 7.17% 2044,717PN44-SG
7566593,,790ABHFL27-N0
193933825,SDL JK 7.08% 2046,708JK46A-SG
6376705,INTERARCH BLDNG SOLTN,INTERARCH
193765377,ARUNAYA ORGANICS,ARUNAYA-SM
6957057,NTPC GREEN ENERGY,NTPCGREEN
7800065,KOTAKMAMC - MID150,MID150
193580289,,9TIAPL28-N0
193732865,,73064ABH28-N0
193980161,SDL TN 6.80% 2035,680TN35-SG
194561025,SDL GJ 7.07% 2033,707GJ33-SG
194390017,SDL TS 7.52% 2054,752TS54-SG
194377985,,960SCL35-N0
193738497,SDL TS 7.09% 2059,709TS59-SG
193997057,INDOGULF CROPSCIENCES,IGCL
193998337,PRO FX TECH,PROFX-SM
6276609,,955ICCL26-N0
6422785,SDL GA 7.25% 2035,725GA35-SG
193751809,ADITYA BIRLA LIFES BRAN L,ABLBL
193980417,SDL AP 7.00% 2037,700AP37-SG
7660801,SDL BR 7.24% 2037,724BR37-SG
193545473,,18PVL29A-N0
194516737,GOI TBILL 364D-12/11/26,364D121126-TB
6269697,SDL AP 7.33% 2040,733AP40-SG
7488257,ITC HOTELS,ITCHOTELS
193562369,SDL KL 6.78% 2046,678KL46-SG
194446337,,935PFL26-N0
6522881,SDL WB 7.15% 2045,715WB45-SG
6918913,,825BTL27-N0
194089729,,8IHFL27-N0
194508033,EURO PRATIK SALES,EUROPRATIK
7296769,,816KSFP29-N0
194414593,GOI TBILL 182D-09/04/26,182D090426-TB
7467777,LAXMI DENTAL,LAXMIDENTL
194527233,,726JCL30-N0
194579969,,728TFSIL28-N0
6455809,SDL MZ 7.23% 2038,723MZ38-SG
194390529,SDL TS 7.44% 2056,744TS56-SG
194414337,GOI TBILL 91D-08/01/26,91D080126-TB
7457537,SDL JK 7.2% 2047,72JK47-SG
7485185,SDL KA 7.15% 2038,715KA38-SG
7379457,SDL TN 7.14% 2044,714TN44-SG
6992897,SDL AP 7.11% 2038,711AP38A-SG
194411521,B.A.G.CONVERGENCE,BAGDIGITAL-SM
7405313,,971SCL29T-N1
7494657,,970ISF28-N0
7707905,MIRAEAMC - SELECTIPO,SELECTIPO
6985729,APEX ECOTECH,APEXECO-SM
7390465,,89IHFL29-N1
193981185,SDL MH 7.15% 2047,715MH47-SG
194410497,MUNISH FORGE,MUNISH-SM
194422017,GEM AROMATICS,GEMAROMA
194561793,EXCELSOFT TECHNOLOGIES L,EXCELSOFT
6312705,SDL JK 7.35% 2046,735JK46-SG
7391233,,925IHFL29-N1
6289665,SDL WB 7.36% 2040,736WB40-SG
7706625,GOI TBILL 364D-12/03/26,364D120326-TB
194028801,SDL OR 6.98% 2037,698OR37-SG
6371329,SDL MH 7.23% 2040,723MH40-SG
194363137,SDL PN 7.49% 2040,749PN40-SG
193800705,SDL HR 6.64% 2036,664HR36-SG
194284801,SDL BR 7.24% 2031,724BR31-SG
194009601,CRIZAC,CRIZAC
193912321,,902SCL30-NE
193834753,MOTILALAMC - MONEXT50,MONEXT50
6247425,BIRLASLAMC - ABGSEC,ABGSEC
194079489,SDL TS 7.21% 2047,721TS47-SG
6408449,INDIAN PHOSPHATE,IPHL-SM
7806465,,910TIAPL26-N0
6311937,SDL AP 7.34% 2044,734AP44-SG
194224897,,76377AIF29-N0
194034177,KOTAKMAMC - QUALITY30,QUALITY30
6526465,SDL RJ 7.1% 2034,71RJ34-SG
194225409,,850TIAP28B-N0
194231809,SDL RJ 7.49% 2035,749RJ35-SG
194507521,,77NVCL28-N0
7795201,SDL WB 7.1% 2046,71WB46-SG
7704833,SDL RJ 7.19% 2035,719RJ35-SG
193766401,MOTILALAMC - MON50EQUAL,MON50EQUAL
194015489,,AEL170725-ND
194532097,MOTILALAMC - MOIPO,MOIPO
6404097,,79123SHF26-N0
7419137,,819CIFL26-N0
7704577,SDL OR 7.23% 2047,723OR47-SG
7379969,SDL UK 7.15% 2030,715UK30-SG
6959617,SDL TN 7.1% 2032,71TN32A-SG
7567105,,786ABHFL28-N0
193740801,GOI TBILL 182D-18/12/25,182D181225-TB
194099969,SDL AP 6.96% 2033,696AP33-SG
6284545,,10157PCP27-N0
6373121,SDL TN 7.19% 2034,719TN34-SG
194405377,GOI LOAN  6.48% 2035,648GS2035-GS
194359809,SDL SK 7.23% 2035,723SK35-SG
6913537,SDL MZ 7.15% 2040,715MZ40-SG
7088129,SDL JK 7.08% 2046,708JK46-SG
7392257,,925IHFL31-N1
193836545,,930APMD34-N0
7544833,PROTEAN EGOV TECHNO,PROTEAN
194768129,,748NIIF33-N0
6337025,SDL MP 7.26% 2035,726MP35-SG
6333697,,787SDIL30-N0
194030337,SDL OR 6.13% 2028,613OR28-SG
193747201,,717TCHFL30-N0
194382081,SDL TN 6.58% 2029,658TN29-SG
6440193,REVATHI EQUIPMENT INDIA L,RVTH
194136577,EPPELTONE ENGINEERS,EEPL-SM
194488065,GROWWAMC - GROWWMC150,GROWWMC150
193790977,,680NHB32-N0
194564097,SDL RJ 7.24% 2036,724RJ36A-SG
194301697,,765TPREL40-N0
6269185,SDL MZ 7.35% 2037,735MZ37-SG
193890817,SDL KL 6.77% 2037,677KL37-SG
193985025,PICCADILY AGRO INDUSTRI L,PICCADIL
193919745,,955SCL35-NO
7661825,SDL MH 7.18% 2038,718MH38-SG
193820673,SDL HR 6.77% 2039,677HR39-SG
193963265,MOTILALAMC - MOALPHA50,MOALPHA50
7750145,ZERODHAAMC - SILVERCASE,SILVERCASE
7502081,,766LICH29-N0
6216705,,98VFPL28-N0
6269953,SDL JK 7.35% 2051,735JK51-SG
7248385,ANUH PHARMA,ANUHPHR
193910017,,SCL1825-N5
6206977,,CITI2626-N0
6472449,,932AEL27-N3
7792641,SDL HR 7.08% 2039,708HR39-SG
193916161,,842HFL27-N0
6338049,SDL TS 7.29% 2042,729TS42-SG
7731201,,793NIIF32-N0
7695617,,960SFL35-N0
193771777,,686NHPCL39-N0
194308865,,685NBRD29-N0
194518529,,73TACA30-N0
7662081,SDL MH 7.18% 2039,718MH39-SG
7452417,,738REC27TF-N2
193746177,,753PHFL30-N0
194099457,SDL AP 6.77% 2031,677AP31-SG
7477761,SITI NETWORKS,SITINET-BZ
194165761,JSW CEMENT,JSWCEMENT
194265089,SDL BR 7.52% 2036,752BR36-SG
7605761,SDL PY 7.15% 2039,715PY39A-SG
194184449,,118VCCL27A-N0
194341889,,789GIL30-N0
6321409,,1650RARL27-N0
6955521,GOI LOAN   7.09% 2074,709GS2074-GS
194382849,SDL GJ 7.07% 2034,707GJ34A-SG
6552321,,AAFS28C-N0
194590977,VIJAYPD CEUTICAL,VIJAYPD-SM
6443777,DSPAMC - TOP10ADD,TOP10ADD
6920449,,78241ABH29-N0
6521601,SDL RJ 7.15% 2042,715RJ42-SG
194163969,CONNPLEX CINEMAS,CONNPLEX-SM
194098945,SDL MH 7.16% 2055,716MH55-SG
6230017,SDL MN 7.39% 2036,739MN36-SG
6994433,SDL PN 7.12% 2036,712PN36-SG
7697921,SDL TN 7.18% 2035,718TN35-SG
6264833,,7865LICH26-N0
6559233,,920HFL30-N0
193967873,CEDAAR TEXTILE,CEDAAR-SM
6356481,AESTHETIK ENGINEERS,AESTHETIK-SM
7673601,AONEAMC - AONETOTAL,AONETOTAL
7482625,EMA PARTNERS INDIA,EMAPARTNER-SM
6369025,SOLVE PLASTIC PRODUCTS L,BALCO-SM
193779713,,925PFL30-N0
6960641,SDL TN 7.14% 2034,714TN34-SG
7422209,SDL AP 7.17% 2038,717AP38-SG
194535169,,712MPL28-N0
6542849,,1015SCL29B-N1
7716353,,775PFCL26A-N0
194287361,SDL AP 7.63% 2037,763AP37-SG
7699713,SDL TS 7.23% 2049,723TS49-SG
7700993,SDL KL 7.24% 2043,724KL43-SG
194311169,SDL RJ 7.32% 2035,732RJ35-SG
194513921,PINE LABS,PINELABS
194428417,,758CIFL30-N0
7294209,,720NHB31-N0
193932289,SDL MH 7.03% 2038,703MH38-SG
194413569,GROWWAMC - GROWWRLTY,GROWWRLTY
194391553,PACE DIGITEK,PACEDIGITK
6359553,SDL TS 7.26% 2035,726TS35-SG
7724545,SDL JH 6.92% 2028,692JH28-SG
194545409,,799GSGL29-N0
7532801,,0NHIT35-N0
7786497,SDL JH 6.96% 2029,696JH29-SG
6567681,TECHERA ENGINEER (IND) L,TECHERA-ST
7500289,SDL TS 7.08% 2049,708TS49-SG
7403777,,948SCL27R-N1
6612737,SDL KA 7.08% 2034,708KA34B-SG
7497217,SDL WB 7.13% 2042,713WB42-SG
194049793,,768GSGL28-N0
194639873,,810SIHF35-N0
194738433,ADANI ENTERPRISES,ADANI-RE-BE
6340097,SDL TS 7.29% 2040,729TS40-SG
193560833,SDL MH 6.75% 2040,675MH40-SG
194569473,,727ABL35-N0
7602177,SDL OR 6.89% 2028,689OR28A-SG
6495745,,845GHFL29-N0
8060417,,879NHPC28-N5
193561601,SDL HP 6.65% 2032,665HP32-SG
6583809,POLY MEDICURE,POLYMED
7437313,SDL KA 7.10% 2033,710KA33-SG
7795969,SDL TS 7.07% 2055,707TS55-SG
194225921,,813AIFL32-N0
6530049,,824PHFL28-N0
6959105,SDL KA 7.07% 2029,707KA29-SG
7601665,SDL GJ 7.12% 2037,712GJ37A-SG
194521857,SDL TN 6.55% 2029,655TN29-SG
194256641,SDL MH 7.2% 2036,72MH36-SG
6366721,INVENTURE GRO & SEC,INVENTURE
6523137,SDL RJ 7.13% 2046,713RJ46-SG
7680769,SDL AP 7.22% 2035,722AP35-SG
6397441,SDL MH 7.24% 2039,724MH39-SG
194313473,SDL KL 7.44% 2050,744KL50-SG
193923841,DIGITIDE SOLUTIONS,DIGITIDE
7551233,SDL AP 7.17% 2032,717AP32-SG
194342913,VMS TMT,VMSTMT
194027521,BORANA WEAVES,BORANA-BE
194355969,DHARAN INFRA-EPC,DHARAN-BZ
6263297,,812ABHF29-N0
193913601,,985SCL32-NJ
194373377,,735BTL27-N0
6355969,,119VCCL26-N0
6313729,SDL KL 7.30% 2052,730KL52-SG
6438401,JEYYAM GLOBAL FOODS,JEYYAM-ST
193536001,,1015UCL27-NF
6617857,ICICIPRAMC - VAL30IETF,VAL30IETF
194103297,AARADHYA DISPOSAL INDUS L,AARADHYA-ST
6516481,,815SICC26-N0
194403841,SDL MZ 7.31% 2041,731MZ41-SG
6611713,SDL KA 7.09% 2035,709KA35-SG
193890049,SDL RJ 6.64% 2035,664RJ35-SG
6311681,SDL WB 7.35% 2043,735WB43-SG
7689985,,734UCL28-N0
7002369,ROSSELL TECHSYS,ROSSTECH
7739393,,1075SCL35-N1
6280449,ICICIPRAMC - OILIETF,OILIETF
193933057,SDL HR 7.04% 2040,704HR40-SG
193618945,NETWORK PEOPLE SRV TECH L,NPST
194097153,SDL KL 7.24% 2041,724KL41-SG
194388993,SDL MP 7.51% 2048,751MP48-SG
194393345,,724TFSIL27-N0
194355457,SDL HP 6.99% 2031,699HP31-SG
6342401,,799RCFL27-N0
193838081,,930APMD28-N0
194313985,SDL TS 7.44% 2051,744TS51A-SG
7485953,SDL TN 7.12% 2055,712TN55-SG
6262785,,817ABHF27-N0
6612225,SDL UP 7.08% 2032,708UP32-SG
6525185,SDL AS 7.05% 2031,705AS31-SG
194009089,,985CCSP27-N0
194305793,ATLANTA ELECTRICALS,ATLANTAELE
194493185,SDL UP 7.24% 2036,724UP36-SG
194232577,SDL HP 7.56% 2040,756HP40-SG
194351105,SDL GA 7.39% 2035,739GA35-SG
6420481,MIRAEAMC - MULTICAP,MULTICAP
7450881,,995SCL35-N0
194424833,,705JCL27-N0
6288641,SDL RJ 7.36% 2034,736RJ34-SG
193559809,SDL MH 6.77% 2037,677MH37-SG
194437633,GROWWAMC - GROWWSC250,GROWWSC250
6912257,SDL UK 7.06% 2030,706UK30A-SG
194311681,SDL WB 7.42% 2036,742WB36-SG
194457857,,711SDIL30-N0
7377921,SDL MP 7.14% 2045,714MP45-SG
194288641,GOI TBILL 364D-03/09/26,364D030926-TB
194563585,SDL CG 7.19% 2035,719CG35A-SG
6540801,,902SCL27C-N1
194404353,,116VCCL27A-N0
193746689,,7123TCHF27-N0
193521409,,81ABCL33-N4
193560577,SDL MH 6.78% 2039,678MH39-SG
194287617,SDL KL 7.78% 2045,778KL45-SG
194279425,AONEAMC - AONEGOLD,AONEGOLD
7330561,SHREE RAM PROTEINS,SRPL-BZ
6386689,L&T FINANCE,LTF
194555137,,708PFCL35-N0
7558145,SDL TN 7.18% 2055,718TN55-SG
6321921,,818TFSIL27-N0
194379777,,113ESFB31-N0
7742465,BHARAT SEATS,BHARATSE
194262017,SIMBHAOLI SUGARS,SIMBHALS-BZ
193756929,SDL AP 6.79% 2036,679AP36-SG
6370049,,781TCHE27-N0
193821953,SDL TS 6.86% 2046,686TS46-SG
6623233,GROWWAMC - GROWWGOLD,GROWWGOLD
194585345,GOI TBILL 182D-04/06/26,182D040626-TB
194585601,GOI TBILL 364D-03/12/26,364D031226-TB
194582273,SDL TS 7.55% 2046,755TS46-SG
194576129,SDL HP 6.75% 2029,675HP29-SG
194584321,SDL AP 7.35% 2036,735AP36-SG
194577921,SDL MP 7.44% 2038,744MP38-SG
471553,SDL UP 6.6% 2031,66UP31-SG
1254401,SDL TS 7.18% 2051,718TS51-SG
3356417,ORIENT CERATECH,ORIENTCER
1751809,SARTHAK METALS,SMLT
1293825,G R INFRAPROJECTS,GRINFRA
2970369,SDL UP 7.81% 2034,781UP34-SG
50945,MAS FINANCIAL SERV,MASFIN
380161,IFB INDUSTRIES,IFBIND
1839105,GOI LOAN 7.06% 2046,706GS2046-GS
1427969,ACUTAAS CHEMICALS,ACUTAAS
2197505,SDL WB 7.4% 2038,74WB38-SG
2022145,SDL RJ 7.24% 2032,724RJ32-SG
3063297,BIKAJI FOODS INTERN,BIKAJI
3325185,BAHETI RECYCLING IND,BAHETI-SM
2653953,SDL GJ 7.8% 2032,78GJ32A-SG
224769,SDL TS 6.78% 2050,678TS50-SG
3362561,SDL JK 7.61% 2042,761JK42-SG
1782017,MENON BEARINGS,MENONBE
3016193,EVEREADY INDS. IND. ,EVEREADY
531969,SDL MN 6.88% 2031,688MN31-SG
1340673,SDL TS 7.14% 2041,714TS41-SG
1375489,DEVYANI INTERNATIONAL,DEVYANI
2259969,GUJARAT AMBUJA EXPORTS LT,GAEL
2313985,UFO MOVIEZ INDIA,UFO
2994945,PATEL ENGINEERING,PATELENG
1425409,SDL TS 7.0% 2036,70TS36-SG
1973505,SDL UP 7.12% 2032,712UP32-SG
3247617,MADHYA BHARAT AGRO P.,MBAPL
1626881,2.50%GOLDBONDS2026SR-III,SGBNOV26-GB
353793,SDL PN 6.73% 2040,673PN40-SG
2021633,SDL AR 7.27% 2032,727AR32-SG
515329,SDL CG 6.1% 2027,61CG27-SG
2500865,EASTERN SILK INDUSTRIES L,EASTSILK-BE
1387265,SDL PN 6.97% 2031,697PN31-SG
2986241,,79NHIT40-N2
2994689,SDL WB 7.93% 2037,793WB37-SG
2962177,PIRAMAL PHARMA,PPLPHARMA
298241,SDL PN 6.6% 2030,66PN30-SG
442113,SDL KA 6.51% 2030,651KA30C-SG
1819137,GOI LOAN 8.24% 2033,824GS2033-GS
2984449,,79NHIT35-N1
3240193,SDL HR 7.44% 2027,744HR27-SG
256001,SDL MH 6.56% 2032,656MH32-SG
1144065,ELECTROTHERM (I),ELECTHERM
44289,SDL SK 6.73% 2030,673SK30-SG
517377,SDL HP 6.63% 2031,663HP31-SG
1870593,SDL JK 7.0% 2033,70JK33-SG
2275841,VERANDA LEARNING SOL,VERANDA
108801,KHADIM INDIA,KHADIM
1891841,SUPRIYA LIFESCIENCE,SUPRIYA
2825473,ICICIPRAMC - IPRU5008,BANKIETF
2224385,SDL UK 7.34% 2032,734UK32-SG
2043393,GARWARE HI-TECH FILMS,GRWRHITECH
312577,SDL HP 6.6% 2030,66HP30-SG
694017,PRECOT,PRECOT
1888257,HP ADHESIVES,HPAL
1826817,GOI LOAN 7.72% 2055,772GS2055-GS
1835265,MIC ELECTRONICS,MICEL
121345,3M INDIA,3MINDIA
349441,SDL KA 6.53% 2030,653KA30-SG
428033,H.G.INFRA ENGINEERING,HGINFRA
1589761,SDL KA 6.95% 2031,695KA31-SG
260105,NIFTY BANK,NIFTY BANK
288777,NIFTY CONSR DURBL,NIFTY CONSR DURBL
3192577,,CAGL27A-N6
1537537,,
931073,JUBILANT PHARMOVA,JUBLPHARMA
2620929,CONFIDENCE PETRO IND,CONFIPET
3425537,KEWAL KIRAN CLOTHING,KKCL
818177,SDL AP 6.78% 2038,678AP38-SG
978177,ZODIAC CLOTHING CO.,ZODIACLOTH
740097,2.50%GOLDBONDS2026SR-I,SGBMAY26-GB
947457,SDL KL 6.96% 2034,696KL34-SG
2371073,,925SCL27-YR
2081793,BLB,BLBLIMITED
1117697,GOI STRIPS C 150326,GS150326C-GS
806145,BOROSIL RENEWABLES,BORORENEW
389377,INDIA GLYCOLS,INDIAGLYCO
348161,HIMATSINGKA SEIDE,HIMATSEIDE
2194945,SDL RJ 7.24% 2032,724RJ32B-SG
1069825,SUNDARAM BRAK LININGS,SUNDRMBRAK
420617,NSE INDEX NIFTY INFRALOG,NIFTY INFRALOG
3359745,SDL GA 7.55% 2032,755GA32-SG
2015233,SDL KA 7.35% 2036,735KA36-SG
471297,KCP,KCP
2132737,SDL RJ 7.17% 2032,717RJ32-SG
307201,MIRAEAMC - MAESGETF,ESG
1589505,SDL GJ 6.04% 2026,604GJ26-SG
2877697,HDFCAMC - HDFCGROWTH,HDFCGROWTH
2994177,SDL TS 7.89% 2036,789TS36-SG
1084161,WENDT (INDIA),WENDT
2615809,SDL AP 7.92% 2042,792AP42-SG
79617,SDL KA 6.97% 2031,697KA31-SG
712449,JUBILANT INGREVIA,JUBLINGREA
535553,SDL WB 6.89% 2041,689WB41-SG
578561,SDL TN 6.95% 2031,695TN31-SG
946177,SDL HR 6.95% 2033,695HR33-SG
1371905,KRSNAA DIAGNOSTICS,KRSNAA
1418753,SDL WB 7.12% 2051,712WB51-SG
933377,VARDHMAN POLYTEX,VARDMNPOLY
1365761,SDL UP 7.02% 2031,702UP31-SG
2127617,BLUE STAR,BLUESTARCO
2515457,SDL AP 8.03% 2035,803AP35-SG
239873,ELGI EQUIPMENTS,ELGIEQUIP
160769,CESC,CESC
517633,SDL WB 6.63% 2031,663WB31-SG
2141697,SDL AP 7.31% 2042,731AP42-SG
263689,NIFTY METAL,NIFTY METAL
112641,SDL GA 6.9% 2030,69GA30A-SG
2021889,SDL MZ 7.29% 2033,729MZ33-SG
411657,NIFTY MIDSMALL INDIA CONSUMPTION,NIFTY MS IND CONS
1539073,JAINAM FER ALLOYS (I),JAINAM-SM
3039233,GRANULES INDIA,GRANULES
290569,NIFTY MICROCAP250,NIFTY MICROCAP250
1471489,CYIENT,CYIENT
3397121,JK CEMENT,JKCEMENT
1964033,IMAGICAAWORLD ENT,IMAGICAA
1561345,SDL UP 6.97% 2031,697UP31A-SG
220673,2.50%GOLDBONDS2025SR-XIII,SGBDEC2513-GB
1166081,GOI STRIPS C 220261,GS220261C-GS
375553,AKZO NOBEL INDIA,AKZOINDIA
1760769,SDL HP 6.86% 2030,686HP30-SG
1890561,FOCE INDIA,FOCE-SM
1504513,SDL RJ 6.23% 2027,623RJ27-SG
3423489,SDL GA 7.62% 2032,762GA32A-SG
2097665,SDL AP 7.13% 2041,713AP41-SG
259841,SDL WB 6.88% 2040,688WB40-SG
175361,CHOLAMANDALAM IN & FIN CO,CHOLAFIN
1535489,SDL TS 7.09% 2040,709TS40-SG
2205185,INDO BORAX & CHEMICAL,INDOBORAX
1378561,AAVAS FINANCIERS,AAVAS
6401,ADANI ENTERPRISES,ADANIENT
365569,SDL NL 6.62% 2030,662NL30-SG
1125121,GOI STRIPS P 220261,GS220261P-GS
1191937,SHIVALIK BIMETAL CON.,SBCL
2806273,SDL AP 7.45% 2040,745AP40-SG
107265,BHANSALI ENG. POLYMERS LT,BEPL
2202113,KN AGRI RESOURCES,KNAGRI-SM
915457,SDL AP 6.96% 2036,696AP36-SG
2502145,SDL ML 7.8% 2031,78ML31-SG
1281281,SDL AP 7.19% 2038,719AP38-SG
82945,ANGEL ONE,ANGELONE
1988865,,925SCFL27-YA
3417345,UMA CONVERTER,UMA-SM
1111809,GOI STRIPS C 220226,GS220226C-GS
2541569,SDL AP 7.85% 2037,785AP37-SG
263681,AARON INDUSTRIES,AARON
3066369,SDL KA 7.68% 2031,768KA31-SG
40193,APOLLO HOSPITALS ENTER. L,APOLLOHOSP
319489,SDL KA 6.66% 2032,666KA32-SG
2326273,PIX TRANSMISSIONS,PIXTRANS
2888961,SDL MH 7.64% 2032,764MH32-SG
265737,NIFTY200 QUALTY30,NIFTY200 QUALTY30
2936577,EXCEL INDUSTRIES,EXCELINDUS
3424513,SDL RJ 7.61% 2032,761RJ32-SG
786689,SDL JK 6.84% 2031,684JK31-SG
661505,SDL RJ 7.2% 2046,72RJ46-SG
1449473,BEW ENGINEERING,BEWLTD-SM
706305,SDL UP 7.16% 2031,716UP31-SG
764929,SANDESH,SANDESH
1819905,JULLUNDUR MOT AGENCY,JMA
2870017,KANDARP DG SMART BPO,KANDARP-ST
2851841,SUMIT WOODS,SUMIT
3358209,SDL ML 7.4% 2027,74ML27-SG
29953,OMFURN INDIA,OMFURN-SM
197889,SDL MH 6.47% 2028,647MH28-SG
2606337,BALKRISHNA PAPER MILLS L,BALKRISHNA
894977,THIRUMALAI CHEMICALS,TIRUMALCHM
1824513,GOI LOAN 7.73% 2034,773GS2034-GS
1908737,DSPAMC - DSPQ50ETF,MIDQ50ADD
2116097,SOFTTECH ENGINEERS,SOFTTECH
3346433,IIFL CAPITAL SERVICES,IIFLCAPS
2139649,SDL PY 7.35% 2033,735PY33-SG
2699009,SDL RJ 7.65% 2032,765RJ32-SG
38145,2.50%GOLDBONDS2028SR-VI,SGBSEP28VI-GB
3376129,RELIANCE COMMUNICATIONS L,RCOM-BE
1560577,SDL TN 6.97% 2031,697TN31C-SG
2996481,XCHANGING SOLUTIONS,XCHANGING
370689,HLV,HLVLTD
1532417,SDL KA 6.88% 2031,688KA31-SG
1256193,ENGINEERS INDIA,ENGINERSIN
2674433,UNITED SPIRITS,UNITDSPR
2722305,AUTOMOTIVE STAMPINGS & AS,ASAL
149249,CAN FIN HOMES,CANFINHOME
3155969,SDL TS 7.63% 2044,763TS44-SG
3251457,SDL JK 7.68% 2037,768JK37-SG
748033,SDL AR 6.85% 2031,685AR31-SG
1990913,,889SCFL27-YC
280321,SDL MP 6.79% 2040,679MP40-SG
616193,SDL HR 7.18% 2041,718HR41-SG
3377665,GOI LOAN  7.41% 2036,741GS2036-GS
2273793,TATAAML - TNIDETF,TNIDETF
1423617,SDL RJ 6.87% 2031,687RJ31-SG
2516225,SAMBHAAV MEDIA,SAMBHAAV-BE
1391361,APTUS VALUE HSG FIN I,APTUS
5633,ACC,ACC
2131713,SDL BR 7.17% 2032,717BR32-SG
1122305,GOI STRIPS C 100526,GS100526C-GS
2806785,SDL TS 7.46% 2048,746TS48-SG
1762561,GOI LOAN 8.28%2032,828GS2032-GS
2170625,TVS MOTOR COMPANY ,TVSMOTOR
248065,SDL RJ 6.75% 2030,675RJ30-SG
2995969,ALKEM LABORATORIES,ALKEM
1124865,MIRZA INTERNATIONAL LIMIT,MIRZAINT
1540609,ADIT BIRL SUN LIF AMC,ABSLAMC
3406081,CENTURY PLYBOARDS (I),CENTURYPLY
264457,NIFTY 200,NIFTY 200
2703105,SDL HP 7.43% 2028,743HP28-SG
2888705,SDL HR 7.67% 2032,767HR32-SG
324353,GUJARAT ALKALIES & CHEM,GUJALKALI
506625,LMW,LMW
1253121,SDL ML 7.19% 2041,719ML41-SG
2730497,PUNJAB NATIONAL BANK,PNB
2076161,AWL AGRI BUSINESS,AWL
2928385,NIP IND ETF BANK BEES,BANKBEES
2956033,HDFCAMC - HDFCLOWVOL,HDFCLOWVOL
336129,HARRISON MALAYALAM,HARRMALAYA
2705409,RAMA PHOSPHATES,RAMAPHO
3078145,ARCHEAN CHEMICAL IND,ACI
2048769,BIRLASLAMC - SILVER,SILVER
36865,GODREJ AGROVET,GODREJAGRO
352001,HINDUSTAN CONSTRUCTION CO,HCC
1027585,NAVA,NAVA
913153,SDL MH 6.83% 2032,683MH32-SG
269833,NIFTY GS 15YRPLUS,NIFTY GS 15YRPLUS
113921,5PAISA CAPITAL,5PAISA
1169921,SDL RJ 6.05% 2026,605RJ26-SG
1509377,SDL TS 6.93% 2037,693TS37-SG
7425,SDL MH 6.67% 2031,667MH31-SG
3391489,SDL WB 7.64% 2032,764WB32-SG
404737,TARC,TARC
2932993,KOTAKMAMC - KTKNV20ETF,NV20
412681,NIFTY SHARIAH 25,NIFTY SHARIAH 25
375041,ACCURACY SHIPPING,ACCURACY
867073,SML MAHINDRA,SMLMAH
510465,LIBERTY SHOES,LIBERTSHOE
582401,IRIS CLOTHINGS,IRISDOREME
773633,RELCAPAMC-NETFSDL26,SDL26BEES
2401281,IL&FS ENG AND CONS CO,IL&FSENGG-BZ
1376769,ASAHI INDIA GLASS,ASAHIINDIA
3017473,GOYAL ALUMINIUMS,GOYALALUM
75265,SDL AS 6.9% 2030,69AS30A-SG
303361,AMBER ENTERPRISES (I),AMBER
1659393,SDL WB 7.0% 2031,70WB31A-SG
221185,SDL AP 6.55% 2033,655AP33-SG
2497537,EMUDHRA,EMUDHRA
1499905,,889SCL28-NU
237569,ELECTROSTEEL CASTINGS,ELECTCAST
877569,,77IGT28-NE
2496001,ETHOS,ETHOSLTD
613121,SDL AP 7.22% 2037,722AP37-SG
18433,SDL KA 6.65% 2030,665KA30-SG
114689,SDL MH 6.87% 2030,687MH30-SG
47617,,850NHAI29-N5
279553,SDL KA 6.75% 2034,675KA34-SG
2478849,KPIT TECHNOLOGIES,KPITTECH
2135553,ICICIPRAMC - ICICI5GSEC,GSEC5IETF
2694401,SDL RJ 7.82% 2044,782RJ44-SG
351233,HINDUSTAN COMPOSITES,HINDCOMPOS
416769,MRS BECTORS FOOD SPE,BECTORFOOD
3394561,KEC INTL.,KEC
1289729,SDL UP 6.99% 2031,699UP31-SG
2964993,TRACXN TECHNOLOGIES,TRACXN
1339905,SDL AP 7.14% 2037,714AP37-SG
1929473,LCC INFOTECH,LCCINFOTEC-BE
3431425,SUN TV NETWORK,SUNTV
2140929,SDL AP 7.48% 2038,748AP38-SG
2468097,KHANDWALA SECURITIES,KHANDSE
88833,BANARAS BEADS,BANARBEADS
2778113,SDL TN 7.61% 2032,761TN32-SG
45825,SDL TN 6.69% 2030,669TN30-SG
3336961,SAFARI IND (INDIA),SAFARI
1506049,SDL PN 6.84% 2031,684PN31-SG
815617,SKF INDIA,SKFINDIA
1750017,FOCUS LIGHTG & FIXTRS,FOCUS
1642753,KRITI INDUSTRIES IND,KRITI
2610433,SDL AS 7.85% 2032,785AS32-SG
2632961,AYM SYNTEX,AYMSYNTEX
269569,UFLEX,UFLEX
1536257,SDL WB 7.05% 2036,705WB36-SG
2666241,MUTHOOT CAP SERV,MUTHOOTCAP
876801,,76IGT26-ND
716545,CHEMFAB ALKALIS,CHEMFAB
1220097,SDL AP 7.13% 2036,713AP36-SG
1765633,SDL WB 6.91% 2031,691WB31-SG
1825281,GOI LOAN 7.59% 2029,759GS2029-GS
1875201,DCM SHRIRAM IND,DCMSRIND
121601,SDL AP 7.03% 2040,703AP40-SG
2983425,DR. LAL PATH LABS,LALPATHLAB
2979841,BOHRA INDUSTRIES,BOHRAIND
1343489,AAREY DRUGS & PHARM,AAREYDRUGS-BE
577793,SDL RJ 6.97% 2051,697RJ51A-SG
2333953,TIPS MUSIC,TIPSMUSIC
2993921,SDL MP 7.88% 2033,788MP33-SG
1302273,SDL MN 7.01% 2031,701MN31-SG
1507585,SDL AP 6.93% 2038,693AP38-SG
2682113,SDL JK 8.06% 2037,806JK37-SG
492289,WEALTH FRST PORT. MG.,WEALTH
289025,G-TEC JAINX EDUCATION,GTECJAINX
386049,ASTER DM HEALTHCARE,ASTERDM
951297,SDL RJ 7.05% 2041,705RJ41-SG
1590017,SDL HR 6.99% 2031,699HR31-SG
688897,SDL KA 7.24% 2037,724KA37-SG
2865409,AXISAMC - AXISILVER,AXISILVER
1414657,SDL TS 7.05% 2035,705TS35-SG
593921,SMC GLOBAL SECURITIES,SMCGLOBAL
1277697,SDL GJ 6.91% 2030,691GJ30-SG
2888449,SDL GA 7.69% 2032,769GA32-SG
734977,,10IIFL28A-NE
1869825,SDL KA 6.96% 2031,696KA31A-SG
835841,SDL NL 6.85% 2031,685NL31-SG
2877185,NALWA SONS INVESTMENT,NSIL
387073,THE INDIAN HOTELS CO.,INDHOTEL
736513,,96IIFL28A-NF
3426305,SDL KA 7.65% 2034,765KA34-SG
79873,TUBE INVEST OF INDIA,TIINDIA
1468417,SDL AP 6.86% 2035,686AP35-SG
1867521,SDL AS 6.97% 2031,697AS31A-SG
1963777,,875IHFL29-ND
1334785,,96IIFL28-N5
951809,VOLTAS,VOLTAS
945665,VINDHYA TELELINKS,VINDHYATEL
1999873,SDL TN 7.04% 2030,704TN30-SG
2741761,VEEKAYEM FASH & APP,VEEKAYEM-SM
2102273,RICHA INFO SYSTEMS,RICHA-ST
2133249,SDL TS 7.13% 2034,713TS34-SG
2401537,IL&FS TRANS NET,IL&FSTRANS-BZ
653057,SDL ML 7.17% 2031,717ML31-SG
1513217,PARAS DEF AND SPCE TECH L,PARAS
1873665,SDL WB 7.05% 2036,705WB36A-SG
2929921,PILANI INV & IND COR,PILANIINVS
82433,SDL TS 6.94% 2050,694TS50-SG
861185,SDL TN 6.77% 2031,677TN31-SG
940033,SOLARA ACTIVE PHA SCI,SOLARA
3067137,SDL PN 7.65% 2042,765PN42-SG
422401,SDL KA 6.51% 2030,651KA30B-SG
2979073,S.A.L. STEEL,SALSTEEL-BE
478977,SDL AP 6.65% 2041,665AP41-SG
2050817,SDL HR 6.96% 2029,696HR29-SG
2953217,TATA CONSULTANCY SERV LT,TCS
2752769,UNION BANK OF INDIA,UNIONBANK
126721,BLUE DART EXPRESS,BLUEDART
390401,SDL UP 6.56% 2030,656UP30-SG
2079233,SDL AP 7.37% 2038,737AP38-SG
2865153,2.50%GOLDBONDS2030SR-II,SGBAUG30-GB
129793,PULZ ELECTRONICS,PULZ-SM
1304833,ETERNAL - ZOMATO,ETERNAL
3090433,SHEETAL COOL PRODUCTS,SCPL
2083329,SDL AS 7.32% 2032,732AS32-SG
2234113,SHAILY ENG PLASTICS,SHAILY
3068161,SDL BR 7.68% 2032,768BR32-SG
2196481,SDL HR 7.4% 2037,74HR37-SG
1801985,GOI LOAN 9.20% 2030,92GS2030-GS
298497,SDL KA 6.72% 2033,672KA33-SG
724225,ANUPAM RASAYAN INDIA,ANURAS
80129,SDL MH 7.1% 2032,71MH32-SG
2770433,MOTILALAMC - MOQUALITY,MOQUALITY
3551745,SDL TN 7.65% 2033,765TN33-SG
3848193,NIP IND ETF PSU BANK BEES,PSUBNKBEES
5256193,AXIS MF - AXIS GOLD ETF,AXISGOLD
5868801,,820ABHF27-N5
6054401,MUTHOOT FINANCE,MUTHOOTFIN
4261121,SDL AS 7.34% 2033,734AS33A-SG
3720961,UTI GOLD ETF,GOLDSHARE
4100865,SDL AS 7.34% 2033,734AS33-SG
4898305,MANGALAM ALLOYS,MAL-SM
3569921,PRAJAY ENG. SYN.,PRAENG-BE
3925249,SDL TS 7.46% 2048,746TS48A-SG
5383681,,1025SCL33-YJ
4186881,PANACHE DIGILIFE,PANACHE-BE
4691713,SDL GA 7.44% 2033,744GA33-SG
5678593,SDL JK 6.79% 2030,679JK30-SG
3751681,SDL WB 7.74% 2041,774WB41-SG
5279233,,TPL26-N3
3748353,SDL RJ 7.77% 2033,777RJ33-SG
6026753,SDL UP 7.46% 2039,746UP39-SG
6110465,SDL TN 7.34% 2029,734TN29-SG
5515009,SDL AP 7.6% 2044,76AP44-SG
3509761,FIEM INDUSTRIES,FIEMIND
5160705,ARIHANT SUPERSTRUCT,ARIHANTSUP
5787905,SDL CG 7.51% 2032,751CG32-SG
3812865,CENTRAL BANK OF INDIA,CENTRALBK
3438081,KELLTON TECH SOL,KELLTONTEC
3726849,SDL MZ 7.74% 2038,774MZ38-SG
3785729,SUN PHARMA ADV.RES.CO.LTD,SPARC
5021697,SDL UP 7.7% 2033,77UP33-SG
5147905,SDL BR 7.18% 2030,718BR30-SG
6091009,QUEST LABORATORIES,QUESTLAB-SM
4382465,SDL TN 7.44% 2033,744TN33A-SG
5923841,,795NIIF36-N2
5012225,ARVIND PORT AND INFRA,ARVINDPORT-SM
4911617,SDL AS 7.62% 2033,762AS33-SG
4735489,,CAGL28-NE
5180929,SDL GA 7.65% 2033,765GA33-SG
4829697,MAZDA,MAZDA
5824769,SDL PY 7.47% 2037,747PY37-SG
5013761,BSE,BSE
3482113,SDL TN 7.62% 2033,762TN33-SG
5280769,,843TPL26-N4
5815553,ENTERO HEALTHCARE SOLU L,ENTERO
3790337,IRB INFRASTRUCTURE TRUST,IRBIT-IV
4387585,PENTAGON RUBBER,PENTAGON-ST
6138881,,817TFSIL27-N3
3876097,COLGATE PALMOLIVE,COLPAL
5684481,SDL TS 7.99% 2030,799TS30-SG
3652865,SDL GJ 7.66% 2030,766GJ30-SG
5869313,,AAFS34-N2
4436225,SDL TS 7.34% 2046,734TS46-SG
3596545,,10IFSL26-N7
5166849,SDL AP 7.72% 2038,772AP38-SG
3646721,TVS SRICHAKRA,TVSSRICHAK
5822977,SDL KA 7.48% 2033,748KA33-SG
3655169,ORIENT BELL,ORIENTBELL
5176833,SDL KA 7.67% 2036,767KA36-SG
4846849,SDL BR 7.52% 2031,752BR31-SG
6050049,SDL RJ 7.52% 2034,752RJ34-SG
3669505,HIMADRI SPECIALITY CHEM L,HSCL
5900801,,740EXIM29-N1
5274369,SHREE OSFM E-MOBILITY,SHREEOSFM-SM
5096705,SDL KA 7.7% 2033,77KA33-SG
5418753,SDL BR 7.73% 2039,773BR39-SG
5884417,SDL BR 7.4% 2039,74BR39-SG
5058561,,990SCL26-N7
4574209,,NIDOZC26-N7
5195777,SHAH METACORP,SHAH
6147073,SDL AP 7.43% 2044,743AP44-SG
3804417,SDL KL 7.76% 2058,776KL58-SG
4937985,MOTILAL OSWAL M50 ETF,MOM50
5902337,J.G.CHEMICALS,JGCHEM
5735681,SDL GA 6.68% 2030,668GA30-SG
5101569,,764HUDCO31-N8
5604609,SDL PN 7.22% 2032,722PN32-SG
5655809,SDL UP 6.90% 2030,690UP30-SG
6015233,SDL TS 7.44% 2051,744TS51-SG
6076417,SILKFLEX POLYMERS INDIA L,SILKFLEX-SM
4694017,SDL KL 7.4% 2041,74KL41-SG
5654529,SDL UP 7.0% 2030,70UP30-SG
6052097,SDL AP 7.49% 2044,749AP44-SG
5940993,SDL RJ 7.48% 2037,748RJ37-SG
4531713,ICICI PRUD MIDCAP SEL ETF,MIDSELIETF
5355009,SDL KA 7.17% 2030,717KA30-SG
5890305,,83044SMF29-N3
5476353,MAGADH SUGAR & ENERGY,MAGADSUGAR
5997825,SDL MH 7.43% 2039,743MH39-SG
6164737,ZERODHA NIFTY LARGECAP 100 ETF,TOP100CASE
3942145,EIH ASSOCIATED HOTELS - OBEROI HOTELS,EIHAHOTELS
4555521,TRANSINDIA REAL ESTATE L,TREL
4164609,SDL MZ 7.43% 2037,743MZ37-SG
5411329,SDL AP 6.88% 2034,688AP34-SG
5985025,NAMAN IN-STORE (INDIA) L,NAMAN-SM
5740289,TOTAL TRANSPORT SYS,TOTAL
5359873,SDL GA 7.67% 2033,767GA33A-SG
3653633,SDL HR 7.65% 2033,765HR33A-SG
4909825,SDL HR 7.53% 2033,753HR33-SG
5049089,SDL KA 7.73% 2036,773KA36-SG
3504385,AEROFLEX NEU,AERONEU
3677697,VODAFONE IDEA,IDEA
5588481,SDL TS 7.59% 2046,759TS46-SG
3486465,SDL GA 7.64% 2038,764GA38-SG
4827137,,965SCL28C-BR
5650689,SDL RJ 6.59% 2030,659RJ30-SG
4527105,SHRI TECHTEX,SHRITECH-SM
5432577,,9TCAP28-N9
3773953,AXISAMC - AXSENSEX,AXSENSEX
5124353,SDL KA 7.2% 2031,72KA31-SG
5312769,,771HDFCB33-N0
3739393,TGB BANQUETS&HOTELS,TGBHOTELS
5860097,,832TPL27-N5
6117377,,770RECL26-NR
5355265,SDL AP 7.15% 2036,715AP36-SG
5976577,SDL RJ 7.44% 2034,744RJ34A-SG
5261057,DOMS INDUSTRIES,DOMS
4505089,ASSO ALCOHOLS & BREW,ASALCBR
4875521,,10IIFL29-N6
5254913,PRUDENTIAL SUGAR CORPORAT,PRUDMOULI
5931009,,835KSFL27-N0
6070785,WINSOL ENGINEERS,WINSOL-SM
3749633,SDL TS 7.78% 2034,778TS34-SG
3903745,,1003SFIL28-NX
6005249,YASH OPTICS & LENS,YASHOPTICS-ST
3672833,SDL WB 7.69% 2042,769WB42-SG
5938945,SDL NL 7.48% 2034,748NL34-SG
5884161,SDL MZ 7.4% 2039,74MZ39-SG
3628545,IZMO,IZMO
3844097,SDL AS 7.58% 2033,758AS33-SG
5789185,SDL TS 7.49% 2035,749TS35-SG
4659969,SDL AS 7.47% 2028,747AS28-SG
5961473,,925SCL26B-YQ
5751809,ADDICTIVE LEARNING TECH L,LAWSIKHO-SM
5974017,SDL KL 7.53% 2050,753KL50-SG
6058753,,895MFL27-NM
5362433,SDL JK 7.72% 2043,772JK43-SG
3514881,INSPIRISYS SOLUTIONS,INSPIRISYS
4381953,SDL AS 7.45% 2033,745AS33-SG
5516033,SDL TS 7.6% 2047,76TS47-SG
5848577,GPT HEALTHCARE,GPTHEALTH
5431297,SDL GJ 6.54% 2030,654GJ30-SG
4701441,PERSISTENT SYSTEMS,PERSISTENT
4662785,TEXMO PIPE & PRODUCTS,TEXMOPIPES
3590657,,966SFIL25A-NI
3460353,EMAMI,EMAMILTD
5689089,SDL BR 7.17% 2030,717BR30A-SG
5330433,SURAJ ESTATE DEVELOPERS L,SURAJEST
3562497,SDL GJ 7.63% 2032,763GJ32-SG
5763841,,806SDIL29-N0
3865601,SDL PN 7.62% 2038,762PN38-SG
5310209,SDL WB 7.63% 2038,763WB38-SG
3536897,LT FOODS,LTFOODS
4451329,ADANI POWER,ADANIPOWER
6178561,,960IIFLS26-N9
5942273,SDL RJ 7.46% 2042,746RJ42-SG
5341185,SDL KA 6.97% 2028,697KA28-SG
6121729,,759NHB27-ND
3455233,,965SCL25C-N0
5061633,,SCLZC26C-NB
4643585,DOLPHIN OFF ENT (IND) L,DOLPHIN
5937409,SDL TN 7.44% 2034,744TN34A-SG
6092033,,770NABAR27-N4
5127169,,892PFCL33-N8
3565057,ARISTO BIO T AND LIFESC L,ARISTO-SM
4345857,SDL CG 7.42% 2031,742CG31-SG
5085953,AMINES & PLASTICIZERS,AMNPLST
3626241,SDL MN 7.62% 2035,762MN35-SG
4306177,VINYL CHEMICALS (I),VINYLINDIA
3606273,SDL JH 7.63% 2030,763JH30-SG
5826305,SDL MP 7.45% 2045,745MP45-SG
6122241,BFAM - LIQUIDBETF,LIQUIDBETF
5909505,SDL AR 7.41% 2034,741AR34-SG
5680129,SDL TS 7.65% 2030,765TS30-SG
5335297,,765NBFID38-N0
3901185,ADITYA BIRLA MONEY,BIRLAMONEY
4408321,SDL HR 7.44% 2032,744HR32-SG
5836545,DEEM ROLL TECH,DEEM-SM
3943425,ATAM VALVES,ATAM
5674241,SDL UK 7.45% 2030,745UK30-SG
5878273,,925BCIL28-N0
5617153,SDL MH 7.27% 2030,727MH30-SG
5824001,SDL NL 7.49% 2034,749NL34-SG
3439617,LOKESH MACHINES,LOKESHMACH
3607809,SDL MP 7.64% 2033,764MP33-SG
5825025,SDL AP 7.44% 2039,744AP39A-SG
6038273,SDL AP 7.49% 2040,749AP40-SG
4219649,PROVENTUS AGROCOM,PROV-SM
6026241,SDL MH 7.42% 2034,742MH34-SG
5001985,SDL MZ 7.72% 2038,772MZ38-SG
5266433,SDL AP 6.35% 2027,635AP27-SG
5726721,SDL KA 6.64% 2032,664KA32-SG
4381185,SDL PN 7.43% 2048,743PN48-SG
3762177,,990SCFL26-AJ
3581697,SDL WB 7.71% 2039,771WB39-SG
4908033,SDL WB 7.59% 2039,759WB39-SG
3811841,AKI INDIA,AKI
5361153,SDL RJ 7.67% 2033,767RJ33-SG
5790721,SDL MP 7.48% 2040,748MP40-SG
5912577,SDL TS 7.37% 2041,737TS41-SG
4769793,,879SCL26-NC
3624705,SDL HR 7.7% 2031,77HR31-SG
5823233,SDL TN 7.44% 2034,744TN34-SG
4435201,SDL AP 7.36% 2038,736AP38A-SG
5388033,SDL GA 7.88% 2030,788GA30-SG
4638465,SRG HOUSING FINANCE L,SRGHFL
4976641,SICAL LOGISTICS,SICALLOG-BE
5101057,,743REC35-NH
5365505,SDL JK 7.19% 2029,719JK29-SG
3525121,SDL TS 7.55% 2030,755TS30-SG
5661185,SDL TN 6.55% 2030,655TN30-SG
3622401,BODHI TREE MULTIMEDIA,BTML
5758721,SDL RJ 7.66% 2033,766RJ33A-SG
5708289,SDL PN 6.42% 2030,642PN30-SG
3591169,,1030SFIL26-NJ
5242881,SDL TS 7.7% 2038,77TS38-SG
5233921,,CIFCZC28-NH
5578753,M P TODAY MEDIA,MPTODAY-SM
4365569,HMA AGRO INDUSTRIES,HMAAGRO
5707521,SDL AP 6.5% 2038,65AP38-SG
6032129,,795SHFL34-N2
6149889,,75IREDA34-ND
4693505,SDL WB 7.41% 2039,741WB39-SG
3708161,THEMIS MEDICARE,THEMISMED
4104961,SDL NL 7.33% 2033,733NL33-SG
5748481,SDL AP 6.68% 2039,668AP39-SG
6027777,SDL UK 7.5% 2029,75UK29-SG
6140673,AIMTRON ELECTRONICS,AIMTRON-ST
5380353,FUTURE MKT NETWORKS,FMNL
5285889,,884LTF29-N6
5638401,SDL PY 7.08% 2026,708PY26-SG
3510273,SDL AP 7.54% 2029,754AP29-SG
4487169,,948SCL26I-AX
5372417,,940SCL26B-Y6
6181121,JHS SVENDGAARD RETAIL V L,RETAIL
5757953,SDL TN 7.6% 2031,76TN31-SG
4910081,SDL CG 7.54% 2031,754CG31-SG
5071105,MAITREYA MEDICARE,MAITREYA-SM
3597313,GAYATRI RUBB AND CHEM,GRCL-SM
6126593,,925SCL26D-ZD
4197889,SDL KL 7.32% 2053,732KL53-SG
6114049,SDL AP 7.34% 2048,734AP48-SG
4905985,SDL AP 7.6% 2034,76AP34-SG
4434689,SDL TN 7.35% 2033,735TN33A-SG
4828929,VERTOZ,VERTOZ
3474433,MANUGRAPH INDIA,MANUGRAPH
4189953,SDL PN 7.37% 2038,737PN38-SG
5436417,SDL HR 7.03% 2040,703HR40-SG
3936513,PUDUMJEE PAPER PRO.,PDMJEPAPER
4403713,2.50%GOLDBONDS2031SR-I,SGBJUN31I-GB
3811585,ASIAN GRANITO IND.,ASIANTILES
4784641,SDL TS 7.46% 2030,746TS30-SG
4843777,VARUN BEVERAGES,VBL
5256705,GRAVITA INDIA,GRAVITA
3511297,SDL UK 7.62% 2033,762UK33-SG
5963009,,990SCL27-YT
3750913,SDL GJ 7.73% 2036,773GJ36-SG
6150401,KRONOX LAB SCIENCES,KRONOX
4531201,NIP IND ETF LONGTERM GILT,LTGILTBEES
5861121,,832TPL29-N7
3820545,LORENZINI APPARELS,LAL
3921921,SDL WB 7.47% 2043,747WB43-SG
5664257,SDL TN 6.94% 2050,694TN50-SG
5950465,,885CIFCL34-NS
5621505,BFAM - NIFTYBETF,NIFTYBETF
3511553,SDL AP 7.59% 2033,759AP33-SG
3721985,SDL AS 7.72% 2033,772AS33-SG
3724545,SDL MH 7.66% 2033,766MH33-SG
3907585,SDL AP 7.43% 2031,743AP31-SG
4378625,SDL KL 7.47% 2042,747KL42-SG
5943041,SDL JK 7.47% 2044,747JK44-SG
5788929,SDL MH 7.48% 2035,748MH35-SG
5913345,SDL KL 7.38% 2044,738KL44-SG
3962113,SDL AP 7.4% 2031,74AP31-SG
4408833,SDL HR 7.47% 2035,747HR35-SG
4742913,SDL MP 7.46% 2038,746MP38-SG
5406977,AKANKSHA POWER N INFRA L,AKANKSHA-SM
5889537,,753IRED34-NA
4997377,SDL JK 7.56% 2053,756JK53-SG
5042689,HMT -,HMT-BZ
4520705,UNIVERSUS IMAGINGS,UNIVPHOTO
5157889,SDL GA 6.9% 2030,69GA30-SG
3711233,,704NHAI26-NB
4330241,ZF COM VE CTR SYS IND,ZFCVINDIA
5682945,SDL JH 8.10% 2032,810JH32-SG
3701505,LEXUS GRANITO (INDIA),LEXUS
3903489,KAVVERI DFS & WIR TEC,KAVDEFENCE-BE
5938689,SDL GA 7.47% 2034,747GA34-SG
3796225,SDL UP 7.79% 2033,779UP33-SG
3575041,SDL MP 7.67% 2033,767MP33-SG
5918977,,1090NFL26-NB
5235969,ANJANI PORTLAND CEM,APCL
5445121,SDL AS 7.78% 2034,778AS34-SG
3465217,VIDHI SPCLTY F INGRDNTS L,VIDHIING
6170881,SDL JK 7.33% 2051,733JK51-SG
5557761,SDL KA 7.23% 2028,723KA28-SG
5909249,SDL KA 7.36% 2034,736KA34-SG
4389121,AARTECH SOLONICS,AARTECH
3612673,SDL TS 7.56% 2048,756TS48-SG
4710401,SDL AP 7.44% 2033,744AP33-SG
6109185,AWFIS SPACE SOLUTIONS,AWFIS
3880193,ROBUST HOTELS,RHL
5445889,SDL MH 7.73% 2036,773MH36-SG
3630081,NMDC STEEL,NSLNISP
5671681,SDL SK 7.28% 2030,728SK30-SG
6067713,,91MOFSL27-N2
5220353,SDL KA 7.69% 2033,769KA33A-SG
5652481,SDL RJ 6.67% 2050,667RJ50-SG
5709057,SDL MN 6.45% 2030,645MN30-SG
3635969,HUBTOWN,HUBTOWN
5970689,,1025SCL34-Z8
3626753,SDL TS 7.59% 2040,759TS40A-SG
5665025,SDL TN 6.6% 2029,66TN29-SG
4607745,UNITED NILGIRI TEA,UNITEDTEA
5612033,SDL MN 6.99% 2030,699MN30-SG
5931521,,8254KSFP29-N1
5774337,,86CIFC29-NN
5626881,SDL MP 7.29% 2030,729MP30-SG
5630465,SDL NL 7.05% 2030,705NL30-SG
5674753,SDL UK 7.17% 2029,717UK29-SG
5050625,SDL AP 7.72% 2041,772AP41-SG
3558401,CREST VENTURES,CREST
4112897,SDL AP 7.36% 2034,736AP34-SG
4739329,SAROJA PHARMA INDUS IND L,SAROJA-ST
5595649,SDL GJ 7.63% 2034,763GJ34-SG
4616961,SANGANI HOSPITALS,SANGANI-SM
5145601,SDL AS 7.11% 2030,711AS30-SG
5316353,,
6113025,SDL RJ 7.37% 2039,737RJ39-SG
5937665,SDL RJ 7.46% 2034,746RJ34-SG
5828609,,810TCHFL27-ND
4127489,BHARAT WIRE ROPES,BHARATWIRE
4158465,SDL AP 7.38% 2035,738AP35-SG
5478145,GANGES SECURITIES,GANGESSECU
4597249,,84CIFCL28-NA
5278977,PENNAR INDUSTRIES,PENIND
5720833,MACPOWER CNC MACHINES,MACPOWER
5636609,SDL MZ 7.2% 2029,72MZ29-SG
5683201,SDL JH 6.99% 2030,699JH30-SG
4781825,HPL ELECTRIC & POWER,HPL
5170433,SDL JK 7.6% 2053,76JK53A-SG
6062849,SDL TS 7.42% 2048,742TS48-SG
5409537,TEJAS NETWORKS,TEJASNET
3507713,VISHWARAJ SUGAR IND,VISHWARAJ
6157057,SDL UK 7.39% 2030,739UK30-SG
5022465,SDL MP 7.68% 2034,768MP34-SG
5062145,,888SCL25D-NC
4724993,HITACHI ENERGY INDIA,POWERINDIA
5657089,SDL UP 7.28% 2029,728UP29-SG
5747969,SDL AP 6.68% 2035,668AP35-SG
5978113,SDL MN 7.5% 2036,75MN36A-SG
3785217,MIRAEAMC - MANV30F,LOWVOL
4745985,SDL AP 7.46% 2041,746AP41-SG
4749569,JUPITER LIFE LINE HOSP L,JLHL
5810177,SDL CG 7.46% 2031,746CG31-SG
5649409,SDL RJ 6.84% 2030,684RJ30-SG
5686529,SDL UP 7.18% 2030,718UP30-SG
3768833,NIRMAN AGRI GENTICS,NIRMAN-SM
4346113,SDL ML 7.42% 2032,742ML32-SG
5613057,SDL MN 6.9% 2030,69MN30-SG
5699841,SDL KA 6.4% 2030,64KA30-SG
5790465,SDL BR 7.52% 2039,752BR39-SG
5221633,SDL PN 7.77% 2036,777PN36-SG
5647361,SDL RJ 7.18% 2029,718RJ29-SG
4837633,,1025SCL33A-N1
5395969,TRIDENT TECHLABS,TECHLABS-SM
5554689,MANAV INFRA PROJECTS,MANAV-ST
5577985,SDL PN 6.97% 2040,697PN40-SG
4442113,,1102NFL26-N8
5020417,SDL MN 7.73% 2035,773MN35-SG
5748225,SDL KA 6.61% 2035,661KA35-SG
3674881,SDL KL 7.58% 2049,758KL49-SG
4112385,SDL HR 7.35% 2033,735HR33-SG
3678465,SDL HR 7.73% 2032,773HR32-SG
3695361,JK TYRE & INDUSTRIES,JKTYRE
4940545,INDIA TOUR. DEV. CO.,ITDC
5718529,SDL MP 6.61% 2035,661MP35-SG
4610817,WHIRLPOOL OF INDIA,WHIRLPOOL
5514241,SDL KA 7.69% 2040,769KA40-SG
5725441,ICICIPRAMC - ICICITECH,ITIETF
3492353,2.50%GOLDBONDS2030SR-III,SGBDE30III-GB
3908353,SDL AP 7.47% 2037,747AP37-SG
3674113,SDL MP 7.69% 2043,769MP43-SG
5738497,,807NIIF39-N1
5742849,HDFCAMC - HDFCNIFBAN,HDFCNIFBAN
6080769,SDL PN 7.47% 2032,747PN32-SG
3898625,LICNAMC - LICNFNHGP,LICNFNHGP
5708033,SDL MP 6.54% 2035,654MP35-SG
5191425,SDL GJ 6.57% 2029,657GJ29-SG
5799425,,AAFS27A-N0
5637889,SDL RJ 6.55% 2050,655RJ50-SG
5911553,SDL KA 7.37% 2038,737KA38A-SG
6146049,SDL PN 7.47% 2037,747PN37-SG
3458817,MUNJAL AUTO IND.,MUNJALAU
4774145,HOLMARC OPTO MECHATRO L,HOLMARC-SM
5896705,,950BCIPL28-N2
4459265,MIRAEAMC - BANKETF,BANKETF
5436161,SDL AP 6.57% 2030,657AP30-SG
4191745,SDL RJ 7.35% 2043,735RJ43-SG
5462785,STEEL EXCHANGE INDIA,STEELXIND
6120193,,768LIC34-N4
5854721,SDL BR 7.43% 2039,743BR39-SG
4546049,SARDA ENERGY & MIN,SARDAEN
5970177,,980SCL34-Z7
5049601,SDL TS 7.75% 2037,775TS37-SG
5684737,SDL TS 7.31% 2060,731TS60-SG
7489537,DENTA WATER N INFRA SOL L,DENTA
7698177,SDL UP 7.24% 2040,724UP40-SG
194050305,,768GSGL28A-N0
194265857,SDL HR 7.51% 2041,751HR41-SG
193819905,SDL GJ 6.69% 2034,669GJ34-SG
194430465,,975PCPL27-N0
6309633,SDL MH 7.27% 2034,727MH34-SG
6645761,SDL KL 7.15% 2039,715KL39-SG
6337537,SDL MH 7.27% 2039,727MH39-SG
7977729,RHI MAGNESITA INDIA,RHIM
193743617,SDL GJ 6.64% 2036,664GJ36-SG
193551617,SDL AS 6.75% 2040,675AS40-SG
194029313,SDL JK 7.18% 2045,718JK45A-SG
194391297,GOI TBILL 364D-02/10/26,364D021026-TB
7378689,SDL PY 7.14% 2035,714PY35-SG
6638337,,712INBK34-N0
194567425,GOI TBILL 182D-28/05/26,182D280526-TB
7727105,SDL CG 7.16% 2033,716CG33-SG
7387649,,9IHFL27-N1
194535681,,732MPL30-N0
6382593,GLOBALE TESSILE,GLOBALE
7377409,SDL KA 7.16% 2040,716KA40-SG
193524993,,81ABCL29-NI
194356481,JINKUSHAL INDUSTRIES,JKIPL
6250241,AMBEY LABORATORIES,AMBEY-SM
6936321,SWAN CORP,SWANCORP
194158337,KNOWLEDGE REALTY TRUST,KRT-RR
194400769,SDL TS 7.3% 2051,73TS51-SG
6251777,SDL JK 7.38% 2049,738JK49-SG
7501825,GOI TBILL 364D-29/01/26,364D290126-TB
193534977,,10UCL26-ND
7500545,SDL TS 7.10% 2050,710TS50-SG
194124801,GROWWAMC - GROWWLOVOL,GROWWLOVOL
7069953,,710PFCL35-N0
194287105,SDL MN 7.72% 2037,772MN37-SG
194278401,OPTIVALUE TEK CONSULT,OPTIVALUE-SM
7501057,SDL JK 7.08% 2055,708JK55-SG
6476289,,AEL120924B-N8
194217985,SDL TS 7.54% 2051,754TS51-SG
194544897,,799GSGL28-N0
7601409,SDL KA 7.16% 2036,716KA36B-SG
193893889,SDL TN 6.40% 2032,640TN32-SG
7433473,,930PCHFL27-N0
6337793,SDL KL 7.31% 2040,731KL40-SG
194042113,GOI TBILL 364D-30/07/26,364D300726-TB
194050817,,768GSGL28B-N0
193499393,SDL TS 6.87% 2055,687TS55-SG
194016257,,AEL170725A-NG
194048513,SHANTI GOLD INTERNATION L,SHANTIGOLD
6539777,,940SCL27A-N1
193901057,SDL JK 6.42% 2031,642JK31A-SG
6613249,SDL PN 7.11% 2044,711PN44-SG
7398401,,888SCL26X-N1
6398721,SDL AP 7.23% 2046,723AP46-SG
7457793,SDL BR 7.22% 2035,722BR35-SG
193891329,SDL AP 6.84% 2039,684AP39-SG
6399233,SDL MH 7.22% 2049,722MH49-SG
7608577,,738PFC32-N0
6451969,SHREE TIRUPATI BALAJEE L,BALAJEE
7439105,SDL BR 7.15% 2035,715BR35-SG
7725825,SDL MP 7.14% 2032,714MP32-SG
6251521,SDL HR 7.32% 2036,732HR36-SG
7725569,SDL TN 7.04% 2030,704TN30B-SG
193760769,,7IREDAL30-N0
194388737,SDL AP 7.5% 2046,75AP46-SG
193801729,SDL PN 6.89% 2046,689PN46-SG
194499073,,850KGEL30-N0
6575617,SDL TS 7.12% 2039,712TS39-SG
7665665,KOTAKMAMC - NIFTY100EW,NIFTY100EW
6287873,SDL TN 7.33% 2032,733TN32-SG
7721729,SDL MZ 7.18% 2040,718MZ40-SG
194214401,,790TIL28-N0
194580481,,0IRFC35-N0
194337281,A B COTSPIN INDIA,ABCOTS
194353153,SDL HR 7.45% 2042,745HR42-SG
6400257,SDL TN 7.22% 2054,722TN54-SG
8041729,MT EDUCARE,MTEDUCARE-BE
6496257,,765LICH31-N0
7386113,,885IHL26-N1
7568641,SDL BR 7.14% 2037,714BR37-SG
194153985,GOI TBILL 364D-13/08/26,364D130826-TB
6342913,OLA ELECTRIC MOBILITY,OLAELEC
6209793,,793TPRE29-N0
193908481,NIPPONAMC - SNXT30BEES,SNXT30BEES
7825409,,MHLSDDR-SF
7238913,SDL TS 7.10% 2047,710TS47-SG
7681281,SDL GJ 7.21% 2035,721GJ35-SG
194280705,AMANTA HEALTHCARE,AMANTA
7559937,,918IHFL28-N0
193959681,SDL MH 7.14% 2046,714MH46-SG
194031105,SDL AP 6.88% 2034,688AP34A-SG
194160641,,640NHPCL27-N0
194385921,SDL GA 7.37% 2036,737GA36-SG
6196225,SDL TN 7.27% 2054,727TN54-SG
193755393,SDL AP 6.83% 2034,683AP34-SG
193499137,SDL TS 6.87% 2047,687TS47-SG
193736193,KRISHIVAL FOODS,KRISHIVAL
194226433,GROWWAMC - GROWWNIFTY,GROWWNIFTY
7576321,ELEGANZ INTERIORS,ELGNZ-SM
194524161,SDL AR 7.5% 2045,75AR45-SG
6982145,C2C ADVANCED SYSTEMS,C2C-SM
193720833,,687REC30-N0
6372353,SDL JK 7.23% 2051,723JK51-SG
194134017,,635LT28-N0
193741313,OSWAL PUMPS,OSWALPUMPS
194516481,GOI TBILL 182D-14/05/26,182D140526-TB
6640385,,7798LTFH29-N0
193825025,,990CCSP27-N0
7618049,KOTAKMAMC - MSCIINDIA,MSCIINDIA
194046721,,71ABHFL27-N0
194360577,SDL HR 7.35% 2039,735HR39-SG
194354689,GOI TBILL 182D-19/03/26,182D190326-TB
6427137,SDL TN 7.19% 2032,719TN32A-SG
193880321,,708JCL28-N0
6396161,SDL PN 7.26% 2036,726PN36-SG
6499585,OSEL DEVICES,OSELDEVICE-ST
194504193,TATA MOTORS,TMCV
6512385,,786TCHFL29-N0
194310657,SDL GJ 7.07% 2032,707GJ32A-SG
6986753,,892CIFL34-N0
194444545,SDL TN 7.14% 2035,714TN35A-SG
7370497,,74PFCL30-N0
6256385,GANESH GREEN BHARAT,GGBL-SM
193891073,SDL AP 6.84% 2038,684AP38-SG
193899265,,875SCL27A-N1
194264833,SDL BR 7.45% 2034,745BR34-SG
7236353,SDL RJ 7.10% 2046,710RJ46-SG
6950145,SDL BR 7.13% 2034,713BR34A-SG
193964545,,820KSFP36-N0
194014721,,AEL17725-NA
193559297,SDL RJ 6.7% 2035,67RJ35-SG
6348289,GROWWAMC - GROWWEV,GROWWEV
194769153,,790IHFL27-N0
193923329,,805MFL27-N0
194014977,,885AEL28-NB
194099713,SDL JK 6.84% 2031,684JK31A-SG
193768705,SDL AP 6.78% 2033,678AP33-SG
6286337,,835TPL27-N0
194425345,,975CCSP28-N0
6912513,SDL BR 7.13% 2034,713BR34-SG
193940225,AAKAAR MEDICAL TECHNO,AAKAAR-SM
7822849,,MHLSRG-SF
193578753,,995ISF28-N0
194563841,SDL SK 7.21% 2035,721SK35-SG
7151105,,965SFL27-N0
193726209,,694PGCIL35-N0
193744641,SDL KL 6.84% 2047,684KL47-SG
6527489,SDL GA 7.12% 2034,712GA34-SG
6201601,RELAXO FOOT,RELAXO
7791361,SDL SK 7.1% 2035,71SK35-SG
193738241,SDL TS 7.09% 2058,709TS58-SG
194153217,SDL TS 7.33% 2060,733TS60-SG
7606017,QUALITY POWER ELEC EQUP L,QPOWER
6523649,SDL PN 7.14% 2049,714PN49-SG
7732225,,1025SCL35A-N1
193900801,SDL TN 6.0% 2028,60TN28-SG
6397697,SDL AP 7.27% 2041,727AP41-SG
194283521,SDL TS 7.72% 2057,772TS57-SG
193739009,SDL TS 7.09% 2061,709TS61-SG
6239745,SHRIRAM - LIQUIDSHRI,LIQUIDSHRI
6493441,SDL KL 7.14% 2047,714KL47-SG
7438593,SDL GJ 7.06% 2034,706GJ34-SG
194355713,AGS TRANSACT TECH,AGSTRA-BZ
194446593,,95PFL34-N0
194004737,SDL OR 7.16% 2050,716OR50-SG
6595585,SDL MH 7.1% 2032,71MH32A-SG
6228737,SDL PN 7.38% 2033,738PN33-SG
194011649,TSC INDIA,TSC-SM
194495233,SHIV AUM STEELS,SHIVAUM
7455745,PC JEWELLER,PCJEWELLER
7571457,SDL TN 7.17% 2045,717TN45-SG
6326017,ASHAPURA LOGISTICS,ASHALOG-SM
7726337,SDL CG 7.14% 2032,714CG32-SG
193981953,SDL WB 7.15% 2052,715WB52-SG
6454017,MY MUDRA FINCORP,MYMUDRA-ST
6329089,,830SICC27-N0
194316289,GK ENERGY,GKENERGY
6643201,,SIHF27-N0
193913857,,920SCL32-NK
6944513,GOI LOAN   6.92% 2039,692GS2039-GS
6473473,,965AEL27-N4
194103553,PARTH ELEC & ENG,PARTH-SM
194316033,GOI TBILL 364D-24/09/26,364D240926-TB
194522625,SDL TN 7.16% 2035,716TN35-SG
6270209,SDL AP 7.33% 2043,733AP43A-SG
194592001,FABTECH TECHNOLOGIES,FABTECH
7094529,,785ABHFL28-N0
193828353,MIRAEAMC - EQUAL50,EQUAL50
194543105,SESHAASAI TECHNOLOGIES L,STYL
6491905,SDL HR 7.13% 2036,713HR36-SG
6424833,SDL KL 7.24% 2040,724KL40-SG
193905409,MOTILALAMC - MOTOUR,MOTOUR
6309377,SDL TN 7.27% 2032,727TN32-SG
6642177,,835TCSL27-N0
6598401,SDL JK 7.16% 2049,716JK49-SG
194360833,,735TCHFL35-N0
6346753,,975SIPL27-N0
7474177,,728IREDA35-N0
6647553,SDL TS 7.16% 2047,716TS47-SG
194390785,GOI TBILL 91D-02/01/26,91D020126-TB
194136065,,950ISF27B-N0
6596353,SDL KA 7.12% 2033,712KA33-SG
6950913,SDL OR 7.15% 2038,715OR38-SG
7790337,SDL MP 7.02% 2035,702MP35-SG
6454785,SDL BR 7.21% 2033,721BR33-SG
194100737,GOI TBILL 182D-05/02/26,182D050226-TB
193982465,SDL KL 7.13% 2058,713KL58-SG
7788545,SDL AP 7.04% 2033,704AP33-SG
194522113,SDL GJ 6.84% 2031,684GJ31B-SG
194487553,,
7386625,,IHFL261224-N1
6425345,SDL AP 7.25% 2044,725AP44-SG
193975553,GOI TBILL 182D-22/01/26,182D220126-TB
194272257,,773AIFL28-N0
6590465,MIRAEAMC - METAL,METAL
6646529,SDL AP 7.17% 2043,717AP43-SG
193816577,AONEAMC - AONENIFTY,AONENIFTY
7794689,SDL PN 7.1% 2045,71PN45-SG
193574145,GOI TBILL 364D-02/04/26,364D020426-TB
6620161,LAKSHYA POWERTECH,LAKSHYA-SM
6517505,,CITI26-N0
193579265,,715NBFID35-N0
194031617,SDL TS 7.10% 2057,710TS57-SG
193986817,,749RCFL28-N0
194097409,SDL MP 7.22% 2043,722MP43-SG
194449665,ORKLA INDIA,ORKLAINDIA
6310657,SDL MH 7.30% 2038,730MH38-SG
193757185,SDL MP 6.77% 2037,677MP37-SG
194541825,SOLARWORLD ENERGY SOL,SOLARWORLD
6300161,AVANTEL,AVANTEL
6430465,BOSS PACKAGING SOLU,BOSS-SM
193498881,SDL JK 6.83% 2042,683JK42-SG
194152961,SDL BR 7.43% 2055,743BR55-SG
7126785,SAI LIFE SCIENCES,SAILIFE
6329857,UTSSAV CZ GOLD JEWELS,UTSSAV-SM
194195969,SDL OR 6.95% 2031,695OR31-SG
7436289,SDL KA 7.10% 2032,710KA32-SG
194430209,SDL MP 7.4% 2047,74MP47-SG
7663361,SDL OR 7.19% 2040,719OR40-SG
6526977,ONELIFE CAP ADVISORS,ONELIFECAP-BE
6611969,SDL GJ 6.82% 2027,682GJ27-SG
7500801,SDL RJ 7.10% 2051,710RJ51-SG
194094337,NIKITA GRENTEC RECYCL,NIKITA-ST
6295809,,860GFL27-N0
7487233,,PCHF230125-N0
193760257,,759GIL30-N0
6546433,,980SCL34B-N1
6314497,SDL PN 7.34% 2032,734PN32-SG
194031361,SDL MH 7.13% 2048,713MH48-SG
193755905,SDL AP 6.74% 2037,674AP37-SG
6361857,SUYOG TELEMATICS,SUYOG
193911041,,865SCL28-N9
194517505,,686NBFID30-N0
6402817,SDL RJ 7.22% 2034,722RJ34-SG
6545409,,1025SCL34C-N1
194356225,RELIANCE HOME FINANCE,RHFL-BZ
6537473,,925SCL26F-N1
193903617,SDL MZ 7.08% 2039,708MZ39-SG
194047233,,814KSFP36-N0
194228481,ZERODHAAMC - LTGILTCASE,LTGILTCASE
194294785,CURRENT INFRAPROJECTS,CURRENT-SM
194383617,CANARA ROBECO AMC,CRAMC
6230529,SDL AP 7.36% 2041,736AP41-SG
7703297,SDL OR 7.17% 2030,717OR30-SG
7806977,,805TFSIL28-N0
7745025,,835GFL28-N0
7155457,,709IRFC34-N0
194275073,GOI TBILL 182D-12/03/26,182D120326-TB
6629633,MINDA CORPORATION,MINDACORP
7666945,,749SIDBI29-N0
193725697,,702RECL40-N0
194383361,SDL JK 7.31% 2045,731JK45-SG
6995201,SDL TS 7.10% 2045,710TS45-SG
193638913,ATC ENERGIES SYSTEM,ATCENERGY-SM
194235905,,738TFSIL28-N0
7611137,GUJARAT THEMIS BIOSYN,GUJTHEM
7794433,SDL AS 7.1% 2045,71AS45-SG
193796609,SDL AS 6.22% 2030,622AS30-SG
194123265,,637RECL27-N0
7795457,SDL WB 7.1% 2047,71WB47-SG
6576641,DYNACONS SYS & SOLN,DSSL
194302721,,1075WCAP28-N0
6298625,,850CIFL27-N0
6598657,SDL MP 7.15% 2043,715MP43-SG
6604801,GARUDA CONSTRUCT N ENG L,GARUDA
6275073,,897MFL27-N0
6572033,DIFFUSION ENGINEERS,DIFFNKG
194415105,WEWORK INDIA MANAGEMENT L,WEWORK
194424321,,875PFL27-N0
6571009,SAHASRA ELECTRONIC SOLU L,SAHASRA-SM
194021889,,719JCL28-N0
6402561,SDL MH 7.20% 2034,720MH34-SG
6600193,,814TPL27-N0
7264769,INTERNATIO GEMM INS (I) L,IGIL
6214913,VISAMAN GLOBAL SALES,VISAMAN-ST
7701249,SDL TN 7.23% 2055,723TN55-SG
6207745,SHIVALIC POWER CONTROL L,SPCL-SM
194329089,,12AFIL27A-N0
193767937,SDL AP 6.79% 2034,679AP34A-SG
194198017,SDL KL 7.49% 2056,749KL56-SG
6596865,SDL TN 7.12% 2034,712TN34-SG
194007553,,745TIL35-N0
7448577,,830TPL28-N0
7372033,,770TPREL34-N0
194352897,SDL JH 7.44% 2041,744JH41-SG
7657729,SDL KA 7.16% 2032,716KA32-SG
194614529,LG ELECTRONICS INDIA,LGEINDIA
7601921,SDL RJ 7.14% 2037,714RJ37A-SG
194352641,SDL JK 7.47% 2040,747JK40-SG
194005505,R M DRIP & SPRINK SYS,RMDRIP
7436545,SDL UK 7.13% 2032,713UK32-SG
193893121,SDL WB 6.92% 2045,692WB45-SG
193980929,SDL MH 7.15% 2046,715MH46-SG
7705857,SDL AS 7.24% 2045,724AS45-SG
7369217,,716PFCL40-N0
6491137,SDL MH 7.12% 2036,712MH36-SG
193553409,GOI TBILL 364D-24/04/26,364D240426-TB
194222081,REGAAL RESOURCES,REGAAL
6438657,,799LTFH27-N0
7475201,,758LICH35-N0
193901313,SDL AP 6.65% 2033,665AP33-SG
7224321,SDL KA 7.11% 2035,711KA35-SG
6255361,EFFWA INFRA & RESEARCH L,EFFWA-SM
7677953,SDL TS 7.27% 2047,727TS47-SG
193839105,,930APMD30-N0
193897473,SACHEEROME,SACHEEROME-ST
6469121,BAJAJ HOUSING FINANCE,BAJAJHFL
7232001,SDL WB 7.13% 2040,713WB40-SG
7380225,SDL WB 7.16% 2039,716WB39-SG
7700737,SDL HR 7.23% 2039,723HR39-SG
194489089,PHYSICSWALLAH,PWL
193820161,SDL GJ 6.69% 2035,669GJ35-SG
193952769,SDL JK 7.14% 2040,714JK40-SG
194593537,,739TPL28-N0
194576385,SDL TN 7.09% 2032,709TN32-SG
194582529,SDL MP 7.54% 2048,754MP48-SG
194583553,SDL BR 7.4% 2035,74BR35-SG
519937,MAHINDRA & MAHINDRA,M&M
2966785,SDL GJ 7.62% 2029,762GJ29-SG
916225,UNICHEM LABORATORIES,UNICHEMLAB
693249,PRAKASH INDUSTRIES,PRAKASH
1384193,CARTRADE TECH,CARTRADE
1814273,GOI LOAN 9.23% 2043,923GS2043-GS
2921729,SDL TS 7.83% 2035,783TS35-SG
1505537,SDL AS 6.85% 2031,685AS31A-SG
2193409,THE HI-TECH GEARS,HITECHGEAR-BE
1366017,SDL TN 7.0% 2031,70TN31-SG
3059713,,739NHAI26-N8
2810881,MEGA FLEX PLASTICS,MEGAFLEX-ST
134913,UTI ASSET MNGMT CO,UTIAMC
210433,BANKA BIOLOO,BANKA
3407361,KEI INDUSTRIES,KEI
805889,SIDDHIKA COATINGS,SIDDHIKA-SM
1288705,SDL MP 7.0% 2031,70MP31-SG
1250049,SDL MH 6.95% 2032,695MH32-SG
1533697,SDL KL 7.05% 2036,705KL36-SG
257801,NIFTY FIN SERVICE,NIFTY FIN SERVICE
294665,NIFTYM150MOMNTM50,NIFTYM150MOMNTM50
252929,SDL MZ 6.48% 2030,648MZ30-SG
1507073,SDL UP 6.84% 2031,684UP31-SG
1332225,GUJARAT MINERAL DEV CORP,GMDCLTD
941057,VESUVIUS INDIA,VESUVIUS
2392065,SDL HR 7.27% 2030,727HR30-SG
2690817,UTIAMC - UTINIFTETF,UTINIFTETF
593665,NCC,NCC
3382017,JAGRAN PRAKASHAN,JAGRAN
803329,HONDA I POWER PRODUCT,HONDAPOWER
800257,SHREYANS INDUSTRIES,SHREYANIND
659969,SDL KA 7.22% 2038,722KA38A-SG
2625793,SDL AP 7.92% 2042,792AP42A-SG
2840065,SDL BR 7.55% 2032,755BR32-SG
560129,GENERIC ENG CONS PROJ,GENCON
2707457,NIP IND ETF NIFTY BEES,NIFTYBEES
3011329,JAIPRAKASH POWER VEN.,JPPOWER
3305729,SARVESHWAR FOODS,SARVESHWAR
3393793,SDL JH 7.67% 2037,767JH37-SG
680193,SDL WB 7.25% 2041,725WB41-SG
2517505,SDL TN 7.99% 2042,799TN42-SG
439041,SDL RJ 6.6% 2030,66RJ30C-SG
1962497,,IIFLHFZC27-NB
25601,AMARA RAJA ENERGY MOB,ARE&M
2098433,SDL PN 7.12% 2037,712PN37-SG
1168897,RUCHI INFRASTRUCTURE,RUCHINFRA
609281,SDL CG 7.08% 2029,708CG29-SG
1549825,CYBERTECH SYSTEMS & SOFTW,CYBERTECH-BE
3009793,,750IRFC35-NK
1813249,STAR HEALTH & AL INS CO L,STARHEALTH
1111297,GOI STRIPS C 100226,GS100226C-GS
2504193,SDL WB 7.83% 2032,783WB32-SG
420361,NSE INDEX NIFTY WAVES,NIFTY WAVES
2079745,AJANTA PHARMA,AJANTPHARM
2174721,SDL TS 7.34% 2035,734TS35-SG
80897,SDL MZ 7.05% 2035,705MZ35-SG
2501889,SDL AP 7.8% 2031,78AP31-SG
1626113,SDL AP 7.02% 2037,702AP37-SG
266761,NIFTY SMLCAP 50,NIFTY SMLCAP 50
2050561,SDL RJ 6.2% 2026,62RJ26-SG
289801,NIFTY100ESGSECLDR,NIFTY100ESGSECLDR
2526977,SDL AP 8.04% 2041,804AP41-SG
794369,SHREE CEMENT,SHREECEM
3019777,HINDPRAKASH INDUSTRY,HPIL
547841,SDL UP 6.94% 2031,694UP31-SG
3037697,SDL GJ 7.57% 2026,757GJ26-SG
3421953,STL GLOBAL,SGL
543745,MASTEK,MASTEK
1248513,SDL WB 6.79% 2028,679WB28-SG
2939649,LARSEN & TOUBRO,LT
263177,NIFTY SERV SECTOR,NIFTY SERV SECTOR
2886913,SDL MH 7.62% 2030,762MH30A-SG
651521,SDL RJ 7.15% 2031,715RJ31-SG
476161,SDL JH 6.66% 2034,666JH34-SG
2813441,RADICO KHAITAN,RADICO
275713,SDL HR 6.59% 2030,659HR30-SG
582913,MRF,MRF
2382081,STARTECK FINANCE,STARTECK
483329,SDL SK 6.64% 2031,664SK31-SG
2655745,SDL MZ 8.02% 2036,802MZ36-SG
2098177,SDL KA 7.12% 2037,712KA37-SG
2310913,VAXTEX COTFAB,VCL-BE
2800385,NIP IND ETF JUNIOR BEES,JUNIORBEES
1831937,SDL TN 6.83% 2031,683TN31A-SG
269577,NIFTY GS 11 15YR,NIFTY GS 11 15YR
2011649,SDL KA 7.33% 2037,733KA37-SG
2967297,HDFCAMC - HDFCNIFTY,HDFCNIFTY
108033,BHARAT FORGE,BHARATFORG
1549313,BOMBAY METRICS S C,BMETRICS-SM
879361,BLACK BOX,BBOX
3424257,UTTAM SUGAR MILLS,UTTAMSUGAR
289545,NIFTY LARGEMID250,NIFTY LARGEMID250
466945,SDL RJ 5.82% 2027,582RJ27-SG
864001,SURYA ROSHNI,SURYAROSNI
1234433,DODLA DAIRY,DODLA
3021825,SUKHJIT STARCH & CHEM,SUKHJITS
834305,SDL RJ 6.82% 2031,682RJ31-SG
1265153,,92SFIL28-ND
2745089,ICICIPRAMC - ICICIINFRA,INFRAIETF
2069249,CROWN LIFTERS,CROWN
1609217,GULSHAN POLYOLS,GULPOLY
207105,BOMBAY SUPER HYBRID SEEDS,BSHSL
3031041,NARAYANA HRUDAYALAYA,NH
2263553,UMA EXPORTS,UMAEXPORTS
2857473,HARSHA ENGINEERS INT,HARSHA
2649601,CSL FINANCE,CSLFINANCE
638977,ORIENT PAPER AND INDS,ORIENTPPR
252161,SDL AS 6.48% 2030,648AS30-SG
2124289,SDL BR 7.13% 2032,713BR32-SG
590337,BEST AGROLIFE,BESTAGRO
1337857,SDL AS 6.25% 2026,625AS26-SG
49153,,875NHAI29-N6
22785,SDL TR 6.7% 2030,67TR30-SG
901889,SDL MZ 6.9% 2033,69MZ33-SG
2585345,GODREJ CONSUMER PRODUCTS,GODREJCP
684289,SDL RJ 7.13% 2031,713RJ31-SG
1001473,KHAITAN (INDIA)LTD.,KHAITANLTD
2455041,POLYCAB INDIA,POLYCAB
3067649,SASKEN TECHNOLOGIES,SASKEN
1789697,SDL SK 6.87% 2031,687SK31-SG
2776321,SDL KL 7.71% 2042,771KL42-SG
2993409,SDL TN 7.82% 2032,782TN32-SG
2986753,DWARIKESH SUGAR IND,DWARKESH
854785,SUNDARAM FINANCE,SUNDARMFIN
2678273,SDL RJ 7.81% 2032,781RJ32-SG
1095425,DE NORA INDIA,DENORA
2458625,GOI LOAN 7.72% 2049,772GS2049-GS
714753,EASY TRIP PLANNERS,EASEMYTRIP
91393,NIPPON L I A M,NAM-INDIA
2098689,SDL TN 7.13% 2047,713TN47-SG
783617,SDL GJ 6.58% 2027,658GJ27-SG
1727745,SDL WB 6.98% 2037,698WB37-SG
3351297,EVEREST KANTO CYLINDERLTD,EKC
3076609,SUZLON ENERGY,SUZLON
123393,ANI INTEGRATED SERV,AISL-SM
1803009,SDL BR 6.83% 2030,683BR30-SG
2175745,SDL WB 7.46% 2040,746WB40-SG
1457921,SDL UP 6.87% 2031,687UP31-SG
848897,MODISON,MODISONLTD
2814209,INDO RAMA SYNTHETICS,INDORAMA
86529,BALMER LAWRIE & CO,BALMLAWRIE
2259713,AVRO INDIA,AVROIND
289289,NIFTY500 MULTICAP,NIFTY500 MULTICAP
1451777,SDL CG 6.53% 2028,653CG28-SG
696577,SDL GJ 7.11% 2031,711GJ31-SG
248833,SDL KA 6.4% 2030,64KA30C-SG
1041153,MARICO,MARICO
1907457,DSPAMC - DSPN50ETF,NIFTY50ADD
2663937,STEEL CITY SECURITIES,STEELCITY
1417217,SDL HR 6.87% 2031,687HR31-SG
1644033,MANGALAM ORGANICS,MANORG
1954305,SHREE RAMA MULTI TECH,SHREERAMA-BE
2024961,SDL KA 7.36% 2039,736KA39-SG
279041,SDL MZ 6.84% 2034,684MZ34-SG
2702593,NAVKAR CORPORATION,NAVKARCORP
2677249,SDL AP 7.79% 2031,779AP31-SG
80385,SDL JK 6.96% 2035,696JK35-SG
3430145,SDL WB 7.67% 2039,767WB39-SG
2440193,SDL RJ 7.7% 2032,77RJ32-SG
1711617,DRS DILIP ROADLINES,DRSDILIP-SM
964353,SDL TS 7.04% 2051,704TS51-SG
1201409,SHYAM METALICS AND ENGY L,SHYAMMETL
1225985,SDL AP 7.12% 2037,712AP37-SG
464385,KALPATARU PROJECT INT,KPIL
1409793,SERVOTECH REN POW SYS,SERVOTECH
1968641,SDL TS 7.18% 2033,718TS33-SG
2501377,SDL GJ 7.77% 2031,777GJ31-SG
2223361,SDL TN 7.3% 2032,73TN32-SG
607233,SDL PY 6.3% 2026,63PY26-SG
726273,RANA SUGARS,RANASUG
1887745,STRIDES PHARMA SCI,STAR
2989569,SDL MH 7.78% 2030,778MH30-SG
1224193,SDL WB 7.06% 2036,706WB36-SG
2224129,SDL AS 7.33% 2032,733AS32-SG
3034113,SURYALAKSHMI COT MIL,SURYALAXMI
329985,GFL,GFLLIMITED
702977,SDL GA 7.16% 2031,716GA31-SG
1157633,SIGNET INDUSTRIES,SIGIND
2173953,SDL RJ 7.22% 2032,722RJ32-SG
819713,GOI LOAN  5.63% 2026,563GS2026-GS
147969,LIKHITHA INFRASTRUC,LIKHITHA
1795329,GOI LOAN 8.83% 2041,883GS2041-GS
1929217,SDL HP 7.14% 2033,714HP33-SG
1018881,TAMILNADU NEWSPRT & PAPER,TNPL
1470209,SDL RJ 6.77% 2031,677RJ31A-SG
2142977,SDL TN 7.33% 2052,733TN52A-SG
416513,LINDE INDIA,LINDEINDIA
702209,SDL HR 7.14% 2031,714HR31-SG
1918721,SDL AS 6.33% 2026,633AS26A-SG
1786113,ICDS,ICDSLTD
3080193,FIVE-STAR BUS FIN,FIVESTAR
251137,EPL,EPL
530689,VARDHMAN TEXTILES,VTL
421377,SDL GA 6.58% 2030,658GA30A-SG
2174209,SDL SK 7.24% 2032,724SK32-SG
433921,SDL UP 6.62% 2030,662UP30-SG
424961,ITC,ITC
2441985,SAKAR HEALTHCARE,SAKAR
2701057,SDL HP 7.89% 2037,789HP37-SG
516353,SDL TS 6.61% 2051,661TS51-SG
909569,EQUIPPP SOC IMP TECH,EQUIPPP-BE
2287105,SDL MH 7.18% 2030,718MH30-SG
3390209,SDL GA 7.65% 2032,765GA32-SG
3429633,SDL PY 7.69% 2037,769PY37-SG
965633,WILLIAMSON MAGOR,WILLAMAGOR
2968833,SDL GA 7.74% 2032,774GA32-SG
1279489,SDL GA 6.99% 2031,699GA31-SG
3060225,,735NHAI31-N9
2800641,DIVI S LABORATORIES,DIVISLAB
3400961,M&M FIN. SERVICES,M&MFIN
1507841,SDL JK 6.98% 2036,698JK36-SG
2828801,SIRCA PAINT INDIA,SIRCA
2855425,2.50%GOLDBONDS2027SR-II,SGBJUL27-GB
3060737,GLOBAL HEALTH,MEDANTA
402433,RAVINDER HEIGHTS,RVHL-BE
437505,SDL KL 6.17% 2027,617KL27-SG
3072001,FAZE THREE,FAZE3Q
3057921,ANZEN IND ENE YLD PLU TRU,ANZEN-IV
119297,SDL MH 7.05% 2032,705MH32-SG
1386753,SDL TN 6.97% 2031,697TN31B-SG
1897729,MAN COAT METAL & IND,MANAKCOAT
2920193,XPRO INDIA,XPROINDIA
624385,NK INDUSTRIES,NKIND
785921,SDL KL 6.8% 2031,68KL31-SG
1299969,SDL RJ 6.27% 2026,627RJ26-SG
1930497,SDL KL 7.14% 2035,714KL35-SG
101121,BEML,BEML
404745,NIFTY ALPHA QUALITY LOW-VOLATILITY 30,NIFTY AQL 30
532225,SDL RJ 6.85% 2031,685RJ31-SG
2887937,SDL AP 7.71% 2034,771AP34-SG
1559809,SDL GJ 6.75% 2029,675GJ29-SG
1901313,MANAK ALUMINIUM CO.,MANAKALUCO-BE
2701569,SDL WB 7.89% 2037,789WB37-SG
1517057,INTELLECT DESIGN ARENA,INTELLECT
1157121,GOI STRIPS C 220240,GS220240C-GS
2782977,GRM OVERSEAS,GRMOVER
842497,STAR PAPER MILLS,STARPAPER
407809,MANGALAM GLOBAL ENT,MGEL
745729,SDL SK 6.93% 2031,693SK31-SG
1810945,MIRAEAMC - MAHKTECH,MAHKTECH
1574913,PANSARI DEVELOPERS,PANSARI-BE
2402049,EMBASSY OFFICE PARKS REIT,EMBASSY-RR
914177,SDL HR 6.84% 2032,684HR32-SG
76033,SDL GJ 6.83% 2030,683GJ30-SG
1814529,GOI LOAN 8.6% 2028,86GS2028-GS
2777857,SDL KL 7.67% 2034,767KL34-SG
383233,SHIVA MILLS,SHIVAMILLS
2049537,SDL KA 7.32% 2034,732KA34-SG
3401729,ABANS FINANCIAL SRVCS,AFSL
8193,SDL MP 6.79% 2033,679MP33-SG
1703937,PB FINTECH,POLICYBZR
122113,BIRLA CABLE,BIRLACABLE
611329,NELCO,NELCO
972801,2.5%GOLDBONDS2029SR-III,SGBJU29III-GB
876033,,745IGT26-NC
2614785,SDL AP 7.95% 2038,795AP38-SG
413705,NIFTY500 SHARIAH,NIFTY500 SHARIAH
109569,SDL JH 6.93% 2030,693JH30-SG
320001,CASTROL INDIA,CASTROLIND
2924289,DATAMATICS GLOBAL SER,DATAMATICS
770305,KOHINOOR FOODS,KOHINOOR
1441537,PAR DRUGS AND CHEM,PAR
2215425,MOTILALAMC - MOLOWVOL,MOLOWVOL
2776833,SDL AP 7.71% 2039,771AP39-SG
2470913,RELIANCE CHEMOTEX IND,RELCHEMQ
2723329,SDL RJ 7.77% 2032,777RJ32-SG
584449,MRPL,MRPL
2891265,SDL MZ 7.78% 2037,778MZ37-SG
3383809,SULA VINEYARDS,SULA
3026177,WELSPUN CORP,WELCORP
3433985,R SYS INTERNATIONAL,RSYSTEMS
547073,SDL RJ 6.95% 2031,695RJ31-SG
411145,NIFTY IPO,NIFTY IPO
158721,SDL WB 6.99% 2035,699WB35-SG
1973249,SDL PN 7.14% 2032,714PN32-SG
495617,SDL BR 5.82% 2026,582BR26-SG
42241,SDL GA 6.74% 2030,674GA30-SG
1389569,TRIGYN TECHNOLOGIES,TRIGYN
41729,APOLLO TYRES,APOLLOTYRE
1626369,MIRAEAMC - MAN50ETF,NIFTYETF
2022913,LAKSHMI FIN IND CORP,LFIC
2124545,SDL TS 7.13% 2037,713TS37-SG
445953,SDL TS 6.65% 2040,665TS40-SG
579585,SDL UP 7.08% 2031,708UP31-SG
1172225,SDL MH 6.8% 2031,68MH31-SG
416777,NSE INDEX BHARATBOND-APR33,BHARATBOND-APR33
3389185,SDL ML 7.49% 2027,749ML27-SG
1827585,GOI LOAN 7.59% 2026,759GS2026-GS
2960897,DC INFOTECH AND COMUN,DCI
300545,GUJ NAR VAL FER & CHEM L,GNFC
1929729,SDL TS 7.14% 2033,714TS33-SG
262921,NIFTY PSU BANK,NIFTY PSU BANK
1159425,ICICIPRAMC - ICICINXT50,NEXT50IETF
3398401,INDO TECH TRANSFORM,INDOTECH
1986305,ABAN OFFSHORE,ABAN-BE
245249,ESCORTS KUBOTA,ESCORTS
935937,SDL KL 6.84% 2033,684KL33-SG
1215745,CONTAINER CORP OF IND,CONCOR
189953,COSMO FIRST,COSMOFIRST
1324033,SDL WB 6.99% 2030,699WB30-SG
3419905,KFIN TECHNOLOGIES,KFINTECH
2815745,MARUTI SUZUKI INDIA,MARUTI
1288961,SDL MH 6.95% 2031,695MH31-SG
3041793,SDL BR 7.83% 2032,783BR32-SG
2002689,SDL KA 7.29% 2034,729KA34-SG
2223617,SDL KL 7.31% 2032,731KL32-SG
2236417,PNB GILTS,PNBGILTS
411401,NIFTY MIDSMALL FINANCIAL SERVICES,NIFTY MS FIN SERV
3035393,,89SCL24A-ZM
3414273,GALLANTT ISPAT,GALLANTT
1533953,SDL MZ 7.06% 2034,706MZ34-SG
2198273,SDL TN 7.43% 2047,743TN47-SG
2416129,SDL AP 7.76% 2032,776AP32-SG
420873,NSE INDEX NIFTY500 HEALTHCARE,NIFTY500 HEALTHCARE
1226497,RELIANCE INFRASTRUCTU,RELINFRA-BE
2508033,SDL AP 7.9% 2034,79AP34-SG
65281,NIRAJ CEMENT STRUC,NIRAJ
87553,COMPUTER AGE MNGT SER,CAMS
871681,TATA CHEMICALS,TATACHEM
2684161,RAM RATNA WIRES,RAMRAT
1761537,SDL HP 6.92% 2033,692HP33-SG
1762049,GOI LOAN 8.33% 2036,833GS2036-GS
69121,CHEMCON SPECIAL CHEM,CHEMCON
619777,NILKAMAL,NILKAMAL
734209,HI-TECH PIPES,HITECH
78593,SDL UP 6.9% 2030,69UP30-SG
2840321,SDL AS 7.55% 2032,755AS32-SG
1064193,KEYNOTE FIN SERV,KEYFINSERV
2545409,SDL RJ 7.85% 2037,785RJ37-SG
3074305,IND MOTOR PART & ACC,IMPAL
249857,SDL AP 6.43% 2030,643AP30-SG
536321,SDL TS 6.86% 2041,686TS41-SG
1396993,DUDIGITAL GLOBAL,DUGLOBAL-SM
272137,NIFTY100 LOWVOL30,NIFTY100 LOWVOL30
516865,SDL HR 6.62% 2041,662HR41-SG
325121,AMBUJA CEMENTS,AMBUJACEM
1291265,SDL AP 7.14% 2036,714AP36-SG
2938881,KRIDHAN INFRA,KRIDHANINF
3253761,SDL KA 7.63% 2042,763KA42-SG
262665,NIFTY PSE,NIFTY PSE
266497,FINOLEX INDUSTRIES,FINPIPE
356097,,880IREDA29-N5
3263745,DJ MEDIAPRINT & LOG,DJML
2333697,INDO AMINES,INDOAMIN
2807041,SDL TS 7.46% 2049,746TS49-SG
1123585,GOI STRIPS C 120626,GS120626C-GS
1738753,SBC EXPORTS,SBC
857089,SUNFLAG IRON AND STEEL CO,SUNFLAG
2776577,SDL AP 7.71% 2042,771AP42-SG
515585,SDL GJ 6.57% 2031,657GJ31-SG
3342593,UNIPARTS INDIA,UNIPARTS
780289,SHIPPING CORP OF INDIA LT,SCI
2138881,SDL HR 7.25% 2032,725HR32-SG
2949633,NIIT,NIITLTD
2947329,SDL BR 7.85% 2032,785BR32-SG
496129,SDL UP 6.62% 2031,662UP31-SG
768257,ICICIPRAMC - ICICI500,BSE500IETF
789249,SDL KL 6.82% 2035,682KL35-SG
1843713,GOI LOAN 6.79% 2027,679GS2027-GS
267265,AXISAMC - AXISBNKETF,AXISBNKETF
570113,SDL TS 7.0% 2051,70TS51-SG
1987841,,875SCFL27-Y9
2722049,HDFCAMC - HDFCNIF100,HDFCNIF100
2413569,SKIPPER,SKIPPER
203521,2.50%GOLDBONDS2025 SR-XII,SGBDEC2512-GB
2924545,SDL KL 7.7% 2047,77KL47-SG
587265,MAHANAGAR TELEPHONE NIGAM,MTNL
2488833,SDL MH 7.70% 2032,770MH32-SG
2836993,LIBAS CONSU PRODUCTS,LIBAS
207617,DCM SHRIRAM,DCMSHRIRAM
2000641,SDL TS 7.28% 2035,728TS35-SG
1658369,SDL BR 6.98% 2030,698BR30-SG
2657793,SDL TS 7.95% 2035,795TS35-SG
1719809,SAPPHIRE FOODS INDIA,SAPPHIRE
369153,SANOFI INDIA,SANOFI
669697,SEAMEC,SEAMECLTD
2812417,TAPI FRUIT PROCESSING,TAPIFRUIT-SM
3006209,JINDAL PHOTO,JINDALPHOT
1128705,GOI STRIPS C 151226,GS151226C-GS
2514945,SDL TS 8.02% 2035,802TS35-SG
1456897,SDL MN 6.87% 2031,687MN31-SG
1736193,INDO-NATIONAL,NIPPOBATRY
2121985,SDL GJ 7.09% 2032,709GJ32-SG
2920705,SDL TS 7.84% 2034,784TS34-SG
189441,SBIAMC - SBIETFIT,SBIETFIT
1289985,SDL WB 7.02% 2031,702WB31-SG
2097409,SDL AP 7.13% 2040,713AP40-SG
2905857,PETRONET LNG,PETRONET
1754369,MIRCELECTR-DEPO,MIRCELECTR-BE
6051585,SDL AP 7.51% 2041,751AP41-SG
5168385,SDL TS 7.73% 2040,773TS40-SG
5596929,SDL RJ 7.67% 2034,767RJ34-SG
5677313,SDL WB 7.35% 2030,735WB30-SG
5727233,SDL RJ 6.5% 2030,65RJ30-SG
5506305,SDL HP 7.67% 2034,767HP34-SG
4039681,SDL AP 7.32% 2043,732AP43-SG
4301825,SDL PN 7.41% 2034,741PN34-SG
5054977,SDL CG 7.73% 2031,773CG31-SG
5506049,COCHIN SHIPYARD,COCHINSHIP
5504257,SIS,SIS
5634817,SDL ML 7.2% 2029,72ML29-SG
3852801,GOI LOAN  7.17% 2030,717GS2030-GS
5143553,TASTY BITE EATABLES,TASTYBITE
4157185,SDL SK 7.37% 2033,737SK33-SG
6192641,SYMPHONY,SYMPHONY
5927169,,824LTF27-NQ
5770753,,875CIFC23B-NJ
5940225,SDL MN 7.5% 2036,75MN36-SG
5222401,SDL MZ 7.81% 2037,781MZ37-SG
5582849,SBI LIFE INSURANCE CO,SBILIFE
4259329,SDL HP 7.26% 2029,726HP29-SG
5666817,SDL TN 6.49% 2050,649TN50-SG
6084609,,902MFL27-NO
4558849,ICICIPRAMC - ICICIQTY30,QUAL30IETF
4928769,ARABIAN PETROLEUM,ARABIAN-SM
5960961,,888SCL26-YP
4349953,SDL TN 7.42% 2043,742TN43-SG
5746945,SDL ML 6.45% 2030,645ML30-SG
4323329,URBAN ENVIRO WASTE MGMT L,URBAN-SM
4392705,,875SFL27-ZF
4089089,SDL MH 7.26% 2030,726MH30-SG
5339649,SDL HP 6.95% 2034,695HP34-SG
5943809,SDL KL 7.42% 2064,742KL64-SG
5038337,RAJGOR CASTOR DERIVATI L,RCDL-SM
5668353,SDL WB 7.2% 2030,72WB30-SG
3832321,GOI LOAN  7.06% 2028,706GS2028-GS
4711169,SDL GA 7.47% 2033,747GA33-SG
3489537,SKY GOLD AND DIAMONDS,SKYGOLD
4899329,DIGIKORE STUDIOS,DIGIKORE-SM
5812481,SDL WB 7.48% 2044,748WB44-SG
3643649,HDFCAMC - HDFCSML250,HDFCSML250
3868161,,704IRFC26-NL
5676033,SDL UK 6.9% 2030,69UK30-SG
4759297,UNIHEALTH HOSPITALS,UNIHEALTH-ST
5932801,KRYSTAL INTEGRATED SER L,KRYSTAL
3867137,SDL TS 7.61% 2044,761TS44-SG
3920129,IRB INFRA DEV,IRB
5112833,,735PFCL35-N1
5567745,CAPACITE INFRAPROJECT,CAPACITE
6180097,,1003IIFL29-NC
3767809,,971SCL28-AN
4955137,GOYAL SALT,GOYALSALT-SM
3877377,JYOTHY LABS,JYOTHYLAB
4711681,SDL PN 7.45% 2034,745PN34A-SG
5716993,SDL AP 6.60% 2039,660AP39-SG
4347137,SDL PN 7.45% 2034,745PN34-SG
3487745,SDL KL 7.62% 2053,762KL53-SG
5787649,SDL GJ 7.42% 2031,742GJ31-SG
3558657,SDL HP 7.7% 2038,77HP38-SG
4590849,BEARDSELL,BEARDSELL
5376001,,948SCL26B-Y8
4721153,BASILIC FLY STUDIO,BASILIC-SM
4367873,PALRED TECHNOLOGIES,PALREDTEC
5873153,PURV FLEXIPACK,PURVFLEXI-ST
5357569,SDL TN 7.66% 2033,766TN33-SG
5971201,SDL RJ 7.47% 2033,747RJ33-SG
5199105,SDL AP 7.18% 2028,718AP28-SG
3768577,,948SCL26D-AI
5211905,SDL GJ 7.04% 2030,704GJ30-SG
3987969,SDL AP 7.37% 2043,737AP43-SG
5943297,SDL KL 7.42% 2049,742KL49-SG
5004801,SDL TS 7.65% 2039,765TS39-SG
5058817,ADF FOODS,ADFFOODS
4986881,SDL GJ 7.62% 2028,762GJ28-SG
3624961,SDL AS 7.71% 2033,771AS33-SG
4924161,INDIAN METALS & FERRO,IMFA
4031745,SDL TN 7.33% 2033,733TN33-SG
5969153,,1025SCFL34-Z5
4702977,NAGA DHUNSERI GROUP,NDGL
5998337,SDL AP 7.46% 2041,746AP41B-SG
6075905,,858CIF27-NU
4892673,SAAKSHI MEDTEC N PANELS L,SAAKSHI-ST
5736961,SDL KA 6.63% 2030,663KA30-SG
6029569,AUTHUM INVEST & INFRA,AIIL
5434625,,885TCAPS29-NC
4524033,SDL JK 7.44% 2053,744JK53-SG
5946369,,820ABHFL27-N6
5208833,SDL RJ 7.74% 2033,774RJ33-SG
3577857,TANLA PLATFORMS,TANLA
6146817,SDL TS 7.43% 2043,743TS43-SG
6125569,,965SCL26A-ZB
6081537,SDL TS 7.44% 2041,744TS41-SG
4320257,SPECTRUM TALENT MGMT,SPECTSTM-SM
4863745,SDL KL 7.45% 2039,745KL39-SG
4331777,20 MICRONS,20MICRONS
3575553,SDL NL 7.67% 2033,767NL33A-SG
4434945,SDL GA 7.38% 2033,738GA33-SG
5144065,,965SCL28A-NQ
5449729,SDL JK 7.68% 2044,768JK44-SG
6093825,ADITYBIRLA SL GOLD ETF-GR,BSLGOLDETF
4492033,AMRUTAJAN HEALTH,AMRUTANJAN
5587713,SDL WB 7.66% 2043,766WB43-SG
5744641,UTIAMC - UTIBANKETF,UTIBANKETF
5318145,SDL AS 7.05% 2030,705AS30-SG
4771329,,SCLZC26A-NF
4377857,SDL HP 7.5% 2038,75HP38-SG
4566785,GILLANDERS ARBUTHNOT,GILLANDERS
3553281,BANCO PRODUCTS (I),BANCOINDIA
4751617,GOI LOAN 7.16% 2050,716GS2050-GS
5142017,CP CAPITAL,CPCAP
3623425,UNO MINDA,UNOMINDA
5273601,SDL AP 6.70% 2026,670AP26-SG
5357313,SDL GJ 7.58% 2032,758GJ32-SG
6048769,,AAFS27B-N3
5595137,SDL GJ 7.63% 2033,763GJ33-SG
6140929,,909MFL29-NP
6189825,,744IREDA34-N0
5797121,ITALIAN EDIBLES,ITALIANE-SM
4618241,YUDIZ SOLUTIONS,YUDIZ-SM
5213953,SDL GJ 7.58% 2026,758GJ26-SG
5659393,SDL TN 7.50% 2029,750TN29-SG
4482049,,940SCL26C-AU
6030849,GOI LOAN  7.34% 2064,734GS2064-GS
5221889,SDL AP 7.71% 2037,771AP37A-SG
5608449,SDL KL 7.28% 2030,728KL30-SG
3768321,,990SCL26D-AH
3694593,SDL GJ 7.71% 2034,771GJ34-SG
5687041,SDL AP 7.22% 2031,722AP31-SG
4532225,QUESS CORP,QUESS
5072129,HONASA CONSUMER - MAMAEARTH,HONASA
3555073,SDL GA 7.64% 2033,764GA33-SG
5627649,SDL MP 6.89% 2035,689MP35-SG
5384705,SDL AS 7.26% 2029,726AS29-SG
5222145,SDL WB 7.72% 2037,772WB37-SG
6056449,,859CIFCL29-NT
5096449,SDL TN 7.65% 2030,765TN30-SG
5210113,SDL TS 7.74% 2035,774TS35-SG
5599233,SDL MZ 7.73% 2039,773MZ39-SG
6143233,SDL RJ 7.43% 2034,743RJ34-SG
3492865,DSPAMC - DSPBANKETF,BANKETFADD
3724289,SDL GJ 7.68% 2033,768GJ33-SG
5222913,SDL JK 7.64% 2050,764JK50-SG
3436289,ELIN ELECTRONICS,ELIN
4723457,2.50%GOLDBONDS2028SR-X,SGBMAR28X-GB
4741121,CUPID,CUPID
5724161,MADHAV COPPER,MCL
5707777,SDL GJ 6.4% 2030,64GJ30-SG
5057281,SHANTHALA FMCG PRODUCTS L,SHANTHALA-ST
5639169,SDL PY 7.35% 2030,735PY30-SG
5579265,DAVANGERE SUGAR COMPANY L,DAVANGERE
5678849,SDL TS 6.64% 2050,664TS50-SG
5820673,,890NCPL28-N1
4006145,ATAL REALTECH,ATALREAL
5609473,SDL KL 7.18% 2029,718KL29-SG
5887233,SDL JK 7.4% 2044,74JK44-SG
3861249,ADANI PORT & SEZ,ADANIPORTS
4316929,LANDMARK PR.DEV.CO.LTD,LPDC
5962497,,940SCL27-YS
3793409,SDL HP 7.75% 2032,775HP32-SG
5888001,SDL TN 7.38% 2054,738TN54-SG
3814401,SAHYADRI INDUSTRIES,SAHYADRI
5812737,SDL TS 7.44% 2046,744TS46-SG
5975809,SDL CG 7.47% 2032,747CG32-SG
4587521,HOUSING DEV & INFRA,HDIL-BZ
4449281,EXCEL REALTY N INFRA,EXCEL-BE
5164033,SDL MH 7.7% 2033,77MH33A-SG
4299777,SDL TN 7.35% 2033,735TN33-SG
6020609,GOI LOAN  7.23% 2039,723GS2039-GS
4032001,SDL AS 7.37% 2033,737AS33-SG
3859969,CUBE HIGHWAYS TRUST,CUBEINVIT-IV
4637697,ELECTCAST WARRANTS,ELECTCAST-W1
5386241,SDL GA 6.41% 2030,641GA30-SG
5625601,SDL MP 6.57% 2030,657MP30-SG
5908225,SDL CG 7.39% 2033,739CG33-SG
5775361,MEGATHERM INDUCTION,MEGATHERM-SM
6156289,SDL PY 7.38% 2038,738PY38A-SG
4443393,GKW,GKWLIMITED
4469249,SDL MN 7.41% 2035,741MN35-SG
5726977,SDL TS 6.69% 2050,669TS50-SG
5164289,SDL MH 7.7% 2034,77MH34A-SG
5792257,SDL JK 7.48% 2054,748JK54-SG
5968129,,957SCL31-Z3
5977345,SDL CG 7.49% 2035,749CG35-SG
5822209,SDL CG 7.47% 2030,747CG30A-SG
5826049,SDL MP 7.45% 2044,745MP44A-SG
4980737,2.50%GOLDBONDS2031SR-II,SGBSEP31II-GB
5241857,SDL AS 7.74% 2033,774AS33A-SG
5258753,S J LOGISTICS (INDIA),SJLOGISTIC-SM
3859713,BARAK VALLEY CEM.,BVCL-BE
5351681,AZAD ENGINEERING,AZAD
5976321,SDL CG 7.47% 2033,747CG33A-SG
4302081,SDL MP 7.4% 2034,74MP34-SG
4751873,MITTAL LIFE STYLE,MITTAL
6037249,SDL PN 7.55% 2032,755PN32-SG
4473601,ICICI PRUDENTIAL NV20 ETF,NV20IETF
3450113,,87SCL25-ZV
4268801,BAJAJ FINSERV,BAJAJFINSV
5887745,SDL TS 7.38% 2049,738TS49-SG
5317889,SDL AP 7.15% 2032,715AP32-SG
4490753,,1015SCL28B-AZ
4363009,,IIFLZC28B-Y1
5648129,SDL RJ 6.78% 2030,678RJ30-SG
5668609,SDL WB 7.05% 2030,705WB30-SG
3692289,LA OPALA RG,LAOPALA
4622337,SRIVARI SPICES N FOODS L,SSFL-SM
4303617,LOTUS EYE HOSP & INST L,LOTUSEYE-BE
5031169,KALYANI COMMERCIALS,KALYANI-BE
4998657,SDL AS 7.67% 2033,767AS33B-SG
5686785,SDL GJ 7.17% 2030,717GJ30-SG
3476993,ATLANTAA,ATLANTAA-BE
5812225,SDL AP 7.48% 2044,748AP44-SG
4844289,SDL MP 7.48% 2029,748MP29-SG
5135617,,990SCL26A-NL
5535489,APEX FROZEN FOODS,APEX
5874433,EXICOM TELE SYSTEMS,EXICOM
5374721,,990SCL26B-Y7
5765121,FONEBOX RETAIL,FONEBOX-ST
3674625,SDL RJ 7.58% 2048,758RJ48-SG
3861761,UTIAMC - SILVERETF,SILVERETF
4850177,SDL HR 7.47% 2033,747HR33A-SG
5273089,SDL GA 6.58% 2030,658GA30-SG
6126081,,888SCL26A-ZC
3801601,SDL MP 7.77% 2047,777MP47-SG
4862209,SDL PN 7.49% 2035,749PN35-SG
6002945,,818CANF29-N1
5131777,,872MMFSL26-N1
5456641,,765PGCIL34-N0
3697921,NAHAR POLY FILMS,NAHARPOLY
3780097,V2 RETAIL,V2RETAIL
4383233,SDL RJ 7.44% 2033,744RJ33-SG
4528897,VIJI FINANCE,VIJIFIN
6146305,SDL RJ 7.45% 2040,745RJ40-SG
3695873,SDL JK 7.77% 2035,777JK35-SG
3555841,HIND RECTIFIER,HIRECT
4437249,MAHINDRA HOLIDAYS,MHRIL
3552001,JINDAL DRILLING IND.,JINDRILL
4184577,SDL RJ 7.36% 2033,736RJ33-SG
5050369,SDL RJ 7.74% 2039,774RJ39-SG
5747713,SDL KA 6.4% 2030,64KA30A-SG
3451393,,916SCL25-ZW
3771393,DLF,DLF
6163713,ZERODHA NIFTY MIDCAP 150 ETF,MID150CASE
3894785,DHUNSERI VENTURES,DVL
6032641,RAMDEVBABA SOLVENT,RBS-SM
5830913,THAAI CASTING,TCL-SM
5419265,SDL GJ 7.24% 2029,724GJ29-SG
5190913,SDL GJ 7.45% 2030,745GJ30-SG
3592193,,980SFIL28-NL
5205761,SDL TN 7.68% 2030,768TN30B-SG
5311745,,878MFL27-NH
4745473,SDL TS 7.46% 2042,746TS42-SG
4614657,SBFC FINANCE,SBFC
4634113,KOTAK NIFTY ETF,NIFTY1
5145345,SDL GJ 7.10% 2030,710GJ30-SG
4551937,KKV AGRO POWERS,KKVAPOW-SM
3931137,DSPAMC - DSPGOLDETF,GOLDETFADD
3759873,GOA CARBON,GOACARBON
5628417,BFAM - BANKBETF,BANKBETF
5673729,SDL CG 7.18% 2030,718CG30-SG
4962817,ONECLICK LOGISTICS IND L,OLIL-SM
3560449,SDL TN 7.62% 2043,762TN43-SG
6099457,HOAC FOODS INDIA,HOACFOODS-ST
5611265,SDL MN 6.42% 2030,642MN30-SG
5618177,SDL MH 6.97% 2028,697MH28-SG
5989377,ASPIRE & INNOVATIVE ADV L,ASPIRE-SM
5500161,,764REC34-NK
4421377,SENCO GOLD,SENCO
5476865,,757NHB31-N8
6095873,SDL JK 7.38% 2051,738JK51-SG
3495937,ALICON CASTALLOY,ALICON
6130689,,948SCL27A-ZJ
5225729,IOL CHEM AND PHARMA,IOLCP
5773057,,85CIFC27-NL
5821185,MOTILAL OS NASDAQ100 ETF,MON100
4636161,VASCON ENGINEERS,VASCONEQ
5304833,SDL AS 7.54% 2028,754AS28A-SG
3633665,NINTEC SYSTEMS,NINSYS
4665857,MAN INFRA,MANINFRA
5681153,SDL TS 6.72% 2026,672TS26-SG
5687553,SDL GA 7.29% 2029,729GA29-SG
4966657,BOROSIL,BOROLTD
5794561,,8ABHF34-N4
5191681,SDL AP 6.58% 2030,658AP30-SG
5839105,,840NIRMA26-N6
5866753,,865CIFC865-NP
6168577,SDL GJ 7.23% 2027,723GJ27-SG
3517441,SHYAM TELECOM,SHYAMTEL
3774721,ADVANI HOT.& RES.(I),ADVANIHOTR
6191361,SDL WB 7.34% 2039,734WB39-SG
3556097,SDL UP 7.69% 2035,769UP35-SG
6038017,SDL KL 7.49% 2039,749KL39-SG
5265921,SDL AR 7.64% 2030,764AR30-SG
3720193,SDL HR 7.7% 2032,77HR32-SG
4630017,DILIP BUILDCON,DBL
4464129,OIL INDIA,OIL
4470529,SDL TN 7.36% 2043,736TN43-SG
4729345,GOI LOAN 7.19% 2060,719GS2060-GS
5938433,SDL AS 7.47% 2034,747AS34-SG
6036737,SDL TN 7.5% 2031,75TN31-SG
5384193,SDL GJ 7.26% 2029,726GJ29-SG
5792001,SDL TS 7.46% 2045,746TS45-SG
5403393,HRH NEXT SERVICES,HRHNEXT-SM
5636097,SDL MZ 7.50% 2030,750MZ30-SG
6146561,SDL AP 7.43% 2042,743AP42B-SG
3706881,GOKUL AGRO RESOURCES,GOKULAGRO
3544321,,875IIFL26A-NQ
5113345,,736PFCL28-N2
5811201,SDL AP 7.45% 2038,745AP38-SG
5904897,GOPAL SNACKS,GOPAL
5727489,SDL HR 6.68% 2039,668HR39-SG
4785665,SDL HR 7.45% 2033,745HR33-SG
5934337,MOTILALAMC - MOSMALL250,MOSMALL250
4246529,INFOLLION RESEARCH SER L,INFOLLION-SM
5244929,ACCENT MICROCELL,ACCENTMIC-SM
4274177,GHCL TEXTILES,GHCLTEXTIL
5936897,SDL UP 7.46% 2032,746UP32-SG
4848385,SDL RJ 7.46% 2033,746RJ33-SG
5541121,SDL AP 7.24% 2035,724AP35-SG
4154113,SDL MH 7.32% 2032,732MH32-SG
3518721,GTL INFRA.LTD,GTLINFRA
3763713,NAGREEKA EXPORTS,NAGREEKEXP
3478273,ACTION CONST EQUIP,ACE
5242625,SDL GJ 7.66% 2030,766GJ30A-SG
4800257,KODY TECHNOLAB,KODYTECH-SM
3533057,SUTLEJ TEXT & INDUS,SUTLEJTEX
3795969,W.S.INDUSTRIES (I),WSI
4729089,,CAGL26-NA
5415937,SDL RJ 7.74% 2034,774RJ34-SG
5678081,SDL JK 6.62% 2030,662JK30-SG
5425921,GTPL HATHWAY,GTPL
5681921,SDL TS 6.60% 2030,660TS30-SG
5885185,SDL WB 7.4% 2044,74WB44-SG
6068737,,897MOFSL29-N4
3561729,SDL MH 7.57% 2031,757MH31-SG
4713473,SDL TS 7.4% 2043,74TS43-SG
5139201,,948SCL26A-NN
5290753,SDL GA 7.14% 2030,714GA30-SG
5818881,VIBHOR STEEL TUBES,VSTL
7499521,SDL PN 7.12% 2045,712PN45-SG
193774081,,769TFSIL28-N0
193958401,SDL MZ 7.14% 2040,714MZ40-SG
6437121,,8049ABHF27-N0
6932225,K.P. ENERGY,KPEL
194398977,MOTILALAMC - MONIFTY100,MONIFTY100
6299137,V.L.INFRAPROJECTS,VLINFRA-SM
194361345,,ASIFDG-SF
193755649,SDL AP 6.71% 2035,671AP35-SG
193910529,,9SCL28-N7
194126337,JAINIK POWER CABLES,JAINIK-ST
7375873,GOI TBILL 364D-26/12/25,364D261225-TB
193906689,GOI TBILL 364D-11/06/26,364D110626-TB
194193409,SHRI HARE-KRI SPO IRON L,SHKSIL-SM
194008321,INDIQUBE SPACES,INDIQUBE
7557633,SDL TS 7.18% 2049,718TS49-SG
7374081,SANATHAN TEXTILES,SANATHAN
7785985,SDL TN 6.87% 2028,687TN28-SG
194189057,RAYMOND REALTY,RAYMONDREL
7660033,SDL CG 7.19% 2035,719CG35-SG
194505473,,765TMCV27-N0
193955585,,778AIFL30-N0
194567681,GOI TBILL 364D-26/11/26,364D261126-TB
194496513,MODIS NAVNIRMAN,MODIS
194291201,,745SICCL30-N0
6540289,,990SCL27B-N1
7597569,INDEF MANUFACTURING,BAJAJINDEF
194456577,SDL TN 7.46% 2055,746TN55-SG
6314241,SDL TN 7.24% 2030,724TN30-SG
7687681,BALAJI PHOSPHATES,BALAJIPHOS-SM
7791617,SDL TN 7.01% 2035,701TN35-SG
6315521,,85GHFL27-N0
6522113,SDL MP 7.14% 2043,714MP43-SG
193893377,SDL TN 6.94% 2055,694TN55-SG
6519809,PAISALO DIGITAL,PAISALO
6436609,,745ABL34-N0
7016449,,935TSI29-N0
194083585,,920SCL28-N0
193934849,SDL TN 7.09% 2055,709TN55-SG
194376449,,12AFIL28-N0
7405825,,1003SCL31P-N1
6251265,SDL GA 7.33% 2039,733GA39-SG
7788289,SDL RJ 7.04% 2032,704RJ32-SG
193898241,,72959ABC28-N0
7660289,SDL AP 7.2% 2036,72AP36-SG
194046465,GOI LOAN  6.28% 2032,628GS2032-GS
6313985,SDL TN 7.29% 2054,729TN54-SG
7664897,SDL TN 7.2% 2055,72TN55-SG
7723777,SDL MP 7.18% 2049,718MP49-SG
6952449,,770SHFL29-N0
193757441,SDL MP 6.77% 2039,677MP39-SG
6370561,SDL MH 7.21% 2035,721MH35-SG
7491585,,735EXIM28-N0
7363585,CONCORD ENVIRO SYSTEMS L,CEWATER
7401985,,94SCL27U-N1
7683585,SDL HR 7.26% 2039,726HR39-SG
194505985,,692AVTL28-N0
6929153,VARDHMAN SPC STEEL,VSSL
6525697,SDL MH 7.07% 2032,707MH32-SG
7698689,SDL WB 7.29% 2038,729WB38-SG
8184065,,888NHB29-N5
7456001,SDL MH 7.24% 2044,724MH44-SG
6354177,,975SCL28A-N0
6371073,SDL HR 7.25% 2039,725HR39-SG
6385665,MOTILALAMC - MODEFENCE,MODEFENCE
193538049,,735SFL27-N0
6493185,SDL MH 7.13% 2043,713MH43-SG
7378177,SDL MN 7.15% 2039,715MN39A-SG
6328321,,798SHFL26-N0
193829377,,747ABCL29-N0
193927425,,ABHF26625-N0
194196225,SDL GJ 7.02% 2033,702GJ33A-SG
6399489,SDL WB 7.23% 2049,723WB49-SG
194229249,,975ISF35-N0
194312705,SDL TS 7.44% 2047,744TS47-SG
7417601,,93HFL34-N0
6307329,APRAMEYA ENGINEERING,APRAMEYA-SM
194231553,SDL HP 7.27% 2035,727HP35-SG
7416065,MIRAEAMC - CONSUMER,CONSUMER
193571073,,850TIAP28A-N0
193640705,SHRI AHIMSA NATURALS,SHRIAHIMSA-ST
193909249,,9SCL27-N2
6575361,SDL AP 7.11% 2038,711AP38-SG
7439361,SDL HR 7.15% 2038,715HR38-SG
193939201,,706RECL35-N0
7404545,,965SCL29S-N1
193989633,HDB FINANCIAL SERVICES L,HDBFS
194427393,,730SIHF28-N0
193535489,,1039UCL26-NE
194001153,MOTILALAMC - MOMIDMTM,MOMIDMTM
193504001,,995ISF28A-N0
193767169,,686NHPCL36-N0
7492097,,720NHPC35-N0
194230785,SDL OR 7.25% 2033,725OR33-SG
6953729,,815GIL29-N0
194360321,SDL HR 7.29% 2037,729HR37-SG
7707649,ADITYA BIRLA FASHION & RT,ABFRL
194389249,SDL BR 7.57% 2049,757BR49-SG
6371841,SDL MH 7.22% 2045,722MH45-SG
193982977,GOI TBILL 182D-01/01/26,182D010126-TB
7470081,,725IRFC35B-N0
193909761,,865SCL27-N4
6268929,SDL HR 7.32% 2036,732HR36A-SG
6358017,SDL TS 7.28% 2045,728TS45-SG
6582273,SAJ HOTELS,SAJHOTELS-SM
193731841,,664PFCL30-N0
194098689,SDL MH 7.17% 2054,717MH54-SG
6347777,,828PHFL26-N0
7705345,SDL TN 7.0% 2029,70TN29-SG
6412033,,774LIC28-N0
6456833,SANOFI CONS HEALTHC IND L,SANOFICONR
194557953,AONEAMC - AONETMMQ50,AONETMMQ50
7800833,AONEAMC - AONELIQUID,AONELIQUID
194457089,GOI TBILL 91D-06/02/26,91D060226-TB
194500865,ADVENT HOTELS INTERNATI L,ADVENTHTL
193913089,,925SCL30A-NH
194158081,ANB METAL CAST,AMCL-ST
7663617,SDL UP 7.2% 2040,72UP40-SG
194258945,,880MOF27-N0
194325505,URBAN COMPANY,URBANCO
193520897,,8ABCL26-N2
6403585,,722HPCL29-N0
193982209,SDL TS 7.14% 2055,714TS55-SG
7391745,,IHF261224A-N1
6500609,,840CIFL27-N0
193762305,,686NHPCL40-N0
193796865,SDL GJ 6.51% 2033,651GJ33-SG
194518017,,712TACA28-N0
7487745,,900CIFL35-N0
7615745,,12VCCL27B-N0
6195713,SDL AP 7.31% 2044,731AP44-SG
7787521,SDL MP 7.05% 2032,705MP32-SG
7429633,,810NIT40-N0
6962433,SDL GA 7.17% 2035,717GA35-SG
6576897,SDL AS 7.13% 2039,713AS39-SG
193820929,SDL AS 6.77% 2040,677AS40-SG
193802497,SDL RJ 6.86% 2052,686RJ52-SG
7450369,,773TCHFL30-N0
6310913,SDL AP 7.33% 2039,733AP39-SG
6426369,SDL TS 7.25% 2046,725TS46-SG
7080961,SDL GJ 7.04% 2033,704GJ33-SG
6995969,SDL AP 7.10% 2034,710AP34-SG
6231553,SDL KL 7.42% 2046,742KL46-SG
194498305,TAURIAN MPS,TAURIAN-ST
7581185,,704REC28-N4
6241281,RELIABLE DATA SERVICE,RELIABLE-BE
193737729,SDL RJ 6.68% 2035,668RJ35-SG
194235393,,1025PATE28-N0
194613505,,76825AIFL2-N0
193947137,,950SCL30-N0
7442689,,8104PHFL28-N0
7483649,,720LT35-N0
7662337,SDL AS 7.2% 2040,72AS40-SG
193801985,SDL RJ 6.89% 2048,689RJ48-SG
6402049,SDL RJ 7.23% 2033,723RJ33-SG
7442433,SDL TN 7.11% 2055,711TN55-SG
194447105,,930PFL29-N0
8057601,ORBIT EXPORTS,ORBTEXP
7451649,SDL TN 7.22% 2035,722TN35-SG
6507777,DECCAN TRANSCON LEASING L,DECCANTRAN-SM
6635009,OCCL,OCCLLTD
6913025,SDL HR 7.13% 2036,713HR36A-SG
194135041,,116VCCL26A-N0
7314945,IDENTICAL BRAINS STUDIO L,IDENTICAL-SM
7982337,MULTI COMMODITY EXCHANGE,MCX
193758977,SIEMENS ENERGY INDIA,ENRIN
194229761,SDL TS 7.54% 2055,754TS55-SG
7486209,,PCHFL23125-N0
194367745,,950ISF35-N0
7555585,SDL BR 7.19% 2045,719BR45-SG
194555905,SDL RJ 6.56% 2029,656RJ29-SG
6338817,SDL JK 7.29% 2045,729JK45-SG
7666433,,737NBRD35-N0
6530561,,MOTHERSON-D1
7597057,,773TIL35-N0
7575041,JUBILANT AGRI N CON PRO L,JUBLCPL
193797121,SDL TN 6.60% 2035,660TN35-SG
7668993,CALSOFT RS.2.50 PPD UP,CALSOFTPP-E1
193960449,FISCHER MEDICAL VENTURE L,FISCHER
194286593,SDL ML 7.69% 2035,769ML35-SG
7702017,SDL MP 7.22% 2042,722MP42-SG
6288129,SDL TN 7.34% 2034,734TN34-SG
6433793,,747SIDBI29-N0
7059201,ODIGMA CONSULTANCY SOL L,ODIGMA-BE
7723521,SDL WB 7.18% 2047,718WB47-SG
194392833,,885TIAPL29-N0
7495937,SDL GJ 7.03% 2035,703GJ35-SG
194370817,GURUNANAK AGRICULTUR IN L,GURUNANAK-SM
193802241,SDL KL 6.89% 2051,689KL51-SG
7388929,PROZONE REALTY,PROZONER-BE
194523649,SDL RJ 7.29% 2037,729RJ37-SG
193560065,SDL HR 6.75% 2038,675HR38-SG
194456065,SDL AP 7.3% 2037,73AP37-SG
6234369,NEPHRO CARE INDIA,NEPHROCARE-ST
6445569,TD POWER SYSTEMS,TDPOWERSYS
7570177,SDL JK 7.18% 2045,718JK45-SG
6390017,ORIENT TECHNOLOGIES,ORIENTTECH
194447873,,905PFL26-N1
7681793,SDL CG 7.27% 2035,727CG35-SG
6442753,NAMO EWASTE MANAGEMENT L,NAMOEWASTE-SM
193991937,ICICIPRAMC - TOP15IETF,TOP15IETF
194363393,SDL HR 7.38% 2041,738HR41-SG
193775105,,686NHPCL31-N0
6394113,,975SIPL27A-N0
193537025,,1050UCL28-NH
193962241,HAPPY SQUARE OUTSOURC S L,WHITEFORCE-SM
193964289,GOI TBILL 364D-09/07/26,364D090726-TB
194024449,GOI TBILL 182D-15/01/26,182D150126-TB
6339841,SDL AS 7.3% 2039,73AS39-SG
6583297,PARAMOUNT DYE TEC,PARAMOUNT-SM
7372545,,805NIT32-N0
7590401,,719HUDCO28-N7
6308353,TROM INDUSTRIES,TROM-SM
6547201,,1025SCL34B-N1
7657217,GOI TBILL 364D-27/02/26,364D270226-TB
194432769,GOI TBILL 182D-30/04/26,182D300426-TB
194493441,SDL MH 7.25% 2037,725MH37-SG
193782529,PATIL AUTOMATION,PATILAUTOM-SM
194561281,,745ISL28-N0
6196481,SDL JK 7.28% 2054,728JK54-SG
194445057,PIRAMAL FINANCE,PIRAMALFIN
194528257,FUJIYAMA POWER SYSTEMS L,UTLSOLAR
7553537,SDL KL 7.16% 2038,716KL38-SG
6491393,SDL TS 7.13% 2036,713TS36-SG
6265345,,739IRFC34-N0
6992129,SDL HP 7.11% 2034,711HP34-SG
7019777,,935TSIIC28-N0
7555841,SDL PN 7.19% 2045,719PN45-SG
193948673,,945SCL29-N0
6401281,SDL KL 7.22% 2059,722KL59-SG
8059905,,867NHPC33-N3
193879297,,699SFL27-N0
194324225,DEV ACCELERATOR,DEVX
194375425,,915SCL30-N0
193987329,SUNTECH INFRA SOLUTIONS L,SUNTECH-SM
7552513,SDL BR 7.12% 2037,712BR37A-SG
193973249,,950ISF27C-N0
194385665,SDL UK 7.3% 2032,73UK32-SG
7685633,SDL WB 7.3% 2039,73WB39-SG
194565889,SDL BR 7.46% 2045,746BR45-SG
6454529,SDL TS 7.22% 2038,722TS38-SG
193780225,,915PFL27-N0
6277121,TUNWAL E-MOTORS,TUNWAL-SM
193893633,SDL KL 6.94% 2062,694KL62-SG
194550017,ECOLINE EXIM,ECOLINE-SM
6647041,SDL RJ 7.16% 2045,716RJ45-SG
193761793,,803ABCL35-N0
6597377,SDL SK 7.14% 2034,714SK34-SG
6203137,OM INFRA,OMINFRAL
6481921,INNOMET ADVANCED MATERI L,INNOMET-SM
7685889,ATUL AUTO,ATULAUTO
194321665,,752ABCL30-N0
194450945,,710PFCL40-N0
6998785,GANESH INFRAWORLD,GANESHIN-SM
7678209,SDL MP 7.27% 2048,727MP48-SG
193926401,GANGA BATH FITTINGS,GANGABATH-SM
194303233,SUPREME ENGINEERING,SUPREMEENG-BZ
6654977,EDELAMC - EMULTIMQ,EMULTIMQ
7997441,,82HUDCO27-N2
6470913,,925AEL26-N1
194578689,JAYKAY ENTERPRISES,JAYKAY
6531329,PHOENIX OVERSEAS,PHOGLOBAL-SM
193827841,,AAFS29-N0
193979905,SDL RJ 6.80% 2035,680RJ35-SG
194313217,SDL TS 7.44% 2049,744TS49-SG
194403585,SDL MH 7.26% 2041,726MH41-SG
194274305,SDL MP 7.5% 2044,75MP44-SG
193560321,SDL MH 6.77% 2038,677MH38-SG
193575425,,1025IIFL30-Y3
194031873,SDL TS 7.09% 2060,709TS60A-SG
193804545,RAJOO ENGINEERS,RAJOOENG
6995713,SDL GJ 7.04% 2032,704GJ32-SG
7725313,SDL TN 7.02% 2029,702TN29A-SG
6992641,SDL KL 7.12% 2035,712KL35-SG
194030849,SDL AP 6.87% 2033,687AP33-SG
194311937,SDL MP 7.43% 2043,743MP43-SG
194357761,TRUALT BIOENERGY,TRUALT
7793921,SDL KL 7.1% 2043,71KL43-SG
7946241,,830NHAI27-N2
193744897,SDL RJ 6.85% 2047,685RJ47-SG
194026241,,681RL36-N0
6252289,SDL RJ 7.36% 2046,736RJ46-SG
194265345,SDL GA 7.48% 2036,748GA36-SG
193523457,,801ABCL28-NC
194403073,SDL AP 7.27% 2036,727AP36-SG
193572353,,IIFL21425-NY
193757697,SDL KL 6.78% 2040,678KL40-SG
7789825,SDL AP 7.09% 2035,709AP35-SG
193992705,SDL PN 7.19% 2040,719PN40-SG
6232833,,864CIFL29A-N0
6528001,SDL MP 7.12% 2036,712MP36-SG
7402241,,99SCL27V-N1
7424769,SDL KA 7.15% 2043,715KA43-SG
7793409,SDL KL 7.08% 2040,708KL40-SG
194528769,,771SIHF35-N0
194502145,,701NGEL35-N0
7092225,GOI TBILL 364D-11/12/25,364D111225-TB
194123777,,670RECL29-N0
7673089,,80980TCL27-N0
6522369,SDL WB 7.15% 2044,715WB44-SG
7495425,SDL GJ 7.05% 2034,705GJ34-SG
6339585,SDL KL 7.27% 2059,727KL59-SG
6391297,SURAJ,SURAJLTD
6490881,SDL AS 7.13% 2034,713AS34-SG
7425793,SDL UP 7.15% 2037,715UP37-SG
194291713,EDELAMC - ELM250,ELM250
194390273,SDL TN 7.44% 2055,744TN55A-SG
194553345,,888ECL28-N1
7556353,SDL GJ 6.75% 2027,675GJ27-SG
194572545,,115VCCL28-N0
193732353,,661PFCL28-N0
194567169,GOI TBILL 91D-26/02/26,91D260226-TB
193976065,,115VCCL27-N0
193743361,SDL GA 6.65% 2035,665GA35-SG
194556161,SDL GJ 6.98% 2032,698GJ32-SG
7405057,,925SCL29S-N1
6535169,S D RETAIL,SDREAMS-SM
6439169,,8887HFL26-N0
194286337,SDL AS 7.63% 2035,763AS35-SG
7418113,,87HFL27-N0
194096385,SDL AS 7.02% 2035,702AS35-SG
194317569,SIDDHI COTSPIN,SIDDHICOTS-SM
194534657,,725MPL29-N0
6578689,SDL AP 7.14% 2048,714AP48-SG
194156289,MEDISTEP HEALTHCARE,MEDISTEP-SM
194025217,SDL BR 6.90% 2035,690BR35-SG
7662849,SDL MN 7.2% 2040,72MN40-SG
5229825,NACL INDUSTRIES,NACLIND-BE
194585089,GOI TBILL 91D-05/03/26,91D050326-TB
194584833,SDL WB 7.5% 2037,75WB37-SG
194580993,SDL UP 7.51% 2040,751UP40A-SG
194581761,SDL AP 7.59% 2044,759AP44-SG
194584577,SDL UP 7.36% 2036,736UP36-SG
194581249,SDL AP 7.53% 2040,753AP40-SG
